ConditionID,DecisionGrade,ZeroWindow,TimeSinceShutoff_s,CResidual,RResidual,LResidual
PRI_CENTER_F0p0,DECISION_GRADE_PHYSICAL_SCREEN,1,525.0,0.09890686351966337,0.22493583794114635,0.9381977669881411
PRI_CENTER_F0p0,DECISION_GRADE_PHYSICAL_SCREEN,2,825.0,0.03672819909785544,0.03575192548445949,0.792945547504731
PRI_CENTER_F0p0,DECISION_GRADE_PHYSICAL_SCREEN,3,1125.0,0.013646731842694264,0.005042437099369699,0.652889895147046
PRI_CENTER_F0p0,DECISION_GRADE_PHYSICAL_SCREEN,4,1425.0,0.005070742806927736,0.000698251078151002,0.5350544959725899
PRI_CENTER_F0p0,DECISION_GRADE_PHYSICAL_SCREEN,5,1725.0,0.0018841606669061117,9.644422367942604e-05,0.4381365553047565
PRI_CENTER_F0p0,DECISION_GRADE_PHYSICAL_SCREEN,6,2025.0,0.0007001088589313068,1.3316587274302643e-05,0.3587256737370925
PRI_CENTER_F0p0,DECISION_GRADE_PHYSICAL_SCREEN,7,2325.0,0.0002601439407965639,1.8386170595184538e-06,0.29370109430283214
PRI_CENTER_F0p0,DECISION_GRADE_PHYSICAL_SCREEN,8,2625.0,9.666339682487682e-05,2.5385627029979883e-07,0.2404623049610732
PRI_CENTER_F0p0,DECISION_GRADE_PHYSICAL_SCREEN,9,2925.0,3.5917861092631764e-05,3.504972197615551e-08,0.1968739098243317
PRI_CENTER_F0p0,DECISION_GRADE_PHYSICAL_SCREEN,10,3225.0,1.3346239387360272e-05,4.839287137871417e-09,0.16118672801356299
PRI_CENTER_F0p0,DECISION_GRADE_PHYSICAL_SCREEN,11,3525.0,4.959151384188627e-06,6.681566137571728e-10,0.13196853170447476
PRI_CENTER_F0p0,DECISION_GRADE_PHYSICAL_SCREEN,12,3825.0,1.8427050492985827e-06,9.225187020109735e-11,0.10804669541289598
PRI_CENTER_F0p0,DECISION_GRADE_PHYSICAL_SCREEN,13,4125.0,6.847062429626261e-07,1.2737145149717829e-11,0.08846115231236194
PRI_CENTER_F0p0,DECISION_GRADE_PHYSICAL_SCREEN,14,4425.0,2.54420879823372e-07,1.7586079050329141e-12,0.07242586585214045
PRI_CENTER_F0p0,DECISION_GRADE_PHYSICAL_SCREEN,15,4725.0,9.453686861416618e-08,2.4280965156728285e-13,0.05929728369162655
PRI_CENTER_F0p0,DECISION_GRADE_PHYSICAL_SCREEN,16,5025.0,3.5127696813798615e-08,3.352454337077699e-14,0.0485485097323488
PRI_CENTER_F0p0,DECISION_GRADE_PHYSICAL_SCREEN,17,5325.0,1.305263334450845e-08,4.6287081326299145e-15,0.03974815793398308
PRI_CENTER_F0p0,DECISION_GRADE_PHYSICAL_SCREEN,18,5625.0,4.850054307162161e-09,6.39082201511635e-16,0.03254303927875299
PRI_CENTER_F0p0,DECISION_GRADE_PHYSICAL_SCREEN,19,5925.0,1.8021671307159656e-09,8.8237592136544e-17,0.026643987056139844
PRI_CENTER_F0p0,DECISION_GRADE_PHYSICAL_SCREEN,20,6225.0,6.696432990977308e-10,1.2182897048165725e-17,0.021814251587473386
PRI_CENTER_F0p0,DECISION_GRADE_PHYSICAL_SCREEN,21,6525.0,2.4882384124347256e-10,1.682083303662473e-18,0.017859998630044647
PRI_CENTER_F0p0,DECISION_GRADE_PHYSICAL_SCREEN,22,6825.0,9.245713957659385e-11,2.322439588292621e-19,0.014622530128348177
PRI_CENTER_F0p0,DECISION_GRADE_PHYSICAL_SCREEN,23,7125.0,3.4354917985226856e-11,3.206574626557539e-20,0.011971915103887983
PRI_CENTER_F0p0,DECISION_GRADE_PHYSICAL_SCREEN,24,7425.0,1.2765486745283295e-11,4.427293130690275e-21,0.009801775068791872
PRI_CENTER_F0p0,DECISION_GRADE_PHYSICAL_SCREEN,25,7725.0,4.743357324097997e-12,6.112729859060356e-22,0.008025014683572957
PRI_CENTER_F0p0,DECISION_GRADE_PHYSICAL_SCREEN,26,8025.0,1.7625210188234965e-12,8.43979949527917e-23,0.0065703263153435495
PRI_CENTER_F0p0,DECISION_GRADE_PHYSICAL_SCREEN,27,8325.0,6.549117280312362e-13,1.1652766793700164e-23,0.0053793282121293055
PRI_CENTER_F0p0,DECISION_GRADE_PHYSICAL_SCREEN,28,8625.0,2.4334993281337623e-13,1.60888862376786e-24,0.00440422143817026
PRI_CENTER_F0p0,DECISION_GRADE_PHYSICAL_SCREEN,29,8925.0,9.04231627952314e-14,2.221380252017993e-25,0.0036058715347953296
PRI_CENTER_F0p0,DECISION_GRADE_PHYSICAL_SCREEN,30,9225.0,3.359913962319982e-14,3.067042771736026e-26,0.0029522379171854386
PRI_CENTER_F0p0,DECISION_GRADE_PHYSICAL_SCREEN,31,9525.0,1.248465712237629e-14,4.234642562934794e-27,0.0024170879732026062
PRI_CENTER_F0p0,DECISION_GRADE_PHYSICAL_SCREEN,32,9825.0,4.6390075820773974e-15,5.846738689486512e-28,0.001978944256555903
PRI_CENTER_F0p0,DECISION_GRADE_PHYSICAL_SCREEN,33,10125.0,1.7237470869745e-15,8.072547516134914e-29,0.0016202225214693613
PRI_CENTER_F0p0,DECISION_GRADE_PHYSICAL_SCREEN,34,10425.0,6.40504238736875e-16,1.1145704787086896e-29,0.0013265260051565167
PRI_CENTER_F0p0,DECISION_GRADE_PHYSICAL_SCREEN,35,10725.0,2.379964456154424e-16,1.5388789592454543e-30,0.001086067635179322
PRI_CENTER_F0p0,DECISION_GRADE_PHYSICAL_SCREEN,36,11025.0,8.843393173679434e-17,2.124718442168004e-31,0.0008891969728439889
PRI_CENTER_F0p0,DECISION_GRADE_PHYSICAL_SCREEN,37,11325.0,3.2859987728827504e-17,2.933582548105245e-32,0.0007280129072112207
PRI_CENTER_F0p0,DECISION_GRADE_PHYSICAL_SCREEN,38,11625.0,1.221000550730275e-17,4.050375050054367e-33,0.0005960465557715338
PRI_CENTER_F0p0,DECISION_GRADE_PHYSICAL_SCREEN,39,11925.0,4.5369534437645106e-18,5.592321939840757e-34,0.0004880016454763652
PRI_CENTER_F0p0,DECISION_GRADE_PHYSICAL_SCREEN,40,12225.0,1.6858261479550915e-18,7.721276250307859e-35,0.0003995419547041588
PRI_CENTER_F0p25,DECISION_GRADE_PHYSICAL_SCREEN,1,525.0,0.08910813332010264,0.19678408768012862,0.9329448395595309
PRI_CENTER_F0p25,DECISION_GRADE_PHYSICAL_SCREEN,2,825.0,0.03007165620533216,0.02600058042139311,0.7842951708638897
PRI_CENTER_F0p25,DECISION_GRADE_PHYSICAL_SCREEN,3,1125.0,0.010146261210709303,0.0030117951724402616,0.6446318799207282
PRI_CENTER_F0p25,DECISION_GRADE_PHYSICAL_SCREEN,4,1425.0,0.003424774913102968,0.00034348902730500905,0.528067633103059
PRI_CENTER_F0p25,DECISION_GRADE_PHYSICAL_SCREEN,5,1725.0,0.0011563768370509296,3.91421852630194e-05,0.4323780202585246
PRI_CENTER_F0p25,DECISION_GRADE_PHYSICAL_SCREEN,6,2025.0,0.0003905291517805764,4.462567132689511e-06,0.35400492306729103
PRI_CENTER_F0p25,DECISION_GRADE_PHYSICAL_SCREEN,7,2325.0,0.00013190406413763833,5.089688680296747e-07,0.28983514392663545
PRI_CENTER_F0p25,DECISION_GRADE_PHYSICAL_SCREEN,8,2625.0,4.455456035288803e-05,5.8062958548951255e-08,0.23729699433013463
PRI_CENTER_F0p25,DECISION_GRADE_PHYSICAL_SCREEN,9,2925.0,1.5050226158356257e-05,6.624699851868353e-09,0.19428235242460054
PRI_CENTER_F0p25,DECISION_GRADE_PHYSICAL_SCREEN,10,3225.0,5.083977504004423e-06,7.559052986706548e-10,0.1590649373440383
PRI_CENTER_F0p25,DECISION_GRADE_PHYSICAL_SCREEN,11,3525.0,1.7173935385612973e-06,8.625579103473149e-11,0.13023135601229566
PRI_CENTER_F0p25,DECISION_GRADE_PHYSICAL_SCREEN,12,3825.0,5.801486206168471e-07,9.842841432858453e-12,0.10662441619056494
PRI_CENTER_F0p25,DECISION_GRADE_PHYSICAL_SCREEN,13,4125.0,1.959794654770168e-07,1.1232056053127718e-12,0.087296688565143
PRI_CENTER_F0p25,DECISION_GRADE_PHYSICAL_SCREEN,14,4425.0,6.62038047842583e-08,1.281745528284107e-13,0.07147248357026102
PRI_CENTER_F0p25,DECISION_GRADE_PHYSICAL_SCREEN,15,4725.0,2.2364333008241155e-08,1.4626706167041918e-14,0.05851672029784575
PRI_CENTER_F0p25,DECISION_GRADE_PHYSICAL_SCREEN,16,5025.0,7.554910243507116e-09,1.6691390537068027e-15,0.04790943847711028
PRI_CENTER_F0p25,DECISION_GRADE_PHYSICAL_SCREEN,17,5325.0,2.552130478541756e-09,1.9047554479131346e-16,0.0392249306439079
PRI_CENTER_F0p25,DECISION_GRADE_PHYSICAL_SCREEN,18,5625.0,8.621375441968518e-10,2.1736336446918605e-17,0.03211465700551834
PRI_CENTER_F0p25,DECISION_GRADE_PHYSICAL_SCREEN,19,5925.0,2.912395227439137e-10,2.480468475027504e-18,0.02629325731496912
PRI_CENTER_F0p25,DECISION_GRADE_PHYSICAL_SCREEN,20,6225.0,9.838391554534377e-11,2.8306176793684963e-19,0.02152709836235782
PRI_CENTER_F0p25,DECISION_GRADE_PHYSICAL_SCREEN,21,6525.0,3.323517102166681e-11,3.230195426816379e-20,0.017624897453797007
PRI_CENTER_F0p25,DECISION_GRADE_PHYSICAL_SCREEN,22,6825.0,1.122720741689002e-11,3.6861790560039465e-21,0.014430045565269427
PRI_CENTER_F0p25,DECISION_GRADE_PHYSICAL_SCREEN,23,7125.0,3.792674588710002e-12,4.206530897355134e-22,0.011814322072602631
PRI_CENTER_F0p25,DECISION_GRADE_PHYSICAL_SCREEN,24,7425.0,1.2812073516751008e-12,4.8003373028766314e-23,0.009672748807607776
PRI_CENTER_F0p25,DECISION_GRADE_PHYSICAL_SCREEN,25,7725.0,4.328059920682372e-13,5.47796732551439e-24,0.007919376915586866
PRI_CENTER_F0p25,DECISION_GRADE_PHYSICAL_SCREEN,26,8025.0,1.462066444855826e-13,6.251253961016323e-25,0.0064838374260068185
PRI_CENTER_F0p25,DECISION_GRADE_PHYSICAL_SCREEN,27,8325.0,4.939022021917255e-14,7.133702352055273e-26,0.005308517098629766
PRI_CENTER_F0p25,DECISION_GRADE_PHYSICAL_SCREEN,28,8625.0,1.6684564084163406e-14,8.140738932437432e-27,0.004346246201888492
PRI_CENTER_F0p25,DECISION_GRADE_PHYSICAL_SCREEN,29,8925.0,5.636235240097065e-15,9.29008953980284e-28,0.0035584054259344836
PRI_CENTER_F0p25,DECISION_GRADE_PHYSICAL_SCREEN,30,9225.0,1.9039945705699587e-15,1.0602944438162424e-28,0.0029133759541321164
PRI_CENTER_F0p25,DECISION_GRADE_PHYSICAL_SCREEN,31,9525.0,6.432171629277165e-16,1.2110786619364249e-29,0.0023852704889258717
PRI_CENTER_F0p25,DECISION_GRADE_PHYSICAL_SCREEN,32,9825.0,2.173425740753766e-16,1.3902689618245164e-30,0.001952894303692965
PRI_CENTER_F0p25,DECISION_GRADE_PHYSICAL_SCREEN,33,10125.0,7.353464129024592e-17,1.6458411023658061e-31,0.0015988946239442422
PRI_CENTER_F0p25,DECISION_GRADE_PHYSICAL_SCREEN,34,10425.0,2.505575319495092e-17,2.31714945385508e-32,0.001309064199554206
PRI_CENTER_F0p25,DECISION_GRADE_PHYSICAL_SCREEN,35,10725.0,8.836387794958209e-18,5.9510205734783176e-33,0.0010717711179284407
PRI_CENTER_F0p25,DECISION_GRADE_PHYSICAL_SCREEN,36,11025.0,3.537369266372063e-18,2.7682533662041915e-33,0.0008774919745087827
PRI_CENTER_F0p25,DECISION_GRADE_PHYSICAL_SCREEN,37,11325.0,1.814518276224148e-18,1.4635397300156778e-33,0.0007184296651094609
PRI_CENTER_F0p25,DECISION_GRADE_PHYSICAL_SCREEN,38,11625.0,1.1236341081436189e-18,7.4481022482125725e-34,0.0005882004607486312
PRI_CENTER_F0p25,DECISION_GRADE_PHYSICAL_SCREEN,39,11925.0,7.273246678935142e-19,3.5163767463810353e-34,0.0004815778061895428
PRI_CENTER_F0p25,DECISION_GRADE_PHYSICAL_SCREEN,40,12225.0,4.601488902617808e-19,1.5216643922584323e-34,0.00039428255992720674
PRI_CENTER_F0p5,DECISION_GRADE_PHYSICAL_SCREEN,1,525.0,0.07759652899806571,0.16629929110839142,0.9261539872189984
PRI_CENTER_F0p5,DECISION_GRADE_PHYSICAL_SCREEN,2,825.0,0.022850438782327072,0.016869536288683838,0.7738822713008158
PRI_CENTER_F0p5,DECISION_GRADE_PHYSICAL_SCREEN,3,1125.0,0.0067150383625432545,0.0014773630580349807,0.6350517241465942
PRI_CENTER_F0p5,DECISION_GRADE_PHYSICAL_SCREEN,4,1425.0,0.001974449863147561,0.00012775558912624067,0.520062475118001
PRI_CENTER_F0p5,DECISION_GRADE_PHYSICAL_SCREEN,5,1725.0,0.0005808533514016205,1.1050636982911476e-05,0.4258020518097516
PRI_CENTER_F0p5,DECISION_GRADE_PHYSICAL_SCREEN,6,2025.0,0.000170929650208,9.566174282818483e-07,0.3486181788810901
PRI_CENTER_F0p5,DECISION_GRADE_PHYSICAL_SCREEN,7,2325.0,5.030828868328507e-05,8.285131721425355e-08,0.28542450591406254
PRI_CENTER_F0p5,DECISION_GRADE_PHYSICAL_SCREEN,8,2625.0,1.4808122129587337e-05,7.17753888592798e-09,0.2336858277585506
PRI_CENTER_F0p5,DECISION_GRADE_PHYSICAL_SCREEN,9,2925.0,4.358940666674913e-06,6.218899106125396e-10,0.19132577435823517
PRI_CENTER_F0p5,DECISION_GRADE_PHYSICAL_SCREEN,10,3225.0,1.283136679280105e-06,5.3887072700580585e-11,0.15664429537673355
PRI_CENTER_F0p5,DECISION_GRADE_PHYSICAL_SCREEN,11,3525.0,3.77720684268032e-07,4.669532604511232e-12,0.1282495019237718
PRI_CENTER_F0p5,DECISION_GRADE_PHYSICAL_SCREEN,12,3825.0,1.1119154606836876e-07,4.046427306867803e-13,0.10500181129232515
PRI_CENTER_F0p5,DECISION_GRADE_PHYSICAL_SCREEN,13,4125.0,3.2732145961349296e-08,3.50651185173355e-14,0.08596821203395211
PRI_CENTER_F0p5,DECISION_GRADE_PHYSICAL_SCREEN,14,4425.0,9.635590715202287e-09,3.038668773047066e-15,0.07038481897932825
PRI_CENTER_F0p5,DECISION_GRADE_PHYSICAL_SCREEN,15,4725.0,2.8365184049047186e-09,2.633377923597907e-16,0.0576262158482031
PRI_CENTER_F0p5,DECISION_GRADE_PHYSICAL_SCREEN,16,5025.0,8.350775268951686e-10,2.2833805447520494e-17,0.04718035509843368
PRI_CENTER_F0p5,DECISION_GRADE_PHYSICAL_SCREEN,17,5325.0,2.4606920575996876e-10,1.992298047512645e-18,0.038628007660227205
PRI_CENTER_F0p5,DECISION_GRADE_PHYSICAL_SCREEN,18,5625.0,7.325406036915212e-11,1.8696294780831425e-19,0.031625937801559874
PRI_CENTER_F0p5,DECISION_GRADE_PHYSICAL_SCREEN,19,5925.0,2.417477804338774e-11,3.4465446472844475e-20,0.025893127873068533
PRI_CENTER_F0p5,DECISION_GRADE_PHYSICAL_SCREEN,20,6225.0,1.305699175256901e-11,2.3841525472430153e-20,0.02119950008306188
PRI_CENTER_F0p5,DECISION_GRADE_PHYSICAL_SCREEN,21,6525.0,1.1624130369461404e-11,2.3067140364946743e-20,0.01735668266788199
PRI_CENTER_F0p5,DECISION_GRADE_PHYSICAL_SCREEN,22,6825.0,1.151657973105532e-11,2.3002447761558348e-20,0.014210449871610575
PRI_CENTER_F0p5,DECISION_GRADE_PHYSICAL_SCREEN,23,7125.0,1.1535827784039448e-11,2.299778305251899e-20,0.011634532324960638
PRI_CENTER_F0p5,DECISION_GRADE_PHYSICAL_SCREEN,24,7425.0,1.1570180685166924e-11,2.2998435356224684e-20,0.009525549412125148
PRI_CENTER_F0p5,DECISION_GRADE_PHYSICAL_SCREEN,25,7725.0,1.161058670663443e-11,2.2999695663643995e-20,0.007798860243670748
PRI_CENTER_F0p5,DECISION_GRADE_PHYSICAL_SCREEN,26,8025.0,1.1656985417773336e-11,2.3001176573126605e-20,0.006385166720450485
PRI_CENTER_F0p5,DECISION_GRADE_PHYSICAL_SCREEN,27,8325.0,1.17102005107666e-11,2.3002867554941823e-20,0.005227732357562894
PRI_CENTER_F0p5,DECISION_GRADE_PHYSICAL_SCREEN,28,8625.0,1.1771193803126393e-11,2.30047914818165e-20,0.004280105249997601
PRI_CENTER_F0p5,DECISION_GRADE_PHYSICAL_SCREEN,29,8925.0,1.1841005373021193e-11,2.3006974698897012e-20,0.0035042537945835597
PRI_CENTER_F0p5,DECISION_GRADE_PHYSICAL_SCREEN,30,9225.0,1.1920578271163817e-11,2.3009438822253787e-20,0.0028690403482157733
PRI_CENTER_F0p5,DECISION_GRADE_PHYSICAL_SCREEN,31,9525.0,1.2009601378408274e-11,2.3012165153801705e-20,0.0023489715649058153
PRI_CENTER_F0p5,DECISION_GRADE_PHYSICAL_SCREEN,32,9825.0,1.2111304711583276e-11,2.3015240958076087e-20,0.0019231752582941038
PRI_CENTER_F0p5,DECISION_GRADE_PHYSICAL_SCREEN,33,10125.0,1.2225645490037154e-11,2.3018650129197326e-20,0.0015745627275240738
PRI_CENTER_F0p5,DECISION_GRADE_PHYSICAL_SCREEN,34,10425.0,1.2354236173066124e-11,2.30224233480715e-20,0.0012891429276743061
PRI_CENTER_F0p5,DECISION_GRADE_PHYSICAL_SCREEN,35,10725.0,1.2497757036077358e-11,2.3026559869748367e-20,0.0010554609599999392
PRI_CENTER_F0p5,DECISION_GRADE_PHYSICAL_SCREEN,36,11025.0,1.2655862226801653e-11,2.3031027051601757e-20,0.0008641383466251599
PRI_CENTER_F0p5,DECISION_GRADE_PHYSICAL_SCREEN,37,11325.0,1.2829380672351921e-11,2.3035823625261194e-20,0.0007074966392959792
PRI_CENTER_F0p5,DECISION_GRADE_PHYSICAL_SCREEN,38,11625.0,1.3020811262977572e-11,2.304098925190117e-20,0.0005792492562909383
PRI_CENTER_F0p5,DECISION_GRADE_PHYSICAL_SCREEN,39,11925.0,1.3230047910472621e-11,2.3046487486171537e-20,0.00047424917982294087
PRI_CENTER_F0p5,DECISION_GRADE_PHYSICAL_SCREEN,40,12225.0,1.3454958670623544e-11,2.3052229515994354e-20,0.00038828238814305166
PRI_CENTER_F0p666667,DECISION_GRADE_PHYSICAL_SCREEN,1,525.0,0.06877591130459922,0.1414668526146787,0.9203230988208077
PRI_CENTER_F0p666667,DECISION_GRADE_PHYSICAL_SCREEN,2,825.0,0.01804897078506151,0.011315248615222,0.7656988223222968
PRI_CENTER_F0p666667,DECISION_GRADE_PHYSICAL_SCREEN,3,1125.0,0.004721775071724109,0.0007825408169618364,0.6277952772820764
PRI_CENTER_F0p666667,DECISION_GRADE_PHYSICAL_SCREEN,4,1425.0,0.0012360576456555811,5.361730473727055e-05,0.5140567913851453
PRI_CENTER_F0p666667,DECISION_GRADE_PHYSICAL_SCREEN,5,1725.0,0.00032376408575324146,3.6768157937354466e-06,0.42087832015712656
PRI_CENTER_F0p666667,DECISION_GRADE_PHYSICAL_SCREEN,6,2025.0,8.483255844909143e-05,2.523580110090912e-07,0.34458631333458983
PRI_CENTER_F0p666667,DECISION_GRADE_PHYSICAL_SCREEN,7,2325.0,2.2231639797735127e-05,1.7328907612814516e-08,0.2821234316812907
PRI_CENTER_F0p666667,DECISION_GRADE_PHYSICAL_SCREEN,8,2625.0,5.8266503273434434e-06,1.190236875489166e-09,0.2309831310456767
PRI_CENTER_F0p666667,DECISION_GRADE_PHYSICAL_SCREEN,9,2925.0,1.527165582718659e-06,8.176190810549788e-11,0.18911299292305364
PRI_CENTER_F0p666667,DECISION_GRADE_PHYSICAL_SCREEN,10,3225.0,4.002795290097285e-07,5.616903609117785e-12,0.1548326231191608
PRI_CENTER_F0p666667,DECISION_GRADE_PHYSICAL_SCREEN,11,3525.0,1.049169810490439e-07,3.8588457979753515e-13,0.12676623012783217
PRI_CENTER_F0p666667,DECISION_GRADE_PHYSICAL_SCREEN,12,3825.0,2.7499881669611696e-08,2.651096162283703e-14,0.10378741105744718
PRI_CENTER_F0p666667,DECISION_GRADE_PHYSICAL_SCREEN,13,4125.0,7.20804040755662e-09,1.8213785637619947e-15,0.08497394521507987
PRI_CENTER_F0p666667,DECISION_GRADE_PHYSICAL_SCREEN,14,4425.0,1.889314672039222e-09,1.251465452789114e-16,0.06957078215794966
PRI_CENTER_F0p666667,DECISION_GRADE_PHYSICAL_SCREEN,15,4725.0,4.952129100737185e-10,8.610969823833152e-18,0.05695973886840236
PRI_CENTER_F0p666667,DECISION_GRADE_PHYSICAL_SCREEN,16,5025.0,1.2980215210216589e-10,6.048408688236601e-19,0.04663468989885225
PRI_CENTER_F0p666667,DECISION_GRADE_PHYSICAL_SCREEN,17,5325.0,3.4026427653410603e-11,5.725073424199412e-20,0.03818125478044546
PRI_CENTER_F0p666667,DECISION_GRADE_PHYSICAL_SCREEN,18,5625.0,8.929593579040723e-12,2.4086068088099967e-20,0.03126016747985641
PRI_CENTER_F0p666667,DECISION_GRADE_PHYSICAL_SCREEN,19,5925.0,2.391268405480242e-12,2.2388050273252098e-20,0.025593660462126678
PRI_CENTER_F0p666667,DECISION_GRADE_PHYSICAL_SCREEN,20,6225.0,7.721111604903662e-13,2.225255796710482e-20,0.02095431690417914
PRI_CENTER_F0p666667,DECISION_GRADE_PHYSICAL_SCREEN,21,6525.0,5.250826051011112e-13,2.2264847062653513e-20,0.017155943659193273
PRI_CENTER_F0p666667,DECISION_GRADE_PHYSICAL_SCREEN,22,6825.0,4.796649230178589e-13,2.2249620382587765e-20,0.014046098671854737
PRI_CENTER_F0p666667,DECISION_GRADE_PHYSICAL_SCREEN,23,7125.0,4.984126429856705e-13,2.2263199112132728e-20,0.011499972943415267
PRI_CENTER_F0p666667,DECISION_GRADE_PHYSICAL_SCREEN,24,7425.0,4.847621843181104e-13,2.2254200773677973e-20,0.009415381508338799
PRI_CENTER_F0p666667,DECISION_GRADE_PHYSICAL_SCREEN,25,7725.0,4.990580128683936e-13,2.2263705369319502e-20,0.007708662392838729
PRI_CENTER_F0p666667,DECISION_GRADE_PHYSICAL_SCREEN,26,8025.0,4.915097810889713e-13,2.225869324880287e-20,0.0063113189661127694
PRI_CENTER_F0p666667,DECISION_GRADE_PHYSICAL_SCREEN,27,8325.0,5.020205961576874e-13,2.2265670816677512e-20,0.005167270930040858
PRI_CENTER_F0p666667,DECISION_GRADE_PHYSICAL_SCREEN,28,8625.0,4.987916747832878e-13,2.2263529040031215e-20,0.004230603619910315
PRI_CENTER_F0p666667,DECISION_GRADE_PHYSICAL_SCREEN,29,8925.0,5.07193614401393e-13,2.2269098659427815e-20,0.0034637252877036083
PRI_CENTER_F0p666667,DECISION_GRADE_PHYSICAL_SCREEN,30,9225.0,5.072290621561873e-13,2.2269122146548883e-20,0.0028358584132568243
PRI_CENTER_F0p666667,DECISION_GRADE_PHYSICAL_SCREEN,31,9525.0,5.147241094380719e-13,2.2274080127820944e-20,0.0023218044943082903
PRI_CENTER_F0p666667,DECISION_GRADE_PHYSICAL_SCREEN,32,9825.0,5.173731820942159e-13,2.2275829902436928e-20,0.0019009327421248695
PRI_CENTER_F0p666667,DECISION_GRADE_PHYSICAL_SCREEN,33,10125.0,5.248164014383803e-13,2.2280738375450977e-20,0.0015563520955104875
PRI_CENTER_F0p666667,DECISION_GRADE_PHYSICAL_SCREEN,34,10425.0,5.296797631469033e-13,2.2283938823526577e-20,0.0012742333232117966
PRI_CENTER_F0p666667,DECISION_GRADE_PHYSICAL_SCREEN,35,10725.0,5.376654568141265e-13,2.2289181484629655e-20,0.0010432540083102537
PRI_CENTER_F0p666667,DECISION_GRADE_PHYSICAL_SCREEN,36,11025.0,5.444915117089006e-13,2.2293649648166148e-20,0.000854144139875477
PRI_CENTER_F0p666667,DECISION_GRADE_PHYSICAL_SCREEN,37,11325.0,5.534148227834048e-13,2.2299470869419875e-20,0.0006993140748773944
PRI_CENTER_F0p666667,DECISION_GRADE_PHYSICAL_SCREEN,38,11625.0,5.620374399499174e-13,2.2305073196632042e-20,0.0005725499391624015
PRI_CENTER_F0p666667,DECISION_GRADE_PHYSICAL_SCREEN,39,11925.0,5.721473649422839e-13,2.2311611422784012e-20,0.0004687642428651856
PRI_CENTER_F0p666667,DECISION_GRADE_PHYSICAL_SCREEN,40,12225.0,5.824560334035638e-13,2.2318242199134286e-20,0.0003837917015770433
PRI_CENTER_F1p0,DECISION_GRADE_PHYSICAL_SCREEN,1,525.0,0.04978920839991122,0.08744942008969095,0.9057546987270282
PRI_CENTER_F1p0,DECISION_GRADE_PHYSICAL_SCREEN,2,825.0,0.009774520609359467,0.003765637056045505,0.7477900516917212
PRI_CENTER_F1p0,DECISION_GRADE_PHYSICAL_SCREEN,3,1125.0,0.0019105718486379837,0.00014444094984699752,0.6124884213286371
PRI_CENTER_F1p0,DECISION_GRADE_PHYSICAL_SCREEN,4,1425.0,0.00037376045845400035,5.524935038012981e-06,0.5014726659908145
PRI_CENTER_F1p0,DECISION_GRADE_PHYSICAL_SCREEN,5,1725.0,7.316715087437734e-05,2.11648250552424e-07,0.41057145945267803
PRI_CENTER_F1p0,DECISION_GRADE_PHYSICAL_SCREEN,6,2025.0,1.4328094292855776e-05,8.114870941340059e-09,0.3361474942172265
PRI_CENTER_F1p0,DECISION_GRADE_PHYSICAL_SCREEN,7,2325.0,2.8062870466875366e-06,3.1126637897945786e-10,0.27521429162370586
PRI_CENTER_F1p0,DECISION_GRADE_PHYSICAL_SCREEN,8,2625.0,5.496792980023538e-07,1.1941792598693121e-11,0.22532640425953734
PRI_CENTER_F1p0,DECISION_GRADE_PHYSICAL_SCREEN,9,2925.0,1.0767192338128054e-07,4.58192111371364e-13,0.18448165664855656
PRI_CENTER_F1p0,DECISION_GRADE_PHYSICAL_SCREEN,10,3225.0,2.1091282408513284e-08,1.7581064946268488e-14,0.15104080567697675
PRI_CENTER_F1p0,DECISION_GRADE_PHYSICAL_SCREEN,11,3525.0,4.13149414679811e-09,6.746223738077555e-16,0.12366175257741747
PRI_CENTER_F1p0,DECISION_GRADE_PHYSICAL_SCREEN,12,3825.0,8.093138722450265e-10,2.5900921774138454e-17,0.10124567981465211
PRI_CENTER_F1p0,DECISION_GRADE_PHYSICAL_SCREEN,13,4125.0,1.5857455661178608e-10,1.0085998878844448e-18,0.08289295168054236
PRI_CENTER_F1p0,DECISION_GRADE_PHYSICAL_SCREEN,14,4425.0,3.126758498846233e-11,5.672808371169347e-20,0.06786700875426721
PRI_CENTER_F1p0,DECISION_GRADE_PHYSICAL_SCREEN,15,4725.0,7.093201301939515e-12,2.5667836412469378e-20,0.05556480718653117
PRI_CENTER_F1p0,DECISION_GRADE_PHYSICAL_SCREEN,16,5025.0,3.841407989348856e-12,2.4782724133935505e-20,0.04549261643246153
PRI_CENTER_F1p0,DECISION_GRADE_PHYSICAL_SCREEN,17,5325.0,3.66431023784289e-12,2.4750370763214716e-20,0.037246204111237
PRI_CENTER_F1p0,DECISION_GRADE_PHYSICAL_SCREEN,18,5625.0,3.662247082284966e-12,2.474979212940778e-20,0.03049461274128929
PRI_CENTER_F1p0,DECISION_GRADE_PHYSICAL_SCREEN,19,5925.0,3.6679064594999765e-12,2.475054276905415e-20,0.024966877254497203
PRI_CENTER_F1p0,DECISION_GRADE_PHYSICAL_SCREEN,20,6225.0,3.674429948971358e-12,2.4751419420145726e-20,0.02044115021658003
PRI_CENTER_F1p0,DECISION_GRADE_PHYSICAL_SCREEN,21,6525.0,3.681914749349857e-12,2.475242379633106e-20,0.01673579831060072
PRI_CENTER_F1p0,DECISION_GRADE_PHYSICAL_SCREEN,22,6825.0,3.690386893315832e-12,2.4753558166796924e-20,0.013702112754199343
PRI_CENTER_F1p0,DECISION_GRADE_PHYSICAL_SCREEN,23,7125.0,3.700106792568916e-12,2.47548563296017e-20,0.011218341094005048
PRI_CENTER_F1p0,DECISION_GRADE_PHYSICAL_SCREEN,24,7425.0,3.7112422938983935e-12,2.4756339276212124e-20,0.009184800852180425
PRI_CENTER_F1p0,DECISION_GRADE_PHYSICAL_SCREEN,25,7725.0,3.724058046876721e-12,2.475804036267654e-20,0.007519878918576968
PRI_CENTER_F1p0,DECISION_GRADE_PHYSICAL_SCREEN,26,8025.0,3.738802348098111e-12,2.4759990037648678e-20,0.006156756130061761
PRI_CENTER_F1p0,DECISION_GRADE_PHYSICAL_SCREEN,27,8325.0,3.755771397180942e-12,2.4762224177622218e-20,0.005040725582882946
PRI_CENTER_F1p0,DECISION_GRADE_PHYSICAL_SCREEN,28,8625.0,3.775265547666643e-12,2.4764778047092254e-20,0.004126997052533204
PRI_CENTER_F1p0,DECISION_GRADE_PHYSICAL_SCREEN,29,8925.0,3.797606826052874e-12,2.4767688346278175e-20,0.003378899404771121
PRI_CENTER_F1p0,DECISION_GRADE_PHYSICAL_SCREEN,30,9225.0,3.823117357662747e-12,2.4770990103253175e-20,0.002766408854243004
PRI_CENTER_F1p0,DECISION_GRADE_PHYSICAL_SCREEN,31,9525.0,3.852118995855884e-12,2.4774716364636335e-20,0.002264944004555972
PRI_CENTER_F1p0,DECISION_GRADE_PHYSICAL_SCREEN,32,9825.0,3.884919383728886e-12,2.477889616096342e-20,0.0018543793105295708
PRI_CENTER_F1p0,DECISION_GRADE_PHYSICAL_SCREEN,33,10125.0,3.921806586603006e-12,2.478355365278323e-20,0.0015182373694021041
PRI_CENTER_F1p0,DECISION_GRADE_PHYSICAL_SCREEN,34,10425.0,3.963040673623303e-12,2.4788706974248792e-20,0.0012430276248017187
PRI_CENTER_F1p0,DECISION_GRADE_PHYSICAL_SCREEN,35,10725.0,4.0088505937148165e-12,2.4794367852095257e-20,0.0010177049433506464
PRI_CENTER_F1p0,DECISION_GRADE_PHYSICAL_SCREEN,36,11025.0,4.059432349053332e-12,2.4800541483484878e-20,0.0008332263346806594
PRI_CENTER_F1p0,DECISION_GRADE_PHYSICAL_SCREEN,37,11325.0,4.1149512209979365e-12,2.4807226996629413e-20,0.0006821880244775029
PRI_CENTER_F1p0,DECISION_GRADE_PHYSICAL_SCREEN,38,11625.0,4.175546100930428e-12,2.481441821661652e-20,0.0005585283150212467
PRI_CENTER_F1p0,DECISION_GRADE_PHYSICAL_SCREEN,39,11925.0,4.241336230818259e-12,2.4822104733631016e-20,0.0004572843079727216
PRI_CENTER_F1p0,DECISION_GRADE_PHYSICAL_SCREEN,40,12225.0,4.312428961713327e-12,2.483027306553667e-20,0.00037439272583725014
PRI_CENTER_F2p0,DECISION_GRADE_PHYSICAL_SCREEN,1,525.0,0.009157576908211394,0.0045057810154078,0.8550727620386954
PRI_CENTER_F2p0,DECISION_GRADE_PHYSICAL_SCREEN,2,825.0,0.0004724114786382331,1.2165037774404428e-05,0.7002580289348279
PRI_CENTER_F2p0,DECISION_GRADE_PHYSICAL_SCREEN,3,1125.0,2.429155290201335e-05,3.2151743236435294e-08,0.5733232728472354
PRI_CENTER_F2p0,DECISION_GRADE_PHYSICAL_SCREEN,4,1425.0,1.2506738227684156e-06,8.519677674573969e-11,0.46939739622989024
PRI_CENTER_F2p0,DECISION_GRADE_PHYSICAL_SCREEN,5,1725.0,6.443397801440822e-08,2.260989663922026e-13,0.384310083711574
PRI_CENTER_F2p0,DECISION_GRADE_PHYSICAL_SCREEN,6,2025.0,3.320459890396409e-09,6.004152026881058e-16,0.31464648425264835
PRI_CENTER_F2p0,DECISION_GRADE_PHYSICAL_SCREEN,7,2325.0,1.7112955481020394e-10,1.6122619492700582e-18,0.2576107530055101
PRI_CENTER_F2p0,DECISION_GRADE_PHYSICAL_SCREEN,8,2625.0,8.864547227541606e-12,3.2391004568637345e-20,0.2109138458091873
PRI_CENTER_F2p0,DECISION_GRADE_PHYSICAL_SCREEN,9,2925.0,5.348697298369653e-13,2.923719419423141e-20,0.17268165181392928
PRI_CENTER_F2p0,DECISION_GRADE_PHYSICAL_SCREEN,10,3225.0,8.119679860935619e-13,2.9621661950327815e-20,0.14137977883236819
PRI_CENTER_F2p0,DECISION_GRADE_PHYSICAL_SCREEN,11,3525.0,3.259355526913319e-13,2.9261734541576964e-20,0.11575197279342331
PRI_CENTER_F2p0,DECISION_GRADE_PHYSICAL_SCREEN,12,3825.0,7.424260535489708e-13,2.957461262326258e-20,0.09476969985542152
PRI_CENTER_F2p0,DECISION_GRADE_PHYSICAL_SCREEN,13,4125.0,3.693237805429891e-13,2.929362126361584e-20,0.07759086773160359
PRI_CENTER_F2p0,DECISION_GRADE_PHYSICAL_SCREEN,14,4425.0,6.841503441225253e-13,2.9533133764942884e-20,0.06352602956986989
PRI_CENTER_F2p0,DECISION_GRADE_PHYSICAL_SCREEN,15,4725.0,4.0948425972802187e-13,2.93238973582393e-20,0.05201071402979371
PRI_CENTER_F2p0,DECISION_GRADE_PHYSICAL_SCREEN,16,5025.0,6.375928070811513e-13,2.9498878659552425e-20,0.04258277106573656
PRI_CENTER_F2p0,DECISION_GRADE_PHYSICAL_SCREEN,17,5325.0,4.4517323777459767e-13,2.935124123228389e-20,0.03486382422279778
PRI_CENTER_F2p0,DECISION_GRADE_PHYSICAL_SCREEN,18,5625.0,6.027649348851551e-13,2.9472698969646527e-20,0.028544085061109618
PRI_CENTER_F2p0,DECISION_GRADE_PHYSICAL_SCREEN,19,5925.0,4.735837659876744e-13,2.9373190339454953e-20,0.02336992025800425
PRI_CENTER_F2p0,DECISION_GRADE_PHYSICAL_SCREEN,20,6225.0,5.795995452051193e-13,2.945506915194778e-20,0.019133672412208206
PRI_CENTER_F2p0,DECISION_GRADE_PHYSICAL_SCREEN,21,6525.0,4.950933684129817e-13,2.938985898768227e-20,0.015665326023194627
PRI_CENTER_F2p0,DECISION_GRADE_PHYSICAL_SCREEN,22,6825.0,5.658946667726437e-13,2.944457216010865e-20,0.012825684172182243
PRI_CENTER_F2p0,DECISION_GRADE_PHYSICAL_SCREEN,23,7125.0,5.118316760160713e-13,2.94028348423609e-20,0.01050078206103112
PRI_CENTER_F2p0,DECISION_GRADE_PHYSICAL_SCREEN,24,7425.0,5.590988082380641e-13,2.9439351236753693e-20,0.008597313204735772
PRI_CENTER_F2p0,DECISION_GRADE_PHYSICAL_SCREEN,25,7725.0,5.257451504592163e-13,2.941361094909919e-20,0.007038884714560597
PRI_CENTER_F2p0,DECISION_GRADE_PHYSICAL_SCREEN,26,8025.0,5.576502616194782e-13,2.943823716259434e-20,0.005762951383181293
PRI_CENTER_F2p0,DECISION_GRADE_PHYSICAL_SCREEN,27,8325.0,5.384644565978664e-13,2.9423446049672926e-20,0.004718305525903817
PRI_CENTER_F2p0,DECISION_GRADE_PHYSICAL_SCREEN,28,8625.0,5.606829135112604e-13,2.9440569089499237e-20,0.0038630218364752345
PRI_CENTER_F2p0,DECISION_GRADE_PHYSICAL_SCREEN,29,8925.0,5.513160831115584e-13,2.9433360839538466e-20,0.0031627747773340575
PRI_CENTER_F2p0,DECISION_GRADE_PHYSICAL_SCREEN,30,9225.0,5.677762592682237e-13,2.944601594088973e-20,0.002589460975262759
PRI_CENTER_F2p0,DECISION_GRADE_PHYSICAL_SCREEN,31,9525.0,5.653553539544236e-13,2.9444158196377834e-20,0.002120071334342924
PRI_CENTER_F2p0,DECISION_GRADE_PHYSICAL_SCREEN,32,9825.0,5.787582911733717e-13,2.9454426136658015e-20,0.0017357676001456242
PRI_CENTER_F2p0,DECISION_GRADE_PHYSICAL_SCREEN,33,10125.0,5.813888937714174e-13,2.94564362553275e-20,0.0014211263144355882
PRI_CENTER_F2p0,DECISION_GRADE_PHYSICAL_SCREEN,34,10425.0,5.935619902311852e-13,2.9465713710681086e-20,0.001163519817636786
PRI_CENTER_F2p0,DECISION_GRADE_PHYSICAL_SCREEN,35,10725.0,5.999952529705991e-13,2.9470599439483706e-20,0.0009526094565149218
PRI_CENTER_F2p0,DECISION_GRADE_PHYSICAL_SCREEN,36,11025.0,6.12140993594709e-13,2.947978822607305e-20,0.0007799306577216689
PRI_CENTER_F2p0,DECISION_GRADE_PHYSICAL_SCREEN,37,11325.0,6.215602037998522e-13,2.9486880389930896e-20,0.0006385532147450677
PRI_CENTER_F2p0,DECISION_GRADE_PHYSICAL_SCREEN,38,11625.0,6.344432169774312e-13,2.9496529214652656e-20,0.0005228031543885956
PRI_CENTER_F2p0,DECISION_GRADE_PHYSICAL_SCREEN,39,11925.0,6.463315621574686e-13,2.950537714364584e-20,0.0004280350203041193
PRI_CENTER_F2p0,DECISION_GRADE_PHYSICAL_SCREEN,40,12225.0,6.604264198195558e-13,2.951579352524941e-20,0.0003504454345173408
PRI_CENTER_F3p333333,DECISION_GRADE_PHYSICAL_SCREEN,1,525.0,0.0001738899066322881,2.940810395558059e-06,0.8076385906052462
PRI_CENTER_F3p333333,DECISION_GRADE_PHYSICAL_SCREEN,2,825.0,5.631351744099908e-07,3.10179424272355e-11,0.6612386208770842
PRI_CENTER_F3p333333,DECISION_GRADE_PHYSICAL_SCREEN,3,1125.0,1.8234147983564435e-09,3.250244173348496e-16,0.5413763940356702
PRI_CENTER_F3p333333,DECISION_GRADE_PHYSICAL_SCREEN,4,1425.0,6.223680053267314e-12,3.950885794390603e-20,0.4432415027874665
PRI_CENTER_F3p333333,DECISION_GRADE_PHYSICAL_SCREEN,5,1725.0,9.86396350942556e-13,3.688356287620545e-20,0.3628954493725989
PRI_CENTER_F3p333333,DECISION_GRADE_PHYSICAL_SCREEN,6,2025.0,1.4500999386991589e-12,3.7148677863278193e-20,0.2971136645534005
PRI_CENTER_F3p333333,DECISION_GRADE_PHYSICAL_SCREEN,7,2325.0,1.152957315830766e-12,3.698935127406505e-20,0.24325609432956447
PRI_CENTER_F3p333333,DECISION_GRADE_PHYSICAL_SCREEN,8,2625.0,1.3222996407336826e-12,3.708417769766108e-20,0.19916124530125295
PRI_CENTER_F3p333333,DECISION_GRADE_PHYSICAL_SCREEN,9,2925.0,1.220367752820817e-12,3.702849540432747e-20,0.1630594363494435
PRI_CENTER_F3p333333,DECISION_GRADE_PHYSICAL_SCREEN,10,3225.0,1.2813704739710662e-12,3.70623017562924e-20,0.13350177511885114
PRI_CENTER_F3p333333,DECISION_GRADE_PHYSICAL_SCREEN,11,3525.0,1.246541108125314e-12,3.704318151476951e-20,0.10930200888030435
PRI_CENTER_F3p333333,DECISION_GRADE_PHYSICAL_SCREEN,12,3825.0,1.2689787364101932e-12,3.7055553363585085e-20,0.08948891604350785
PRI_CENTER_F3p333333,DECISION_GRADE_PHYSICAL_SCREEN,13,4125.0,1.2577475423001723e-12,3.704938541559957e-20,0.07326732762443346
PRI_CENTER_F3p333333,DECISION_GRADE_PHYSICAL_SCREEN,14,4425.0,1.266780623591457e-12,3.705435008574598e-20,0.05998621432196364
PRI_CENTER_F3p333333,DECISION_GRADE_PHYSICAL_SCREEN,15,4725.0,1.2641130057901955e-12,3.705288726297432e-20,0.0491125584261185
PRI_CENTER_F3p333333,DECISION_GRADE_PHYSICAL_SCREEN,16,5025.0,1.2687597226294558e-12,3.7055433556926717e-20,0.04020996194580239
PRI_CENTER_F3p333333,DECISION_GRADE_PHYSICAL_SCREEN,17,5325.0,1.2695046288239817e-12,3.7055840965995455e-20,0.03292113242512378
PRI_CENTER_F3p333333,DECISION_GRADE_PHYSICAL_SCREEN,18,5625.0,1.2730812274117515e-12,3.705779410228809e-20,0.026953543542601564
PRI_CENTER_F3p333333,DECISION_GRADE_PHYSICAL_SCREEN,19,5925.0,1.2755852976350984e-12,3.7059158596057735e-20,0.022067695002754354
PRI_CENTER_F3p333333,DECISION_GRADE_PHYSICAL_SCREEN,20,6225.0,1.2794393155441703e-12,3.706125396437357e-20,0.018067500548300284
PRI_CENTER_F3p333333,DECISION_GRADE_PHYSICAL_SCREEN,21,6525.0,1.2833253902430112e-12,3.706336098387841e-20,0.014792418330146743
PRI_CENTER_F3p333333,DECISION_GRADE_PHYSICAL_SCREEN,22,6825.0,1.2881609585584908e-12,3.7065974755447374e-20,0.012111007799285589
PRI_CENTER_F3p333333,DECISION_GRADE_PHYSICAL_SCREEN,23,7125.0,1.2935511366391341e-12,3.706887783394054e-20,0.009915654536042401
PRI_CENTER_F3p333333,DECISION_GRADE_PHYSICAL_SCREEN,24,7425.0,1.2998942791378683e-12,3.7072280112377364e-20,0.0081182513055551
PRI_CENTER_F3p333333,DECISION_GRADE_PHYSICAL_SCREEN,25,7725.0,1.3071296276655119e-12,3.707614253108798e-20,0.0066466620050734376
PRI_CENTER_F3p333333,DECISION_GRADE_PHYSICAL_SCREEN,26,8025.0,1.315478489214896e-12,3.7080575197350925e-20,0.005441826588868584
PRI_CENTER_F3p333333,DECISION_GRADE_PHYSICAL_SCREEN,27,8325.0,1.3250000382737638e-12,3.708559917696381e-20,0.004455390781224161
PRI_CENTER_F3p333333,DECISION_GRADE_PHYSICAL_SCREEN,28,8625.0,1.335850889303869e-12,3.709128434689693e-20,0.0036477654495683546
PRI_CENTER_F3p333333,DECISION_GRADE_PHYSICAL_SCREEN,29,8925.0,1.3481258354761385e-12,3.70976646871594e-20,0.0029865377535769418
PRI_CENTER_F3p333333,DECISION_GRADE_PHYSICAL_SCREEN,30,9225.0,1.3619477771689352e-12,3.710478531206289e-20,0.0024451703040818742
PRI_CENTER_F3p333333,DECISION_GRADE_PHYSICAL_SCREEN,31,9525.0,1.3774099749093846e-12,3.711267213925598e-20,0.0020019361244648704
PRI_CENTER_F3p333333,DECISION_GRADE_PHYSICAL_SCREEN,32,9825.0,1.394607340767545e-12,3.712134805804125e-20,0.0016390466707971397
PRI_CENTER_F3p333333,DECISION_GRADE_PHYSICAL_SCREEN,33,10125.0,1.4136162111654933e-12,3.713082264745185e-20,0.0013419379151117013
PRI_CENTER_F3p333333,DECISION_GRADE_PHYSICAL_SCREEN,34,10425.0,1.4345065311173047e-12,3.714109858100227e-20,0.0010986858398233
PRI_CENTER_F3p333333,DECISION_GRADE_PHYSICAL_SCREEN,35,10725.0,1.4573363829907629e-12,3.71521691815331e-20,0.0008995278850346454
PRI_CENTER_F3p333333,DECISION_GRADE_PHYSICAL_SCREEN,36,11025.0,1.4821584621223843e-12,3.716402197381391e-20,0.0007364711427290594
PRI_CENTER_F3p333333,DECISION_GRADE_PHYSICAL_SCREEN,37,11325.0,1.5090204312740426e-12,3.7176639190207957e-20,0.0006029715733067648
PRI_CENTER_F3p333333,DECISION_GRADE_PHYSICAL_SCREEN,38,11625.0,1.5379694756366042e-12,3.7190000245516637e-20,0.000493671370298063
PRI_CENTER_F3p333333,DECISION_GRADE_PHYSICAL_SCREEN,39,11925.0,1.5690544567985272e-12,3.7204082951584495e-20,0.0004041839327771724
PRI_CENTER_F3p333333,DECISION_GRADE_PHYSICAL_SCREEN,40,12225.0,1.6023292653162096e-12,3.7218865167159747e-20,0.00033091781566467476
PRI_CENTER_F8p0,DECISION_GRADE_PHYSICAL_SCREEN,1,525.0,9.406525309199573e-14,5.935215954771553e-14,0.7510406229664673
PRI_CENTER_F8p0,DECISION_GRADE_PHYSICAL_SCREEN,2,825.0,8.32556741381522e-13,1.6664150882507024e-20,0.6149000548334937
PRI_CENTER_F8p0,DECISION_GRADE_PHYSICAL_SCREEN,3,1125.0,1.725321147780268e-12,1.4917207949422178e-20,0.5034375849615187
PRI_CENTER_F8p0,DECISION_GRADE_PHYSICAL_SCREEN,4,1425.0,1.680429700388124e-12,5.665352313303318e-20,0.4121798330633047
PRI_CENTER_F8p0,DECISION_GRADE_PHYSICAL_SCREEN,5,1725.0,1.6062877663630847e-12,5.666821985969035e-20,0.3374643051274762
PRI_CENTER_F8p0,DECISION_GRADE_PHYSICAL_SCREEN,6,2025.0,1.4831649328960698e-12,5.669382546296885e-20,0.2762924046739565
PRI_CENTER_F8p0,DECISION_GRADE_PHYSICAL_SCREEN,7,2325.0,1.272128638468453e-12,5.674160174562953e-20,0.22620908854843488
PRI_CENTER_F8p0,DECISION_GRADE_PHYSICAL_SCREEN,8,2625.0,8.887101483162818e-13,5.684398380613069e-20,0.18520433742034398
PRI_CENTER_F8p0,DECISION_GRADE_PHYSICAL_SCREEN,9,2925.0,1.8160921443352897e-12,1.4912399430509648e-20,0.15163248664946688
PRI_CENTER_F8p0,DECISION_GRADE_PHYSICAL_SCREEN,10,3225.0,1.766237040550877e-12,5.663714551822342e-20,0.12414617998560507
PRI_CENTER_F8p0,DECISION_GRADE_PHYSICAL_SCREEN,11,3525.0,1.6847941565670942e-12,5.665267414076706e-20,0.1016422954313691
PRI_CENTER_F8p0,DECISION_GRADE_PHYSICAL_SCREEN,12,3825.0,1.552503576905688e-12,5.667921492088644e-20,0.08321767308309953
PRI_CENTER_F8p0,DECISION_GRADE_PHYSICAL_SCREEN,13,4125.0,1.3319169599180305e-12,5.672752892654923e-20,0.06813286815272339
PRI_CENTER_F8p0,DECISION_GRADE_PHYSICAL_SCREEN,14,4425.0,9.432160852902981e-13,5.68279795632601e-20,0.05578247445204207
PRI_CENTER_F8p0,DECISION_GRADE_PHYSICAL_SCREEN,15,4725.0,1.867855471494609e-12,1.4909816542569443e-20,0.045670827316673684
PRI_CENTER_F8p0,DECISION_GRADE_PHYSICAL_SCREEN,16,5025.0,1.7460912291672503e-12,5.664093183369918e-20,0.03739211084267471
PRI_CENTER_F8p0,DECISION_GRADE_PHYSICAL_SCREEN,17,5325.0,1.5570450160879866e-12,5.667827532525981e-20,0.03061407106939844
PRI_CENTER_F8p0,DECISION_GRADE_PHYSICAL_SCREEN,18,5625.0,1.2495340019506505e-12,5.674703829677819e-20,0.025064681461431437
PRI_CENTER_F8p0,DECISION_GRADE_PHYSICAL_SCREEN,19,5925.0,2.3890153291640595e-12,1.488939341334718e-20,0.020521225528577488
PRI_CENTER_F8p0,DECISION_GRADE_PHYSICAL_SCREEN,20,6225.0,2.4766612994999164e-12,5.65230940490293e-20,0.016801358431095353
PRI_CENTER_F8p0,DECISION_GRADE_PHYSICAL_SCREEN,21,6525.0,2.6061177259544526e-12,5.650575024458996e-20,0.013755788841023799
PRI_CENTER_F8p0,DECISION_GRADE_PHYSICAL_SCREEN,22,6825.0,2.805541907167616e-12,5.648075003133112e-20,0.011262287356993115
PRI_CENTER_F8p0,DECISION_GRADE_PHYSICAL_SCREEN,23,7125.0,3.12268638040863e-12,5.644488222094593e-20,0.009220781009171607
PRI_CENTER_F8p0,DECISION_GRADE_PHYSICAL_SCREEN,24,7425.0,3.635316562715872e-12,5.639570074963667e-20,0.007549336979606223
PRI_CENTER_F8p0,DECISION_GRADE_PHYSICAL_SCREEN,25,7725.0,4.459015271657067e-12,5.633558373269038e-20,0.006180874350552459
PRI_CENTER_F8p0,DECISION_GRADE_PHYSICAL_SCREEN,26,8025.0,5.730675996818124e-12,5.627936395046019e-20,0.005060471911708197
PRI_CENTER_F8p0,DECISION_GRADE_PHYSICAL_SCREEN,27,8325.0,7.51875514928262e-12,5.625997602629344e-20,0.004143163979202827
PRI_CENTER_F8p0,DECISION_GRADE_PHYSICAL_SCREEN,28,8625.0,1.216046781836104e-12,1.464304365507442e-20,0.0033921357648182982
PRI_CENTER_F8p0,DECISION_GRADE_PHYSICAL_SCREEN,29,8925.0,1.7980077040946067e-12,1.491332849476821e-20,0.002777245869272441
PRI_CENTER_F8p0,DECISION_GRADE_PHYSICAL_SCREEN,30,9225.0,9.824883504894745e-13,5.681677545511904e-20,0.00227381660203214
PRI_CENTER_F8p0,DECISION_GRADE_PHYSICAL_SCREEN,31,9525.0,1.3003543073982217e-12,1.494526453401726e-20,0.0018616435789429917
PRI_CENTER_F8p0,DECISION_GRADE_PHYSICAL_SCREEN,32,9825.0,1.6675257592873978e-12,1.4920464206983016e-20,0.0015241848493507848
PRI_CENTER_F8p0,DECISION_GRADE_PHYSICAL_SCREEN,33,10125.0,5.943941162239338e-13,5.694094831683569e-20,0.0012478970095390184
PRI_CENTER_F8p0,DECISION_GRADE_PHYSICAL_SCREEN,34,10425.0,5.744404363131292e-13,1.502816545715934e-20,0.0010216916583836422
PRI_CENTER_F8p0,DECISION_GRADE_PHYSICAL_SCREEN,35,10725.0,4.998937227255265e-13,1.5041332619325658e-20,0.0008364903808819314
PRI_CENTER_F8p0,DECISION_GRADE_PHYSICAL_SCREEN,36,11025.0,7.756172941233525e-13,5.784696066564684e-20,0.0006848603994819517
PRI_CENTER_F8p0,DECISION_GRADE_PHYSICAL_SCREEN,37,11325.0,6.439220500881919e-13,1.5017044255591162e-20,0.0005607162706211458
PRI_CENTER_F8p0,DECISION_GRADE_PHYSICAL_SCREEN,38,11625.0,4.4677845734098404e-13,1.5051638599706972e-20,0.0004590756545087281
PRI_CENTER_F8p0,DECISION_GRADE_PHYSICAL_SCREEN,39,11925.0,9.380705312946047e-13,5.799472572972093e-20,0.00037585935633569845
PRI_CENTER_F8p0,DECISION_GRADE_PHYSICAL_SCREEN,40,12225.0,6.202836796878422e-13,1.5020714955837862e-20,0.0003077276138641319
PRI_UPSTREAM_CENTER_F0p0,DECISION_GRADE_PHYSICAL_SCREEN,1,525.0,0.10331137803472311,0.29844014246816486,0.950140890014614
PRI_UPSTREAM_CENTER_F0p0,DECISION_GRADE_PHYSICAL_SCREEN,2,825.0,0.03664879294397185,0.044590631544613735,0.8086736269817694
PRI_UPSTREAM_CENTER_F0p0,DECISION_GRADE_PHYSICAL_SCREEN,3,1125.0,0.013357382351366295,0.005750178870447554,0.6661979743450982
PRI_UPSTREAM_CENTER_F0p0,DECISION_GRADE_PHYSICAL_SCREEN,4,1425.0,0.00492502037523747,0.00076167576691897,0.545949261372885
PRI_UPSTREAM_CENTER_F0p0,DECISION_GRADE_PHYSICAL_SCREEN,5,1725.0,0.0018244446229149678,0.0001032634215952009,0.4470510924525893
PRI_UPSTREAM_CENTER_F0p0,DECISION_GRADE_PHYSICAL_SCREEN,6,2025.0,0.0006771107287594382,1.4152229936966825e-05,0.36602311130401094
PRI_UPSTREAM_CENTER_F0p0,DECISION_GRADE_PHYSICAL_SCREEN,7,2325.0,0.0002514809899442458,1.948261938727022e-06,0.2996755336355858
PRI_UPSTREAM_CENTER_F0p0,DECISION_GRADE_PHYSICAL_SCREEN,8,2625.0,9.34274242172517e-05,2.6868553958140577e-07,0.2453537319120343
PRI_UPSTREAM_CENTER_F0p0,DECISION_GRADE_PHYSICAL_SCREEN,9,2925.0,3.4712981161130264e-05,3.7080514383705234e-08,0.20087866705915203
PRI_UPSTREAM_CENTER_F0p0,DECISION_GRADE_PHYSICAL_SCREEN,10,3225.0,1.2898176302565916e-05,5.1187787116142395e-09,0.16446554528574484
PRI_UPSTREAM_CENTER_F0p0,DECISION_GRADE_PHYSICAL_SCREEN,11,3525.0,4.792609717566013e-06,7.066974043696667e-10,0.13465300014942647
PRI_UPSTREAM_CENTER_F0p0,DECISION_GRADE_PHYSICAL_SCREEN,12,3825.0,1.7808145286732058e-06,9.757056064861479e-11,0.11024455227192469
PRI_UPSTREAM_CENTER_F0p0,DECISION_GRADE_PHYSICAL_SCREEN,13,4125.0,6.617080780619131e-07,1.3471352245304619e-11,0.09026060531196942
PRI_UPSTREAM_CENTER_F0p0,DECISION_GRADE_PHYSICAL_SCREEN,14,4425.0,2.458751397900352e-07,1.8599717538288135e-12,0.0738991333613957
PRI_UPSTREAM_CENTER_F0p0,DECISION_GRADE_PHYSICAL_SCREEN,15,4725.0,9.136144790258772e-08,2.568044733663156e-13,0.06050349310893091
PRI_UPSTREAM_CENTER_F0p0,DECISION_GRADE_PHYSICAL_SCREEN,16,5025.0,3.3947781172337205e-08,3.545677579260335e-14,0.04953607047694353
PRI_UPSTREAM_CENTER_F0p0,DECISION_GRADE_PHYSICAL_SCREEN,17,5325.0,1.2614203713356009e-08,4.8954888070390725e-15,0.04055670428611472
PRI_UPSTREAM_CENTER_F0p0,DECISION_GRADE_PHYSICAL_SCREEN,18,5625.0,4.68714400578361e-09,6.759163420661796e-16,0.033205021042532104
PRI_UPSTREAM_CENTER_F0p0,DECISION_GRADE_PHYSICAL_SCREEN,19,5925.0,1.7416334498792442e-09,9.332325039914614e-17,0.027185971884122594
PRI_UPSTREAM_CENTER_F0p0,DECISION_GRADE_PHYSICAL_SCREEN,20,6225.0,6.471503928103972e-10,1.2885069820904423e-17,0.022257991233844542
PRI_UPSTREAM_CENTER_F0p0,DECISION_GRADE_PHYSICAL_SCREEN,21,6525.0,2.404660013411421e-10,1.779031752900349e-18,0.018223301924888663
PRI_UPSTREAM_CENTER_F0p0,DECISION_GRADE_PHYSICAL_SCREEN,22,6825.0,8.935156105077192e-11,2.456295567377906e-19,0.014919977708531528
PRI_UPSTREAM_CENTER_F0p0,DECISION_GRADE_PHYSICAL_SCREEN,23,7125.0,3.3200957388424644e-11,3.391388553087207e-20,0.012215444585212721
PRI_UPSTREAM_CENTER_F0p0,DECISION_GRADE_PHYSICAL_SCREEN,24,7425.0,1.2336701884505969e-11,4.682464307938221e-21,0.010001160144433566
PRI_UPSTREAM_CENTER_F0p0,DECISION_GRADE_PHYSICAL_SCREEN,25,7725.0,4.58403086427611e-12,6.465042756485727e-22,0.008188257376705591
PRI_UPSTREAM_CENTER_F0p0,DECISION_GRADE_PHYSICAL_SCREEN,26,8025.0,1.7033190200770102e-12,8.926235225250837e-23,0.006703978128426509
PRI_UPSTREAM_CENTER_F0p0,DECISION_GRADE_PHYSICAL_SCREEN,27,8325.0,6.329136452331523e-13,1.2324384895836539e-23,0.005488753061704955
PRI_UPSTREAM_CENTER_F0p0,DECISION_GRADE_PHYSICAL_SCREEN,28,8625.0,2.351759579981491e-13,1.701618422880919e-24,0.004493810927668777
PRI_UPSTREAM_CENTER_F0p0,DECISION_GRADE_PHYSICAL_SCREEN,29,8925.0,8.738590428085031e-14,2.349411578406261e-25,0.0036792212050003213
PRI_UPSTREAM_CENTER_F0p0,DECISION_GRADE_PHYSICAL_SCREEN,30,9225.0,3.247056515464155e-14,3.243814647595526e-26,0.0030122915479103927
PRI_UPSTREAM_CENTER_F0p0,DECISION_GRADE_PHYSICAL_SCREEN,31,9525.0,1.2065305155776572e-14,4.478710143712117e-27,0.0024662557275111157
PRI_UPSTREAM_CENTER_F0p0,DECISION_GRADE_PHYSICAL_SCREEN,32,9825.0,4.483186165954559e-15,6.183720936787806e-28,0.0020191994090680617
PRI_UPSTREAM_CENTER_F0p0,DECISION_GRADE_PHYSICAL_SCREEN,33,10125.0,1.6658474807811885e-15,8.537816334856323e-29,0.0016531806528009099
PRI_UPSTREAM_CENTER_F0p0,DECISION_GRADE_PHYSICAL_SCREEN,34,10425.0,6.189900946560821e-16,1.1788097896540626e-29,0.0013535098408416386
PRI_UPSTREAM_CENTER_F0p0,DECISION_GRADE_PHYSICAL_SCREEN,35,10725.0,2.3000229114772943e-16,1.6275736859214863e-30,0.0011081601312907343
PRI_UPSTREAM_CENTER_F0p0,DECISION_GRADE_PHYSICAL_SCREEN,36,11025.0,8.54634902721624e-17,2.2471785748245732e-31,0.0009072847788226579
PRI_UPSTREAM_CENTER_F0p0,DECISION_GRADE_PHYSICAL_SCREEN,37,11325.0,3.1756240918524884e-17,3.1026623192740736e-32,0.000742821950221665
PRI_UPSTREAM_CENTER_F0p0,DECISION_GRADE_PHYSICAL_SCREEN,38,11625.0,1.1799878919804363e-17,4.283822200554167e-33,0.0006081711747078389
PRI_UPSTREAM_CENTER_F0p0,DECISION_GRADE_PHYSICAL_SCREEN,39,11925.0,4.384559963481695e-18,5.914640640059842e-34,0.0004979284438688698
PRI_UPSTREAM_CENTER_F0p0,DECISION_GRADE_PHYSICAL_SCREEN,40,12225.0,1.62920028281827e-18,8.16629922141073e-35,0.00040766932982770734
PRI_UPSTREAM_CENTER_F0p25,DECISION_GRADE_PHYSICAL_SCREEN,1,525.0,0.09471091334223651,0.23145259944980787,0.9402194647858381
PRI_UPSTREAM_CENTER_F0p25,DECISION_GRADE_PHYSICAL_SCREEN,2,825.0,0.03259861159533332,0.03067454985394639,0.7918827945919327
PRI_UPSTREAM_CENTER_F0p25,DECISION_GRADE_PHYSICAL_SCREEN,3,1125.0,0.011270591650845964,0.003763307991612559,0.6508236508749612
PRI_UPSTREAM_CENTER_F0p25,DECISION_GRADE_PHYSICAL_SCREEN,4,1425.0,0.003872738262928935,0.0004538291184686959,0.5331193551997494
PRI_UPSTREAM_CENTER_F0p25,DECISION_GRADE_PHYSICAL_SCREEN,5,1725.0,0.0013226040396019977,5.373402000554928e-05,0.4365110893461565
PRI_UPSTREAM_CENTER_F0p25,DECISION_GRADE_PHYSICAL_SCREEN,6,2025.0,0.0004497601945612128,6.273534942525863e-06,0.3573884036835825
PRI_UPSTREAM_CENTER_F0p25,DECISION_GRADE_PHYSICAL_SCREEN,7,2325.0,0.00015253170278507736,7.257549090894238e-07,0.29260525555561634
PRI_UPSTREAM_CENTER_F0p25,DECISION_GRADE_PHYSICAL_SCREEN,8,2625.0,5.16454667162989e-05,8.348803457768481e-08,0.23956496421013446
PRI_UPSTREAM_CENTER_F0p25,DECISION_GRADE_PHYSICAL_SCREEN,9,2925.0,1.7469745686843533e-05,9.572029477294518e-09,0.19613920844759283
PRI_UPSTREAM_CENTER_F0p25,DECISION_GRADE_PHYSICAL_SCREEN,10,3225.0,5.906045874109096e-06,1.0952936806953097e-09,0.16058520239729998
PRI_UPSTREAM_CENTER_F0p25,DECISION_GRADE_PHYSICAL_SCREEN,11,3525.0,1.996021358080029e-06,1.2518733775225797e-10,0.1314760437554055
PRI_UPSTREAM_CENTER_F0p25,DECISION_GRADE_PHYSICAL_SCREEN,12,3825.0,6.744525267762673e-07,1.4298886938819507e-11,0.10764348032281709
PRI_UPSTREAM_CENTER_F0p25,DECISION_GRADE_PHYSICAL_SCREEN,13,4125.0,2.278715392592473e-07,1.6325912778326616e-12,0.08813102770946091
PRI_UPSTREAM_CENTER_F0p25,DECISION_GRADE_PHYSICAL_SCREEN,14,4425.0,7.698415596760395e-08,1.863616185290351e-13,0.07215558268619765
PRI_UPSTREAM_CENTER_F0p25,DECISION_GRADE_PHYSICAL_SCREEN,15,4725.0,2.6007390921389944e-08,2.1270608762372715e-14,0.05907599455146195
PRI_UPSTREAM_CENTER_F0p25,DECISION_GRADE_PHYSICAL_SCREEN,16,5025.0,8.785835814487116e-09,2.427567464114049e-15,0.04836733350795042
PRI_UPSTREAM_CENTER_F0p25,DECISION_GRADE_PHYSICAL_SCREEN,17,5325.0,2.968001462715587e-09,2.770411001608219e-16,0.0395998233873383
PRI_UPSTREAM_CENTER_F0p25,DECISION_GRADE_PHYSICAL_SCREEN,18,5625.0,1.0026332399226709e-09,3.1615964182557945e-17,0.032421593223670574
PRI_UPSTREAM_CENTER_F0p25,DECISION_GRADE_PHYSICAL_SCREEN,19,5925.0,3.3870244621698846e-10,3.6079665800916416e-18,0.026544555436003807
PRI_UPSTREAM_CENTER_F0p25,DECISION_GRADE_PHYSICAL_SCREEN,20,6225.0,1.1441779050124685e-10,4.1173238968101194e-19,0.021732843862239636
PRI_UPSTREAM_CENTER_F0p25,DECISION_GRADE_PHYSICAL_SCREEN,21,6525.0,3.8651664173244495e-11,4.6985679645266817e-20,0.017793347621857653
PRI_UPSTREAM_CENTER_F0p25,DECISION_GRADE_PHYSICAL_SCREEN,22,6825.0,1.3056972871169399e-11,5.361851891511263e-21,0.014567960898221833
PRI_UPSTREAM_CENTER_F0p25,DECISION_GRADE_PHYSICAL_SCREEN,23,7125.0,4.410792344255573e-12,6.118760199118462e-22,0.011927237597011755
PRI_UPSTREAM_CENTER_F0p25,DECISION_GRADE_PHYSICAL_SCREEN,24,7425.0,1.4900148975574538e-12,6.982511516576999e-23,0.009765196219941454
PRI_UPSTREAM_CENTER_F0p25,DECISION_GRADE_PHYSICAL_SCREEN,25,7725.0,5.033435929491441e-13,7.968189724503644e-24,0.007995066455106926
PRI_UPSTREAM_CENTER_F0p25,DECISION_GRADE_PHYSICAL_SCREEN,26,8025.0,1.700350461144003e-13,9.093008017146429e-25,0.006545806779698206
PRI_UPSTREAM_CENTER_F0p25,DECISION_GRADE_PHYSICAL_SCREEN,27,8325.0,5.743972246538051e-14,1.0376613794033734e-25,0.005359253314245272
PRI_UPSTREAM_CENTER_F0p25,DECISION_GRADE_PHYSICAL_SCREEN,28,8625.0,1.9403777971542524e-14,1.1841466545955594e-26,0.004387785501907701
PRI_UPSTREAM_CENTER_F0p25,DECISION_GRADE_PHYSICAL_SCREEN,29,8925.0,6.554821303962062e-15,1.3513508393787908e-27,0.003592414928321542
PRI_UPSTREAM_CENTER_F0p25,DECISION_GRADE_PHYSICAL_SCREEN,30,9225.0,2.214315295556148e-15,1.5424770764693155e-28,0.0029412205796332806
PRI_UPSTREAM_CENTER_F0p25,DECISION_GRADE_PHYSICAL_SCREEN,31,9525.0,7.480732628041531e-16,1.7629975053355275e-29,0.002408067740131614
PRI_UPSTREAM_CENTER_F0p25,DECISION_GRADE_PHYSICAL_SCREEN,32,9825.0,2.528187075251861e-16,2.0322847833610856e-30,0.0019715591143407503
PRI_UPSTREAM_CENTER_F0p25,DECISION_GRADE_PHYSICAL_SCREEN,33,10125.0,8.562674553096023e-17,2.467108986602457e-31,0.0016141760784219614
PRI_UPSTREAM_CENTER_F0p25,DECISION_GRADE_PHYSICAL_SCREEN,34,10425.0,2.934113570158376e-17,3.94385386495708e-32,0.001321575596286876
PRI_UPSTREAM_CENTER_F0p25,DECISION_GRADE_PHYSICAL_SCREEN,35,10725.0,1.061975082237301e-17,1.2828293061572482e-32,0.0010820145831974368
PRI_UPSTREAM_CENTER_F0p25,DECISION_GRADE_PHYSICAL_SCREEN,36,11025.0,4.585933347825008e-18,6.565616535097495e-33,0.0008858786145425961
PRI_UPSTREAM_CENTER_F0p25,DECISION_GRADE_PHYSICAL_SCREEN,37,11325.0,2.5798487674986917e-18,3.552883960268396e-33,0.0007252960652201389
PRI_UPSTREAM_CENTER_F0p25,DECISION_GRADE_PHYSICAL_SCREEN,38,11625.0,1.6753536304070116e-18,1.8290937362917898e-33,0.0005938221936821814
PRI_UPSTREAM_CENTER_F0p25,DECISION_GRADE_PHYSICAL_SCREEN,39,11925.0,1.1056791682059033e-18,8.740586118281564e-34,0.0004861804918278316
PRI_UPSTREAM_CENTER_F0p25,DECISION_GRADE_PHYSICAL_SCREEN,40,12225.0,7.07879129738791e-19,3.839280059148015e-34,0.00039805092020602417
PRI_UPSTREAM_CENTER_F0p5,DECISION_GRADE_PHYSICAL_SCREEN,1,525.0,0.0877886260359102,0.1910723620442828,0.9304517011132274
PRI_UPSTREAM_CENTER_F0p5,DECISION_GRADE_PHYSICAL_SCREEN,2,825.0,0.028207347731234844,0.02341828909066816,0.7780542409359261
PRI_UPSTREAM_CENTER_F0p5,DECISION_GRADE_PHYSICAL_SCREEN,3,1125.0,0.008774995605898927,0.0024306086436979915,0.6385365529972046
PRI_UPSTREAM_CENTER_F0p5,DECISION_GRADE_PHYSICAL_SCREEN,4,1425.0,0.002664527225234435,0.00023191382745610338,0.5229237532531086
PRI_UPSTREAM_CENTER_F0p5,DECISION_GRADE_PHYSICAL_SCREEN,5,1725.0,0.0007977346926475261,2.116003905740693e-05,0.42814550691972436
PRI_UPSTREAM_CENTER_F0p5,DECISION_GRADE_PHYSICAL_SCREEN,6,2025.0,0.0002369827376680581,1.8850188259752989e-06,0.350536917386639
PRI_UPSTREAM_CENTER_F0p5,DECISION_GRADE_PHYSICAL_SCREEN,7,2325.0,7.010431779803582e-05,1.6578526630599792e-07,0.28699544339717226
PRI_UPSTREAM_CENTER_F0p5,DECISION_GRADE_PHYSICAL_SCREEN,8,2625.0,2.0691312472783277e-05,1.4480817580761958e-08,0.2349720032333403
PRI_UPSTREAM_CENTER_F0p5,DECISION_GRADE_PHYSICAL_SCREEN,9,2925.0,6.099620096087423e-06,1.260210085633645e-09,0.19237880583010084
PRI_UPSTREAM_CENTER_F0p5,DECISION_GRADE_PHYSICAL_SCREEN,10,3225.0,1.7969426407115979e-06,1.0945551741956487e-10,0.15750644463166874
PRI_UPSTREAM_CENTER_F0p5,DECISION_GRADE_PHYSICAL_SCREEN,11,3525.0,5.291927121501355e-07,9.496739560457816e-12,0.12895537003296206
PRI_UPSTREAM_CENTER_F0p5,DECISION_GRADE_PHYSICAL_SCREEN,12,3825.0,1.5581605325266474e-07,8.235050773975816e-13,0.10557972722097372
PRI_UPSTREAM_CENTER_F0p5,DECISION_GRADE_PHYSICAL_SCREEN,13,4125.0,4.587404336317847e-08,7.138827212976174e-14,0.08644136957743358
PRI_UPSTREAM_CENTER_F0p5,DECISION_GRADE_PHYSICAL_SCREEN,14,4425.0,1.3505126439888867e-08,6.18754062458297e-15,0.07077220761122761
PRI_UPSTREAM_CENTER_F0p5,DECISION_GRADE_PHYSICAL_SCREEN,15,4725.0,3.975751568760758e-09,5.362677413798683e-16,0.05794338283453195
PRI_UPSTREAM_CENTER_F0p5,DECISION_GRADE_PHYSICAL_SCREEN,16,5025.0,1.1704414747573439e-09,4.6488012732065e-17,0.04744002946400217
PRI_UPSTREAM_CENTER_F0p5,DECISION_GRADE_PHYSICAL_SCREEN,17,5325.0,3.447212001399905e-10,4.042288820608539e-18,0.03884061104910415
PRI_UPSTREAM_CENTER_F0p5,DECISION_GRADE_PHYSICAL_SCREEN,18,5625.0,1.0204328133565912e-10,3.6430228613774255e-19,0.031800002734242015
PRI_UPSTREAM_CENTER_F0p5,DECISION_GRADE_PHYSICAL_SCREEN,19,5925.0,3.189999377775874e-11,4.846462081697544e-20,0.02603564018648785
PRI_UPSTREAM_CENTER_F0p5,DECISION_GRADE_PHYSICAL_SCREEN,20,6225.0,1.4277191862978408e-11,2.4900185034357912e-20,0.021316179296750566
PRI_UPSTREAM_CENTER_F0p5,DECISION_GRADE_PHYSICAL_SCREEN,21,6525.0,1.1566791456611244e-11,2.328288376057337e-20,0.017452211528373878
PRI_UPSTREAM_CENTER_F0p5,DECISION_GRADE_PHYSICAL_SCREEN,22,6825.0,1.132576588959548e-11,2.3149880554738975e-20,0.014288662287501782
PRI_UPSTREAM_CENTER_F0p5,DECISION_GRADE_PHYSICAL_SCREEN,23,7125.0,1.1332958075579549e-11,2.3139349105092504e-20,0.011698567235123292
PRI_UPSTREAM_CENTER_F0p5,DECISION_GRADE_PHYSICAL_SCREEN,24,7425.0,1.136628178275793e-11,2.3139521050386233e-20,0.009577976762345897
PRI_UPSTREAM_CENTER_F0p5,DECISION_GRADE_PHYSICAL_SCREEN,25,7725.0,1.1406751239291676e-11,2.3140775726582435e-20,0.007841784127598866
PRI_UPSTREAM_CENTER_F0p5,DECISION_GRADE_PHYSICAL_SCREEN,26,8025.0,1.1453327864371581e-11,2.3142296931048546e-20,0.006420309824263984
PRI_UPSTREAM_CENTER_F0p5,DECISION_GRADE_PHYSICAL_SCREEN,27,8325.0,1.1506579243741072e-11,2.314403191667776e-20,0.005256505097413617
PRI_UPSTREAM_CENTER_F0p5,DECISION_GRADE_PHYSICAL_SCREEN,28,8625.0,1.1567295893228253e-11,2.3145995739043038e-20,0.004303662376963701
PRI_UPSTREAM_CENTER_F0p5,DECISION_GRADE_PHYSICAL_SCREEN,29,8925.0,1.163635765707381e-11,2.314821022770005e-20,0.003523540738884868
PRI_UPSTREAM_CENTER_F0p5,DECISION_GRADE_PHYSICAL_SCREEN,30,9225.0,1.171472230249388e-11,2.3150698376230303e-20,0.0028848311626481567
PRI_UPSTREAM_CENTER_F0p5,DECISION_GRADE_PHYSICAL_SCREEN,31,9525.0,1.1802134925556744e-11,2.3153443222436866e-20,0.0023618999902977555
PRI_UPSTREAM_CENTER_F0p5,DECISION_GRADE_PHYSICAL_SCREEN,32,9825.0,1.190086466522539e-11,2.3156505115686186e-20,0.0019337601577513594
PRI_UPSTREAM_CENTER_F0p5,DECISION_GRADE_PHYSICAL_SCREEN,33,10125.0,1.2011784008413522e-11,2.3159897196884642e-20,0.0015832289102279671
PRI_UPSTREAM_CENTER_F0p5,DECISION_GRADE_PHYSICAL_SCREEN,34,10425.0,1.2136020464148105e-11,2.3163637307637356e-20,0.001296238197965776
PRI_UPSTREAM_CENTER_F0p5,DECISION_GRADE_PHYSICAL_SCREEN,35,10725.0,1.227453171890932e-11,2.316773457307761e-20,0.0010612700759889662
PRI_UPSTREAM_CENTER_F0p5,DECISION_GRADE_PHYSICAL_SCREEN,36,11025.0,1.2427729995075709e-11,2.3172178742635968e-20,0.0008688944485335732
PRI_UPSTREAM_CENTER_F0p5,DECISION_GRADE_PHYSICAL_SCREEN,37,11325.0,1.2594554569215342e-11,2.3176915619992803e-20,0.0007113906061931702
PRI_UPSTREAM_CENTER_F0p5,DECISION_GRADE_PHYSICAL_SCREEN,38,11625.0,1.2779264920407325e-11,2.3182038190538428e-20,0.0005824373667411363
PRI_UPSTREAM_CENTER_F0p5,DECISION_GRADE_PHYSICAL_SCREEN,39,11925.0,1.2980894133939808e-11,2.3187486686599614e-20,0.0004768593838927271
PRI_UPSTREAM_CENTER_F0p5,DECISION_GRADE_PHYSICAL_SCREEN,40,12225.0,1.3198998511598585e-11,2.3193215999664922e-20,0.00039041944248679496
PRI_UPSTREAM_CENTER_F0p666667,DECISION_GRADE_PHYSICAL_SCREEN,1,525.0,0.08313607722015078,0.17332482160723303,0.9245754406386425
PRI_UPSTREAM_CENTER_F0p666667,DECISION_GRADE_PHYSICAL_SCREEN,2,825.0,0.024748978003752288,0.01902244410431586,0.7703750648214193
PRI_UPSTREAM_CENTER_F0p666667,DECISION_GRADE_PHYSICAL_SCREEN,3,1125.0,0.006951373255224359,0.0016198006238796697,0.6317991577355863
PRI_UPSTREAM_CENTER_F0p666667,DECISION_GRADE_PHYSICAL_SCREEN,4,1425.0,0.001887956756862174,0.00012339904705557518,0.517351302335044
PRI_UPSTREAM_CENTER_F0p666667,DECISION_GRADE_PHYSICAL_SCREEN,5,1725.0,0.0005039081340889573,8.927237498941372e-06,0.4235769315889581
PRI_UPSTREAM_CENTER_F0p666667,DECISION_GRADE_PHYSICAL_SCREEN,6,2025.0,0.0001333072581838656,6.295797019412325e-07,0.34679584453866674
PRI_UPSTREAM_CENTER_F0p666667,DECISION_GRADE_PHYSICAL_SCREEN,7,2325.0,3.510677162424567e-05,4.3833467413894046e-08,0.2839324495782777
PRI_UPSTREAM_CENTER_F0p666667,DECISION_GRADE_PHYSICAL_SCREEN,8,2625.0,9.22413062571742e-06,3.031998113632241e-09,0.2324642301024535
PRI_UPSTREAM_CENTER_F0p666667,DECISION_GRADE_PHYSICAL_SCREEN,9,2925.0,2.4207397909753666e-06,2.0903039474943402e-10,0.1903256143018737
PRI_UPSTREAM_CENTER_F0p666667,DECISION_GRADE_PHYSICAL_SCREEN,10,3225.0,6.349057592899295e-07,1.4386457295741217e-11,0.1558254335360958
PRI_UPSTREAM_CENTER_F0p666667,DECISION_GRADE_PHYSICAL_SCREEN,11,3525.0,1.664703097249552e-07,9.892871160849758e-13,0.1275790745483083
PRI_UPSTREAM_CENTER_F0p666667,DECISION_GRADE_PHYSICAL_SCREEN,12,3825.0,4.36411318599845e-08,6.799842305829691e-14,0.10445291178196951
PRI_UPSTREAM_CENTER_F0p666667,DECISION_GRADE_PHYSICAL_SCREEN,13,4125.0,1.1439849491278196e-08,4.6728115782640966e-15,0.08551881112444272
PRI_UPSTREAM_CENTER_F0p666667,DECISION_GRADE_PHYSICAL_SCREEN,14,4425.0,2.998656989694257e-09,3.2108801524948704e-16,0.07001688063424887
PRI_UPSTREAM_CENTER_F0p666667,DECISION_GRADE_PHYSICAL_SCREEN,15,4725.0,7.860028434730494e-10,2.2073902191630935e-17,0.05732497340984976
PRI_UPSTREAM_CENTER_F0p666667,DECISION_GRADE_PHYSICAL_SCREEN,16,5025.0,2.0602535556787614e-10,1.529800669724651e-18,0.046933718650021584
PRI_UPSTREAM_CENTER_F0p666667,DECISION_GRADE_PHYSICAL_SCREEN,17,5325.0,5.400213679843739e-11,1.1917621999681622e-19,0.03842607881508229
PRI_UPSTREAM_CENTER_F0p666667,DECISION_GRADE_PHYSICAL_SCREEN,18,5625.0,1.4176314138666155e-11,2.7408306009214964e-20,0.031460612446106206
PRI_UPSTREAM_CENTER_F0p666667,DECISION_GRADE_PHYSICAL_SCREEN,19,5925.0,3.720378003710764e-12,2.233468363870462e-20,0.02575777092029506
PRI_UPSTREAM_CENTER_F0p666667,DECISION_GRADE_PHYSICAL_SCREEN,20,6225.0,1.1982606357575044e-12,2.2317593985720292e-20,0.021088679183183315
PRI_UPSTREAM_CENTER_F0p666667,DECISION_GRADE_PHYSICAL_SCREEN,21,6525.0,4.1494630395417046e-13,2.205635574951578e-20,0.01726595018906764
PRI_UPSTREAM_CENTER_F0p666667,DECISION_GRADE_PHYSICAL_SCREEN,22,6825.0,6.348654891576984e-13,2.2254755929969e-20,0.01413616440090227
PRI_UPSTREAM_CENTER_F0p666667,DECISION_GRADE_PHYSICAL_SCREEN,23,7125.0,3.737102244255262e-13,2.208482436343974e-20,0.011573712525584874
PRI_UPSTREAM_CENTER_F0p666667,DECISION_GRADE_PHYSICAL_SCREEN,24,7425.0,5.829578367599604e-13,2.2224002136573998e-20,0.009475754371980175
PRI_UPSTREAM_CENTER_F0p666667,DECISION_GRADE_PHYSICAL_SCREEN,25,7725.0,4.110307522606469e-13,2.2109905304039126e-20,0.007758091512953308
PRI_UPSTREAM_CENTER_F0p666667,DECISION_GRADE_PHYSICAL_SCREEN,26,8025.0,5.517540669361439e-13,2.2203766277498607e-20,0.006351788106848161
PRI_UPSTREAM_CENTER_F0p666667,DECISION_GRADE_PHYSICAL_SCREEN,27,8325.0,4.4098115266259414e-13,2.2129983877076044e-20,0.005200404260111563
PRI_UPSTREAM_CENTER_F0p666667,DECISION_GRADE_PHYSICAL_SCREEN,28,8625.0,5.339354572648144e-13,2.2192061771792806e-20,0.004257730896191085
PRI_UPSTREAM_CENTER_F0p666667,DECISION_GRADE_PHYSICAL_SCREEN,29,8925.0,4.650770759581001e-13,2.2146163880024128e-20,0.003485935223041918
PRI_UPSTREAM_CENTER_F0p666667,DECISION_GRADE_PHYSICAL_SCREEN,30,9225.0,5.258255548930332e-13,2.2186705025121147e-20,0.0028540423703421725
PRI_UPSTREAM_CENTER_F0p666667,DECISION_GRADE_PHYSICAL_SCREEN,31,9525.0,4.85247629870338e-13,2.215968544691665e-20,0.002336692259186715
PRI_UPSTREAM_CENTER_F0p666667,DECISION_GRADE_PHYSICAL_SCREEN,32,9825.0,5.252052646879317e-13,2.2186294637286986e-20,0.00191312181307543
PRI_UPSTREAM_CENTER_F0p666667,DECISION_GRADE_PHYSICAL_SCREEN,33,10125.0,5.035684106153305e-13,2.2171923339554687e-20,0.001566331662749161
PRI_UPSTREAM_CENTER_F0p666667,DECISION_GRADE_PHYSICAL_SCREEN,34,10425.0,5.306022596924675e-13,2.2189862312985092e-20,0.001282403901812508
PRI_UPSTREAM_CENTER_F0p666667,DECISION_GRADE_PHYSICAL_SCREEN,35,10725.0,5.21523513165853e-13,2.2183856713987522e-20,0.001049943512281097
PRI_UPSTREAM_CENTER_F0p666667,DECISION_GRADE_PHYSICAL_SCREEN,36,11025.0,5.410038270799254e-13,2.219671614559376e-20,0.0008596210424992438
PRI_UPSTREAM_CENTER_F0p666667,DECISION_GRADE_PHYSICAL_SCREEN,37,11325.0,5.402308830047384e-13,2.2196207917102255e-20,0.0007037981834870856
PRI_UPSTREAM_CENTER_F0p666667,DECISION_GRADE_PHYSICAL_SCREEN,38,11625.0,5.557280615597121e-13,2.2206363737143198e-20,0.0005762212167812973
PRI_UPSTREAM_CENTER_F0p666667,DECISION_GRADE_PHYSICAL_SCREEN,39,11925.0,5.604899260742929e-13,2.2209469020047375e-20,0.0004717700307548625
PRI_UPSTREAM_CENTER_F0p666667,DECISION_GRADE_PHYSICAL_SCREEN,40,12225.0,5.743001097078637e-13,2.2218430719353952e-20,0.00038625263255955125
PRI_UPSTREAM_CENTER_F1p0,DECISION_GRADE_PHYSICAL_SCREEN,1,525.0,0.07181399181273034,0.14123453214126616,0.9139860820217447
PRI_UPSTREAM_CENTER_F1p0,DECISION_GRADE_PHYSICAL_SCREEN,2,825.0,0.016935350347572917,0.01012257303928603,0.7571015023195882
PRI_UPSTREAM_CENTER_F1p0,DECISION_GRADE_PHYSICAL_SCREEN,3,1125.0,0.00360671047153232,0.0004905488356531055,0.6203097661938732
PRI_UPSTREAM_CENTER_F1p0,DECISION_GRADE_PHYSICAL_SCREEN,4,1425.0,0.0007338961993547318,2.0809770822046586e-05,0.5078858426269824
PRI_UPSTREAM_CENTER_F1p0,DECISION_GRADE_PHYSICAL_SCREEN,5,1725.0,0.0001463072840102681,8.358360792064325e-07,0.41582253093750565
PRI_UPSTREAM_CENTER_F1p0,DECISION_GRADE_PHYSICAL_SCREEN,6,2025.0,2.8895009477803942e-05,3.275887189778928e-08,0.3404467242367382
PRI_UPSTREAM_CENTER_F1p0,DECISION_GRADE_PHYSICAL_SCREEN,7,2325.0,5.681851567795859e-06,1.2695020093021212e-09,0.2787342040939686
PRI_UPSTREAM_CENTER_F1p0,DECISION_GRADE_PHYSICAL_SCREEN,8,2625.0,1.1149998901343912e-06,4.893911082659118e-11,0.2282082648718285
PRI_UPSTREAM_CENTER_F1p0,DECISION_GRADE_PHYSICAL_SCREEN,9,2925.0,2.185982967371689e-07,1.881966766935163e-12,0.18684112455887722
PRI_UPSTREAM_CENTER_F1p0,DECISION_GRADE_PHYSICAL_SCREEN,10,3225.0,4.283759523323407e-08,7.228830412919787e-14,0.15297257461609362
PRI_UPSTREAM_CENTER_F1p0,DECISION_GRADE_PHYSICAL_SCREEN,11,3525.0,8.392910121723123e-09,2.7751841464209644e-15,0.12524335121571467
PRI_UPSTREAM_CENTER_F1p0,DECISION_GRADE_PHYSICAL_SCREEN,12,3825.0,1.6442141168879557e-09,1.065274595050967e-16,0.10254058325885233
PRI_UPSTREAM_CENTER_F1p0,DECISION_GRADE_PHYSICAL_SCREEN,13,4125.0,3.221135662726133e-10,4.1024321526061186e-18,0.08395312895257569
PRI_UPSTREAM_CENTER_F1p0,DECISION_GRADE_PHYSICAL_SCREEN,14,4425.0,6.319725904112624e-11,1.7278717333097067e-19,0.06873500849059522
PRI_UPSTREAM_CENTER_F1p0,DECISION_GRADE_PHYSICAL_SCREEN,15,4725.0,1.287019528092962e-11,2.8391860932733595e-20,0.0562754652643265
PRI_UPSTREAM_CENTER_F1p0,DECISION_GRADE_PHYSICAL_SCREEN,16,5025.0,4.331761205183538e-12,2.4452931403761268e-20,0.04607445405567584
PRI_UPSTREAM_CENTER_F1p0,DECISION_GRADE_PHYSICAL_SCREEN,17,5325.0,3.626289584366024e-12,2.4316933034234237e-20,0.03772257246666036
PRI_UPSTREAM_CENTER_F1p0,DECISION_GRADE_PHYSICAL_SCREEN,18,5625.0,3.600549086811008e-12,2.4312290686739914e-20,0.030884630163667576
PRI_UPSTREAM_CENTER_F1p0,DECISION_GRADE_PHYSICAL_SCREEN,19,5925.0,3.60419716609783e-12,2.4312737383179128e-20,0.025286196512434505
PRI_UPSTREAM_CENTER_F1p0,DECISION_GRADE_PHYSICAL_SCREEN,20,6225.0,3.6100266969391872e-12,2.4313519596228146e-20,0.020702586713103342
PRI_UPSTREAM_CENTER_F1p0,DECISION_GRADE_PHYSICAL_SCREEN,21,6525.0,3.6169268562892265e-12,2.4314445775304874e-20,0.01694984441028132
PRI_UPSTREAM_CENTER_F1p0,DECISION_GRADE_PHYSICAL_SCREEN,22,6825.0,3.6251508192688345e-12,2.4315547366238988e-20,0.013877358878584245
PRI_UPSTREAM_CENTER_F1p0,DECISION_GRADE_PHYSICAL_SCREEN,23,7125.0,3.634817588760999e-12,2.431683896286642e-20,0.011361820485396697
PRI_UPSTREAM_CENTER_F1p0,DECISION_GRADE_PHYSICAL_SCREEN,24,7425.0,3.646176713552865e-12,2.431835220026165e-20,0.009302271842345678
PRI_UPSTREAM_CENTER_F1p0,DECISION_GRADE_PHYSICAL_SCREEN,25,7725.0,3.659425708538171e-12,2.4320111125592322e-20,0.007616056030819783
PRI_UPSTREAM_CENTER_F1p0,DECISION_GRADE_PHYSICAL_SCREEN,26,8025.0,3.674815146378781e-12,2.4322146058175973e-20,0.006235499289597186
PRI_UPSTREAM_CENTER_F1p0,DECISION_GRADE_PHYSICAL_SCREEN,27,8325.0,3.692583442143462e-12,2.4324484730997404e-20,0.005105195029189125
PRI_UPSTREAM_CENTER_F1p0,DECISION_GRADE_PHYSICAL_SCREEN,28,8625.0,3.7129922295774765e-12,2.4327156778865895e-20,0.0041797801708579815
PRI_UPSTREAM_CENTER_F1p0,DECISION_GRADE_PHYSICAL_SCREEN,29,8925.0,3.736301232058962e-12,2.433019020914315e-20,0.0034221145669869712
PRI_UPSTREAM_CENTER_F1p0,DECISION_GRADE_PHYSICAL_SCREEN,30,9225.0,3.762778048200776e-12,2.4333612470994884e-20,0.002801790436548375
PRI_UPSTREAM_CENTER_F1p0,DECISION_GRADE_PHYSICAL_SCREEN,31,9525.0,3.7926858815801354e-12,2.4337448646545692e-20,0.0022939119940819383
PRI_UPSTREAM_CENTER_F1p0,DECISION_GRADE_PHYSICAL_SCREEN,32,9825.0,3.8262831445908886e-12,2.434172121950279e-20,0.0018780962944093204
PRI_UPSTREAM_CENTER_F1p0,DECISION_GRADE_PHYSICAL_SCREEN,33,10125.0,3.863815189899932e-12,2.4346448874072477e-20,0.00153765519347471
PRI_UPSTREAM_CENTER_F1p0,DECISION_GRADE_PHYSICAL_SCREEN,34,10425.0,3.905510849661742e-12,2.4351645978258096e-20,0.001258925594527819
PRI_UPSTREAM_CENTER_F1p0,DECISION_GRADE_PHYSICAL_SCREEN,35,10725.0,3.951577423450258e-12,2.4357321946984572e-20,0.0010307211000769073
PRI_UPSTREAM_CENTER_F1p0,DECISION_GRADE_PHYSICAL_SCREEN,36,11025.0,4.002199121910138e-12,2.4363481119367223e-20,0.0008438830624793324
PRI_UPSTREAM_CENTER_F1p0,DECISION_GRADE_PHYSICAL_SCREEN,37,11325.0,4.0575368638385046e-12,2.437012287121494e-20,0.0006909130152534574
PRI_UPSTREAM_CENTER_F1p0,DECISION_GRADE_PHYSICAL_SCREEN,38,11625.0,4.117731026819562e-12,2.4377242135733983e-20,0.0005656717332898423
PRI_UPSTREAM_CENTER_F1p0,DECISION_GRADE_PHYSICAL_SCREEN,39,11925.0,4.182905923221779e-12,2.43848301482332e-20,0.0004631328441913199
PRI_UPSTREAM_CENTER_F1p0,DECISION_GRADE_PHYSICAL_SCREEN,40,12225.0,4.253175967495527e-12,2.4392875376182333e-20,0.00037918110229990696
PRI_UPSTREAM_CENTER_F2p0,DECISION_GRADE_PHYSICAL_SCREEN,1,525.0,0.026273337629007906,0.030041424373982835,0.8802138304013847
PRI_UPSTREAM_CENTER_F2p0,DECISION_GRADE_PHYSICAL_SCREEN,2,825.0,0.0017226629803424624,0.00015094274344539763,0.7215988680027748
PRI_UPSTREAM_CENTER_F2p0,DECISION_GRADE_PHYSICAL_SCREEN,3,1125.0,9.634979996581455e-05,4.883171824167908e-07,0.5907990164446798
PRI_UPSTREAM_CENTER_F2p0,DECISION_GRADE_PHYSICAL_SCREEN,4,1425.0,5.116117093119425e-06,1.3926592731649774e-09,0.4837053353896771
PRI_UPSTREAM_CENTER_F2p0,DECISION_GRADE_PHYSICAL_SCREEN,5,1725.0,2.6665201898048774e-07,3.799005919462584e-12,0.3960244335442863
PRI_UPSTREAM_CENTER_F2p0,DECISION_GRADE_PHYSICAL_SCREEN,6,2025.0,1.3801865991693903e-08,1.019386284529409e-14,0.3242373827130837
PRI_UPSTREAM_CENTER_F2p0,DECISION_GRADE_PHYSICAL_SCREEN,7,2325.0,7.125120132919531e-10,2.7200330815428405e-17,0.26546311652471705
PRI_UPSTREAM_CENTER_F2p0,DECISION_GRADE_PHYSICAL_SCREEN,8,2625.0,3.674651666278726e-11,9.226330399294294e-20,0.2173428173067097
PRI_UPSTREAM_CENTER_F2p0,DECISION_GRADE_PHYSICAL_SCREEN,9,2925.0,2.2041445347665067e-12,2.922894586478657e-20,0.17794524848961263
PRI_UPSTREAM_CENTER_F2p0,DECISION_GRADE_PHYSICAL_SCREEN,10,3225.0,1.6983407100328358e-13,2.8460174198997954e-20,0.14568924730254917
PRI_UPSTREAM_CENTER_F2p0,DECISION_GRADE_PHYSICAL_SCREEN,11,3525.0,1.2150578729746098e-12,2.915583399269186e-20,0.11928026715938041
PRI_UPSTREAM_CENTER_F2p0,DECISION_GRADE_PHYSICAL_SCREEN,12,3825.0,9.498537480537469e-14,2.8435058181729445e-20,0.0976584229587424
PRI_UPSTREAM_CENTER_F2p0,DECISION_GRADE_PHYSICAL_SCREEN,13,4125.0,1.528834061234358e-12,2.9287251654844205e-20,0.07995595417341923
PRI_UPSTREAM_CENTER_F2p0,DECISION_GRADE_PHYSICAL_SCREEN,14,4425.0,5.4107820066127695e-14,2.8360777380400135e-20,0.06546239857347214
PRI_UPSTREAM_CENTER_F2p0,DECISION_GRADE_PHYSICAL_SCREEN,15,4725.0,2.1367469858539187e-12,2.9480693194393385e-20,0.05359607888234985
PRI_UPSTREAM_CENTER_F2p0,DECISION_GRADE_PHYSICAL_SCREEN,16,5025.0,3.2934921244863564e-13,2.8255376142725946e-20,0.043880758025373216
PRI_UPSTREAM_CENTER_F2p0,DECISION_GRADE_PHYSICAL_SCREEN,17,5325.0,7.198085650792519e-13,2.8871945304363006e-20,0.03592652606374651
PRI_UPSTREAM_CENTER_F2p0,DECISION_GRADE_PHYSICAL_SCREEN,18,5625.0,3.684995852681199e-13,2.861161328022121e-20,0.029414151739646923
PRI_UPSTREAM_CENTER_F2p0,DECISION_GRADE_PHYSICAL_SCREEN,19,5925.0,6.692946310057343e-13,2.883631799912544e-20,0.02408227060495115
PRI_UPSTREAM_CENTER_F2p0,DECISION_GRADE_PHYSICAL_SCREEN,20,6225.0,4.0639672412010267e-13,2.8639609584974204e-20,0.019716895548219406
PRI_UPSTREAM_CENTER_F2p0,DECISION_GRADE_PHYSICAL_SCREEN,21,6525.0,6.281982402181004e-13,2.880651433552196e-20,0.016142828740553578
PRI_UPSTREAM_CENTER_F2p0,DECISION_GRADE_PHYSICAL_SCREEN,22,6825.0,4.416101608326731e-13,2.866603846826408e-20,0.013216630331562323
PRI_UPSTREAM_CENTER_F2p0,DECISION_GRADE_PHYSICAL_SCREEN,23,7125.0,5.972873102928331e-13,2.8783683502651716e-20,0.010820861704513317
PRI_UPSTREAM_CENTER_F2p0,DECISION_GRADE_PHYSICAL_SCREEN,24,7425.0,4.712425827527736e-13,2.8688472216758284e-20,0.008859372252288882
PRI_UPSTREAM_CENTER_F2p0,DECISION_GRADE_PHYSICAL_SCREEN,25,7725.0,5.776500579080326e-13,2.876902567130161e-20,0.007253440515914653
PRI_UPSTREAM_CENTER_F2p0,DECISION_GRADE_PHYSICAL_SCREEN,26,8025.0,4.956658261266579e-13,2.870702419373276e-20,0.005938614816001149
PRI_UPSTREAM_CENTER_F2p0,DECISION_GRADE_PHYSICAL_SCREEN,27,8325.0,5.676894302010021e-13,2.876155220897688e-20,0.004862126580544681
PRI_UPSTREAM_CENTER_F2p0,DECISION_GRADE_PHYSICAL_SCREEN,28,8625.0,5.166965178709268e-13,2.872300141388684e-20,0.003980772556849819
PRI_UPSTREAM_CENTER_F2p0,DECISION_GRADE_PHYSICAL_SCREEN,29,8925.0,5.654326071662788e-13,2.8759855691236197e-20,0.003259180913301816
PRI_UPSTREAM_CENTER_F2p0,DECISION_GRADE_PHYSICAL_SCREEN,30,9225.0,5.360453279216991e-13,2.873767386277907e-20,0.0026683916435649804
PRI_UPSTREAM_CENTER_F2p0,DECISION_GRADE_PHYSICAL_SCREEN,31,9525.0,5.695694024560535e-13,2.876296455963342e-20,0.0021846942998429504
PRI_UPSTREAM_CENTER_F2p0,DECISION_GRADE_PHYSICAL_SCREEN,32,9825.0,5.551375680824537e-13,2.875210284472629e-20,0.0017886764093555932
PRI_UPSTREAM_CENTER_F2p0,DECISION_GRADE_PHYSICAL_SCREEN,33,10125.0,5.792252897199099e-13,2.8770205336739975e-20,0.001464444383644525
PRI_UPSTREAM_CENTER_F2p0,DECISION_GRADE_PHYSICAL_SCREEN,34,10425.0,5.750834220254146e-13,2.8767102230007027e-20,0.0011989856530621032
PRI_UPSTREAM_CENTER_F2p0,DECISION_GRADE_PHYSICAL_SCREEN,35,10725.0,5.937810392751477e-13,2.878107433779865e-20,0.0009816464266612316
PRI_UPSTREAM_CENTER_F2p0,DECISION_GRADE_PHYSICAL_SCREEN,36,11025.0,5.967077115187215e-13,2.8783252458365546e-20,0.0008037041181566602
PRI_UPSTREAM_CENTER_F2p0,DECISION_GRADE_PHYSICAL_SCREEN,37,11325.0,6.127691306753727e-13,2.879515851058688e-20,0.0006580172779102776
PRI_UPSTREAM_CENTER_F2p0,DECISION_GRADE_PHYSICAL_SCREEN,38,11625.0,6.206043797341172e-13,2.8800935732112293e-20,0.0005387389814818053
PRI_UPSTREAM_CENTER_F2p0,DECISION_GRADE_PHYSICAL_SCREEN,39,11925.0,6.358366836638621e-13,2.881210435734055e-20,0.00044108217202106333
PRI_UPSTREAM_CENTER_F2p0,DECISION_GRADE_PHYSICAL_SCREEN,40,12225.0,6.472012306084854e-13,2.8820379862839066e-20,0.0003611275388680772
PRI_UPSTREAM_CENTER_F3p333333,DECISION_GRADE_PHYSICAL_SCREEN,1,525.0,0.0012901768105434577,0.00013477091927315636,0.8354635694806498
PRI_UPSTREAM_CENTER_F3p333333,DECISION_GRADE_PHYSICAL_SCREEN,2,825.0,5.217617701626513e-06,2.4688215363927017e-09,0.6840219181173588
PRI_UPSTREAM_CENTER_F3p333333,DECISION_GRADE_PHYSICAL_SCREEN,3,1125.0,1.8000932781294384e-08,3.023699016628064e-14,0.5600297801786067
PRI_UPSTREAM_CENTER_F3p333333,DECISION_GRADE_PHYSICAL_SCREEN,4,1425.0,5.950582748140002e-11,3.5571670812035293e-19,0.45851360367172783
PRI_UPSTREAM_CENTER_F3p333333,DECISION_GRADE_PHYSICAL_SCREEN,5,1725.0,1.278369376168593e-12,3.573107768018648e-20,0.375399188030653
PRI_UPSTREAM_CENTER_F3p333333,DECISION_GRADE_PHYSICAL_SCREEN,6,2025.0,1.2131656447691468e-12,3.570176842244442e-20,0.3073508599211994
PRI_UPSTREAM_CENTER_F3p333333,DECISION_GRADE_PHYSICAL_SCREEN,7,2325.0,1.243728732993484e-12,3.57183670757847e-20,0.2516376010024489
PRI_UPSTREAM_CENTER_F3p333333,DECISION_GRADE_PHYSICAL_SCREEN,8,2625.0,1.226476704489124e-12,3.570904287016855e-20,0.2060234425714717
PRI_UPSTREAM_CENTER_F3p333333,DECISION_GRADE_PHYSICAL_SCREEN,9,2925.0,1.237798966722134e-12,3.571517531093455e-20,0.1686777282882594
PRI_UPSTREAM_CENTER_F3p333333,DECISION_GRADE_PHYSICAL_SCREEN,10,3225.0,1.2322999533381502e-12,3.571220317163519e-20,0.1381016435089298
PRI_UPSTREAM_CENTER_F3p333333,DECISION_GRADE_PHYSICAL_SCREEN,11,3525.0,1.236955475170503e-12,3.5714720181894325e-20,0.11306806259137309
PRI_UPSTREAM_CENTER_F3p333333,DECISION_GRADE_PHYSICAL_SCREEN,12,3825.0,1.2357648514294613e-12,3.571407727617904e-20,0.09257230003450327
PRI_UPSTREAM_CENTER_F3p333333,DECISION_GRADE_PHYSICAL_SCREEN,13,4125.0,1.238266081884517e-12,3.5715427236730513e-20,0.07579178892140975
PRI_UPSTREAM_CENTER_F3p333333,DECISION_GRADE_PHYSICAL_SCREEN,14,4425.0,1.2388339975754738e-12,3.571573341208605e-20,0.06205306842075325
PRI_UPSTREAM_CENTER_F3p333333,DECISION_GRADE_PHYSICAL_SCREEN,15,4725.0,1.2408599408652652e-12,3.571682461983605e-20,0.05080475543892284
PRI_UPSTREAM_CENTER_F3p333333,DECISION_GRADE_PHYSICAL_SCREEN,16,5025.0,1.2423879787802802e-12,3.5717646593812184e-20,0.04159541568045199
PRI_UPSTREAM_CENTER_F3p333333,DECISION_GRADE_PHYSICAL_SCREEN,17,5325.0,1.2446497361786357e-12,3.571886159688309e-20,0.03405544600464815
PRI_UPSTREAM_CENTER_F3p333333,DECISION_GRADE_PHYSICAL_SCREEN,18,5625.0,1.2469946190545981e-12,3.5720119168860767e-20,0.027882240953792128
PRI_UPSTREAM_CENTER_F3p333333,DECISION_GRADE_PHYSICAL_SCREEN,19,5925.0,1.2499033860992846e-12,3.5721676212748596e-20,0.02282804813359998
PRI_UPSTREAM_CENTER_F3p333333,DECISION_GRADE_PHYSICAL_SCREEN,20,6225.0,1.253198240949007e-12,3.5723436005119573e-20,0.018690025039722728
PRI_UPSTREAM_CENTER_F3p333333,DECISION_GRADE_PHYSICAL_SCREEN,21,6525.0,1.2571071981747804e-12,3.572551840997827e-20,0.015302098275818524
PRI_UPSTREAM_CENTER_F3p333333,DECISION_GRADE_PHYSICAL_SCREEN,22,6825.0,1.261631460589524e-12,3.572792134603236e-20,0.012528298445034189
PRI_UPSTREAM_CENTER_F3p333333,DECISION_GRADE_PHYSICAL_SCREEN,23,7125.0,1.2669208780984575e-12,3.573072085127174e-20,0.010257303220688551
PRI_UPSTREAM_CENTER_F3p333333,DECISION_GRADE_PHYSICAL_SCREEN,24,7425.0,1.273049193246011e-12,3.573395119935458e-20,0.008397969590423545
PRI_UPSTREAM_CENTER_F3p333333,DECISION_GRADE_PHYSICAL_SCREEN,25,7725.0,1.2801452941585887e-12,3.573767416849411e-20,0.006875675967093461
PRI_UPSTREAM_CENTER_F3p333333,DECISION_GRADE_PHYSICAL_SCREEN,26,8025.0,1.2883117834129636e-12,3.5741935646426974e-20,0.005629327362458611
PRI_UPSTREAM_CENTER_F3p333333,DECISION_GRADE_PHYSICAL_SCREEN,27,8325.0,1.2976693261996555e-12,3.574678858754469e-20,0.004608903430788227
PRI_UPSTREAM_CENTER_F3p333333,DECISION_GRADE_PHYSICAL_SCREEN,28,8625.0,1.3083256587022967e-12,3.575227643724317e-20,0.0037734509767529396
PRI_UPSTREAM_CENTER_F3p333333,DECISION_GRADE_PHYSICAL_SCREEN,29,8925.0,1.3203893906082114e-12,3.575844001948613e-20,0.0030894403598997803
PRI_UPSTREAM_CENTER_F3p333333,DECISION_GRADE_PHYSICAL_SCREEN,30,9225.0,1.3339575456319745e-12,3.57653108827693e-20,0.0025294198324502582
PRI_UPSTREAM_CENTER_F3p333333,DECISION_GRADE_PHYSICAL_SCREEN,31,9525.0,1.349119642628501e-12,3.5772913294264797e-20,0.002070913804272383
PRI_UPSTREAM_CENTER_F3p333333,DECISION_GRADE_PHYSICAL_SCREEN,32,9825.0,1.3659531921454662e-12,3.5781261966893774e-20,0.0016955208185315163
PRI_UPSTREAM_CENTER_F3p333333,DECISION_GRADE_PHYSICAL_SCREEN,33,10125.0,1.384525816100249e-12,3.579036326370298e-20,0.0013881750366157046
PRI_UPSTREAM_CENTER_F3p333333,DECISION_GRADE_PHYSICAL_SCREEN,34,10425.0,1.404894956460635e-12,3.5800215281317564e-20,0.0011365415931324308
PRI_UPSTREAM_CENTER_F3p333333,DECISION_GRADE_PHYSICAL_SCREEN,35,10725.0,1.4271104135679229e-12,3.5810809391129226e-20,0.0009305215544497642
PRI_UPSTREAM_CENTER_F3p333333,DECISION_GRADE_PHYSICAL_SCREEN,36,11025.0,1.4512162864796184e-12,3.582213149158933e-20,0.0007618466130299499
PRI_UPSTREAM_CENTER_F3p333333,DECISION_GRADE_PHYSICAL_SCREEN,37,11325.0,1.4772539780340751e-12,3.583416373687636e-20,0.0006237472512159207
PRI_UPSTREAM_CENTER_F3p333333,DECISION_GRADE_PHYSICAL_SCREEN,38,11625.0,1.5052648718497026e-12,3.584688603093736e-20,0.0005106810567183319
PRI_UPSTREAM_CENTER_F3p333333,DECISION_GRADE_PHYSICAL_SCREEN,39,11925.0,1.5352931616894543e-12,3.586027748958225e-20,0.0004181102861496594
PRI_UPSTREAM_CENTER_F3p333333,DECISION_GRADE_PHYSICAL_SCREEN,40,12225.0,1.5673882820775603e-12,3.58743176002439e-20,0.00034231974944896117
PRI_UPSTREAM_CENTER_F8p0,DECISION_GRADE_PHYSICAL_SCREEN,1,525.0,1.4488401484488814e-11,7.644275613985507e-13,0.7660919917270989
PRI_UPSTREAM_CENTER_F8p0,DECISION_GRADE_PHYSICAL_SCREEN,2,825.0,6.497074782008145e-13,1.3668120645211586e-20,0.627223073313751
PRI_UPSTREAM_CENTER_F8p0,DECISION_GRADE_PHYSICAL_SCREEN,3,1125.0,1.4239223564613372e-12,1.2814310262830631e-20,0.5135268191620537
PRI_UPSTREAM_CENTER_F8p0,DECISION_GRADE_PHYSICAL_SCREEN,4,1425.0,1.3745557808280476e-12,4.866250683435382e-20,0.42044019937828886
PRI_UPSTREAM_CENTER_F8p0,DECISION_GRADE_PHYSICAL_SCREEN,5,1725.0,1.2795515366160816e-12,4.8681614549286615e-20,0.3442273210612432
PRI_UPSTREAM_CENTER_F8p0,DECISION_GRADE_PHYSICAL_SCREEN,6,2025.0,1.0944525461189981e-12,4.872184170930041e-20,0.2818294938024879
PRI_UPSTREAM_CENTER_F8p0,DECISION_GRADE_PHYSICAL_SCREEN,7,2325.0,2.4389102483219836e-12,1.2773814251777845e-20,0.23074247370049736
PRI_UPSTREAM_CENTER_F8p0,DECISION_GRADE_PHYSICAL_SCREEN,8,2625.0,3.142321353349325e-12,4.842613272134663e-20,0.1889159592598846
PRI_UPSTREAM_CENTER_F8p0,DECISION_GRADE_PHYSICAL_SCREEN,9,2925.0,4.848674423109205e-12,4.831802526503668e-20,0.15467130559329467
PRI_UPSTREAM_CENTER_F8p0,DECISION_GRADE_PHYSICAL_SCREEN,10,3225.0,8.955001763803986e-12,4.8308393686475566e-20,0.1266341545079528
PRI_UPSTREAM_CENTER_F8p0,DECISION_GRADE_PHYSICAL_SCREEN,11,3525.0,1.756564019468598e-11,4.9059936685530796e-20,0.1036792766856897
PRI_UPSTREAM_CENTER_F8p0,DECISION_GRADE_PHYSICAL_SCREEN,12,3825.0,5.932610815586949e-13,1.2419173297524282e-20,0.08488541227945517
PRI_UPSTREAM_CENTER_F8p0,DECISION_GRADE_PHYSICAL_SCREEN,13,4125.0,1.2449733329163384e-12,1.2825994017954206e-20,0.06949829752089332
PRI_UPSTREAM_CENTER_F8p0,DECISION_GRADE_PHYSICAL_SCREEN,14,4425.0,9.7161526893767e-13,4.875102459355639e-20,0.056900393466918615
PRI_UPSTREAM_CENTER_F8p0,DECISION_GRADE_PHYSICAL_SCREEN,15,4725.0,2.091443447025108e-12,1.2783723627282241e-20,0.04658610199360375
PRI_UPSTREAM_CENTER_F8p0,DECISION_GRADE_PHYSICAL_SCREEN,16,5025.0,2.2302252855721663e-12,4.852537843816227e-20,0.038141474368190875
PRI_UPSTREAM_CENTER_F8p0,DECISION_GRADE_PHYSICAL_SCREEN,17,5325.0,2.5236000234569627e-12,4.848926260283185e-20,0.031227598032973456
PRI_UPSTREAM_CENTER_F8p0,DECISION_GRADE_PHYSICAL_SCREEN,18,5625.0,3.161496199841702e-12,4.8424421284445547e-20,0.025566994854352862
PRI_UPSTREAM_CENTER_F8p0,DECISION_GRADE_PHYSICAL_SCREEN,19,5925.0,4.573870411517207e-12,4.8330162543065964e-20,0.020932484951045206
PRI_UPSTREAM_CENTER_F8p0,DECISION_GRADE_PHYSICAL_SCREEN,20,6225.0,7.652677727452881e-12,4.8280727212000625e-20,0.017138069167762764
PRI_UPSTREAM_CENTER_F8p0,DECISION_GRADE_PHYSICAL_SCREEN,21,6525.0,1.3607997835339375e-11,4.8599419663548985e-20,0.01403146427602495
PRI_UPSTREAM_CENTER_F8p0,DECISION_GRADE_PHYSICAL_SCREEN,22,6825.0,7.185633301259999e-13,1.245980667076177e-20,0.011487991313496704
PRI_UPSTREAM_CENTER_F8p0,DECISION_GRADE_PHYSICAL_SCREEN,23,7125.0,1.3612187349453135e-12,1.281820001383184e-20,0.009405571779452473
PRI_UPSTREAM_CENTER_F8p0,DECISION_GRADE_PHYSICAL_SCREEN,24,7425.0,9.354837353658873e-13,4.876003152734104e-20,0.007700630866120136
PRI_UPSTREAM_CENTER_F8p0,DECISION_GRADE_PHYSICAL_SCREEN,25,7725.0,1.7200788833547738e-12,1.279854945332624e-20,0.006304743308194091
PRI_UPSTREAM_CENTER_F8p0,DECISION_GRADE_PHYSICAL_SCREEN,26,8025.0,1.3675283599391037e-12,4.866388772795619e-20,0.005161887236681114
PRI_UPSTREAM_CENTER_F8p0,DECISION_GRADE_PHYSICAL_SCREEN,27,8325.0,7.962077484710999e-13,4.87967506876716e-20,0.004226195824591552
PRI_UPSTREAM_CENTER_F8p0,DECISION_GRADE_PHYSICAL_SCREEN,28,8625.0,1.3042416013148577e-12,1.2821920157204584e-20,0.003460116490122864
PRI_UPSTREAM_CENTER_F8p0,DECISION_GRADE_PHYSICAL_SCREEN,29,8925.0,5.828593894214868e-13,4.886014796434954e-20,0.0028329037796958356
PRI_UPSTREAM_CENTER_F8p0,DECISION_GRADE_PHYSICAL_SCREEN,30,9225.0,8.230035091157215e-13,1.2862622260832154e-20,0.0023193854449478327
PRI_UPSTREAM_CENTER_F8p0,DECISION_GRADE_PHYSICAL_SCREEN,31,9525.0,1.1759751545308907e-12,1.2831018480979966e-20,0.0018989521920202493
PRI_UPSTREAM_CENTER_F8p0,DECISION_GRADE_PHYSICAL_SCREEN,32,9825.0,1.6440293045233982e-12,1.2802224208327542e-20,0.0015547305582318228
PRI_UPSTREAM_CENTER_F8p0,DECISION_GRADE_PHYSICAL_SCREEN,33,10125.0,7.334811625766275e-13,4.8814421199229204e-20,0.0012729057207744915
PRI_UPSTREAM_CENTER_F8p0,DECISION_GRADE_PHYSICAL_SCREEN,34,10425.0,8.545484205714937e-13,1.2859312217139131e-20,0.0010421670593669706
PRI_UPSTREAM_CENTER_F8p0,DECISION_GRADE_PHYSICAL_SCREEN,35,10725.0,9.561181988532065e-13,1.2849376873719322e-20,0.0008532542213485857
PRI_UPSTREAM_CENTER_F8p0,DECISION_GRADE_PHYSICAL_SCREEN,36,11025.0,1.012903382465902e-12,1.2844255325870808e-20,0.0006985854712116946
PRI_UPSTREAM_CENTER_F8p0,DECISION_GRADE_PHYSICAL_SCREEN,37,11325.0,1.0027833192236897e-12,1.2845147054263727e-20,0.0005719534089344874
PRI_UPSTREAM_CENTER_F8p0,DECISION_GRADE_PHYSICAL_SCREEN,38,11625.0,9.138381247493233e-13,1.2853385396033775e-20,0.0004682758452224519
PRI_UPSTREAM_CENTER_F8p0,DECISION_GRADE_PHYSICAL_SCREEN,39,11925.0,7.484283084013784e-13,1.2870925572633387e-20,0.00038339183540720654
PRI_UPSTREAM_CENTER_F8p0,DECISION_GRADE_PHYSICAL_SCREEN,40,12225.0,5.226026995865003e-13,1.2901241482219392e-20,0.00031389468612689185
PRI_DOWNSTREAM_CENTER_F0p0,DECISION_GRADE_PHYSICAL_SCREEN,1,525.0,0.10306503024112235,0.3078150579021171,0.9514488339425536
PRI_DOWNSTREAM_CENTER_F0p0,DECISION_GRADE_PHYSICAL_SCREEN,2,825.0,0.03641672460089947,0.04586368959061295,0.8103799300126331
PRI_DOWNSTREAM_CENTER_F0p0,DECISION_GRADE_PHYSICAL_SCREEN,3,1125.0,0.013249464811408871,0.005874247700419247,0.6676525699946855
PRI_DOWNSTREAM_CENTER_F0p0,DECISION_GRADE_PHYSICAL_SCREEN,4,1425.0,0.004881683785527738,0.0007751303445514002,0.5471431546532108
PRI_DOWNSTREAM_CENTER_F0p0,DECISION_GRADE_PHYSICAL_SCREEN,5,1725.0,0.0018078668971562102,0.0001049080142081066,0.44802856367565086
PRI_DOWNSTREAM_CENTER_F0p0,DECISION_GRADE_PHYSICAL_SCREEN,6,2025.0,0.0006708816693782956,1.4367527990247018e-05,0.3668233626056607
PRI_DOWNSTREAM_CENTER_F0p0,DECISION_GRADE_PHYSICAL_SCREEN,7,2325.0,0.00024915637187275573,1.977348019814987e-06,0.3003307164634754
PRI_DOWNSTREAM_CENTER_F0p0,DECISION_GRADE_PHYSICAL_SCREEN,8,2625.0,9.256219311607612e-05,2.7266683646598806e-07,0.24589014897212585
PRI_DOWNSTREAM_CENTER_F0p0,DECISION_GRADE_PHYSICAL_SCREEN,9,2925.0,3.4391270145135716e-05,3.7628342853551773e-08,0.20131784800782407
PRI_DOWNSTREAM_CENTER_F0p0,DECISION_GRADE_PHYSICAL_SCREEN,10,3225.0,1.2778605352000034e-05,5.194316393713693e-09,0.16482511620601364
PRI_DOWNSTREAM_CENTER_F0p0,DECISION_GRADE_PHYSICAL_SCREEN,11,3525.0,4.748175498051899e-06,7.171214156896373e-10,0.13494739191567534
PRI_DOWNSTREAM_CENTER_F0p0,DECISION_GRADE_PHYSICAL_SCREEN,12,3825.0,1.7643031645574513e-06,9.900950402507054e-11,0.11048557986382895
PRI_DOWNSTREAM_CENTER_F0p0,DECISION_GRADE_PHYSICAL_SCREEN,13,4125.0,6.555727466805103e-07,1.3670010334888574e-11,0.09045794201372113
PRI_DOWNSTREAM_CENTER_F0p0,DECISION_GRADE_PHYSICAL_SCREEN,14,4425.0,2.43595380125918e-07,1.8873994776890332e-12,0.07406069898781957
PRI_DOWNSTREAM_CENTER_F0p0,DECISION_GRADE_PHYSICAL_SCREEN,15,4725.0,9.05143403887085e-08,2.605913526529871e-13,0.06063577185592288
PRI_DOWNSTREAM_CENTER_F0p0,DECISION_GRADE_PHYSICAL_SCREEN,16,5025.0,3.363301548102872e-08,3.5979624869693494e-14,0.049644371155084265
PRI_DOWNSTREAM_CENTER_F0p0,DECISION_GRADE_PHYSICAL_SCREEN,17,5325.0,1.249724407810938e-08,4.967678047948482e-15,0.040645373381887714
PRI_DOWNSTREAM_CENTER_F0p0,DECISION_GRADE_PHYSICAL_SCREEN,18,5625.0,4.643684525559562e-09,6.858834483690662e-16,0.033277617158089065
PRI_DOWNSTREAM_CENTER_F0p0,DECISION_GRADE_PHYSICAL_SCREEN,19,5925.0,1.7254849191577386e-09,9.469940078043336e-17,0.02724540855648308
PRI_DOWNSTREAM_CENTER_F0p0,DECISION_GRADE_PHYSICAL_SCREEN,20,6225.0,6.411499750744452e-10,1.3075073833781163e-17,0.02230665386536669
PRI_DOWNSTREAM_CENTER_F0p0,DECISION_GRADE_PHYSICAL_SCREEN,21,6525.0,2.382363859558611e-10,1.805265460929612e-18,0.018263143517841546
PRI_DOWNSTREAM_CENTER_F0p0,DECISION_GRADE_PHYSICAL_SCREEN,22,6825.0,8.85230879410181e-11,2.4925162473718617e-19,0.01495259724593367
PRI_DOWNSTREAM_CENTER_F0p0,DECISION_GRADE_PHYSICAL_SCREEN,23,7125.0,3.289311609131897e-11,3.441398169380261e-20,0.012242151203635032
PRI_DOWNSTREAM_CENTER_F0p0,DECISION_GRADE_PHYSICAL_SCREEN,24,7425.0,1.2222315233912046e-11,4.75151220356193e-21,0.01002302567424663
PRI_DOWNSTREAM_CENTER_F0p0,DECISION_GRADE_PHYSICAL_SCREEN,25,7725.0,4.541527451143284e-12,6.56037665925876e-22,0.008206159358395892
PRI_DOWNSTREAM_CENTER_F0p0,DECISION_GRADE_PHYSICAL_SCREEN,26,8025.0,1.6875257424668063e-12,9.057862017657723e-23,0.006718635031377396
PRI_DOWNSTREAM_CENTER_F0p0,DECISION_GRADE_PHYSICAL_SCREEN,27,8325.0,6.270452313981912e-13,1.250612100418229e-23,0.0055007531188957254
PRI_DOWNSTREAM_CENTER_F0p0,DECISION_GRADE_PHYSICAL_SCREEN,28,8625.0,2.3299539220378177e-13,1.7267105887506e-24,0.0045036357435295545
PRI_DOWNSTREAM_CENTER_F0p0,DECISION_GRADE_PHYSICAL_SCREEN,29,8925.0,8.657565685841988e-14,2.3840561404465235e-25,0.0036872650838888693
PRI_DOWNSTREAM_CENTER_F0p0,DECISION_GRADE_PHYSICAL_SCREEN,30,9225.0,3.216949609850519e-14,3.29164813017379e-26,0.003018877318930482
PRI_DOWNSTREAM_CENTER_F0p0,DECISION_GRADE_PHYSICAL_SCREEN,31,9525.0,1.195343491212822e-14,4.544753468286936e-27,0.002471647700777992
PRI_DOWNSTREAM_CENTER_F0p0,DECISION_GRADE_PHYSICAL_SCREEN,32,9825.0,4.441617790995864e-15,6.274906451322891e-28,0.0020236139834014276
PRI_DOWNSTREAM_CENTER_F0p0,DECISION_GRADE_PHYSICAL_SCREEN,33,10125.0,1.6504016415628714e-15,8.663715479312862e-29,0.0016567950005693857
PRI_DOWNSTREAM_CENTER_F0p0,DECISION_GRADE_PHYSICAL_SCREEN,34,10425.0,6.132507808292811e-16,1.1961925885072673e-29,0.0013564690185120085
PRI_DOWNSTREAM_CENTER_F0p0,DECISION_GRADE_PHYSICAL_SCREEN,35,10725.0,2.278696959072296e-16,1.651573983721391e-30,0.0011105829010532877
PRI_DOWNSTREAM_CENTER_F0p0,DECISION_GRADE_PHYSICAL_SCREEN,36,11025.0,8.46710675894081e-17,2.2803156029492426e-31,0.000909268374934888
PRI_DOWNSTREAM_CENTER_F0p0,DECISION_GRADE_PHYSICAL_SCREEN,37,11325.0,3.146179512017623e-17,3.1484143612733005e-32,0.0007444459813604336
PRI_DOWNSTREAM_CENTER_F0p0,DECISION_GRADE_PHYSICAL_SCREEN,38,11625.0,1.1690469724368624e-17,4.34699169599666e-33,0.000609500818945105
PRI_DOWNSTREAM_CENTER_F0p0,DECISION_GRADE_PHYSICAL_SCREEN,39,11925.0,4.3439060566743e-18,6.00185828063043e-34,0.0004990170644965725
PRI_DOWNSTREAM_CENTER_F0p0,DECISION_GRADE_PHYSICAL_SCREEN,40,12225.0,1.6140942386496592e-18,8.286719952547097e-35,0.0004085606170140426
PRI_DOWNSTREAM_CENTER_F0p25,DECISION_GRADE_PHYSICAL_SCREEN,1,525.0,0.07750158504528257,0.21189260917158959,0.936166512904703
PRI_DOWNSTREAM_CENTER_F0p25,DECISION_GRADE_PHYSICAL_SCREEN,2,825.0,0.023922737284659715,0.022543219283140174,0.7863689742372624
PRI_DOWNSTREAM_CENTER_F0p25,DECISION_GRADE_PHYSICAL_SCREEN,3,1125.0,0.007703904140586979,0.002234074986138389,0.6458131146489428
PRI_DOWNSTREAM_CENTER_F0p25,DECISION_GRADE_PHYSICAL_SCREEN,4,1425.0,0.0025364969687908284,0.0002335748723026646,0.5289444299358169
PRI_DOWNSTREAM_CENTER_F0p25,DECISION_GRADE_PHYSICAL_SCREEN,5,1725.0,0.0008449110818877863,2.5372484841647204e-05,0.4330836702393407
PRI_DOWNSTREAM_CENTER_F0p25,DECISION_GRADE_PHYSICAL_SCREEN,6,2025.0,0.0002831990393109657,2.8166636995664086e-06,0.3545811478665671
PRI_DOWNSTREAM_CENTER_F0p25,DECISION_GRADE_PHYSICAL_SCREEN,7,2325.0,9.524721688607963e-05,3.164710337869705e-07,0.2903067366652714
PRI_DOWNSTREAM_CENTER_F0p25,DECISION_GRADE_PHYSICAL_SCREEN,8,2625.0,3.209502134495768e-05,3.57971350256341e-08,0.23768308074814132
PRI_DOWNSTREAM_CENTER_F0p25,DECISION_GRADE_PHYSICAL_SCREEN,9,2925.0,1.082651939466284e-05,4.064488371181062e-09,0.1945984508129037
PRI_DOWNSTREAM_CENTER_F0p25,DECISION_GRADE_PHYSICAL_SCREEN,10,3225.0,3.654309447704861e-06,4.6248498774646873e-10,0.15932373653550846
PRI_DOWNSTREAM_CENTER_F0p25,DECISION_GRADE_PHYSICAL_SCREEN,11,3525.0,1.2338820127571246e-06,5.2689421255882044e-11,0.13044324283712963
PRI_DOWNSTREAM_CENTER_F0p25,DECISION_GRADE_PHYSICAL_SCREEN,12,3825.0,4.167054092465206e-07,6.006971927532695e-12,0.10679789444655699
PRI_DOWNSTREAM_CENTER_F0p25,DECISION_GRADE_PHYSICAL_SCREEN,13,4125.0,1.4074559131153126e-07,6.851157220653689e-13,0.08743872054789444
PRI_DOWNSTREAM_CENTER_F0p25,DECISION_GRADE_PHYSICAL_SCREEN,14,4425.0,4.754111303783192e-08,7.815804293169268e-14,0.07158876952241235
PRI_DOWNSTREAM_CENTER_F0p25,DECISION_GRADE_PHYSICAL_SCREEN,15,4725.0,1.6059075265166648e-08,8.917473807036524e-15,0.058611927183017526
PRI_DOWNSTREAM_CENTER_F0p25,DECISION_GRADE_PHYSICAL_SCREEN,16,5025.0,5.4247698193811346e-09,1.017521704387341e-15,0.04798738728190455
PRI_DOWNSTREAM_CENTER_F0p25,DECISION_GRADE_PHYSICAL_SCREEN,17,5325.0,1.832515377802375e-09,1.1610874581269536e-16,0.03928874972755856
PRI_DOWNSTREAM_CENTER_F0p25,DECISION_GRADE_PHYSICAL_SCREEN,18,5625.0,6.190377438405584e-10,1.3249435618735401e-17,0.03216690765193639
PRI_DOWNSTREAM_CENTER_F0p25,DECISION_GRADE_PHYSICAL_SCREEN,19,5925.0,2.0911658131341295e-10,1.5119459946498869e-18,0.026336036526059776
PRI_DOWNSTREAM_CENTER_F0p25,DECISION_GRADE_PHYSICAL_SCREEN,20,6225.0,7.064165602269317e-11,1.7253567230856117e-19,0.02156212301807016
PRI_DOWNSTREAM_CENTER_F0p25,DECISION_GRADE_PHYSICAL_SCREEN,21,6525.0,2.386348591616588e-11,1.96890004332665e-20,0.017653573216544666
PRI_DOWNSTREAM_CENTER_F0p25,DECISION_GRADE_PHYSICAL_SCREEN,22,6825.0,8.061340214863082e-12,2.246827208299531e-21,0.014453523294098906
PRI_DOWNSTREAM_CENTER_F0p25,DECISION_GRADE_PHYSICAL_SCREEN,23,7125.0,2.7232080310176987e-12,2.563990395911249e-22,0.01183354401120775
PRI_DOWNSTREAM_CENTER_F0p25,DECISION_GRADE_PHYSICAL_SCREEN,24,7425.0,9.19929414403257e-13,2.925927262097538e-23,0.009688486399877565
PRI_DOWNSTREAM_CENTER_F0p25,DECISION_GRADE_PHYSICAL_SCREEN,25,7725.0,3.107622516043107e-13,3.338957524098846e-24,0.007932261766357543
PRI_DOWNSTREAM_CENTER_F0p25,DECISION_GRADE_PHYSICAL_SCREEN,26,8025.0,1.0497890836996385e-13,3.8102932418610063e-25,0.006494386649581595
PRI_DOWNSTREAM_CENTER_F0p25,DECISION_GRADE_PHYSICAL_SCREEN,27,8325.0,3.5463032334121744e-14,4.3481647250044017e-26,0.00531715407239153
PRI_DOWNSTREAM_CENTER_F0p25,DECISION_GRADE_PHYSICAL_SCREEN,28,8625.0,1.197980358186589e-14,4.961964371534574e-27,0.004353317557920775
PRI_DOWNSTREAM_CENTER_F0p25,DECISION_GRADE_PHYSICAL_SCREEN,29,8925.0,4.0469099459248086e-15,5.662411806928664e-28,0.0035641949625840772
PRI_DOWNSTREAM_CENTER_F0p25,DECISION_GRADE_PHYSICAL_SCREEN,30,9225.0,1.3670909998476569e-15,6.461749369206376e-29,0.0029181160258332107
PRI_DOWNSTREAM_CENTER_F0p25,DECISION_GRADE_PHYSICAL_SCREEN,31,9525.0,4.618187184195325e-16,7.37401365685252e-30,0.0023891513313993524
PRI_DOWNSTREAM_CENTER_F0p25,DECISION_GRADE_PHYSICAL_SCREEN,32,9825.0,1.5600801729938637e-16,8.415665039224413e-31,0.0019560716687738546
PRI_DOWNSTREAM_CENTER_F0p25,DECISION_GRADE_PHYSICAL_SCREEN,33,10125.0,5.2702268888544365e-17,9.608309795516332e-32,0.0016014960304497226
PRI_DOWNSTREAM_CENTER_F0p25,DECISION_GRADE_PHYSICAL_SCREEN,34,10425.0,1.7805250578376338e-17,1.0993697413568208e-32,0.0013111940510615
PRI_DOWNSTREAM_CENTER_F0p25,DECISION_GRADE_PHYSICAL_SCREEN,35,10725.0,6.017889750341053e-18,1.2718054224876555e-33,0.0010735148928569516
PRI_DOWNSTREAM_CENTER_F0p25,DECISION_GRADE_PHYSICAL_SCREEN,36,11025.0,2.0377219159464977e-18,1.5507930279814803e-34,0.0008789196566692011
PRI_DOWNSTREAM_CENTER_F0p25,DECISION_GRADE_PHYSICAL_SCREEN,37,11325.0,6.953219745988642e-19,2.3521705390263035e-35,0.0007195985523998161
PRI_DOWNSTREAM_CENTER_F0p25,DECISION_GRADE_PHYSICAL_SCREEN,38,11625.0,2.4400510506966137e-19,5.936695710422156e-36,0.0005891574647201272
PRI_DOWNSTREAM_CENTER_F0p25,DECISION_GRADE_PHYSICAL_SCREEN,39,11925.0,9.278530835892307e-20,2.1946416410827454e-36,0.00048236133477182425
PRI_DOWNSTREAM_CENTER_F0p25,DECISION_GRADE_PHYSICAL_SCREEN,40,12225.0,4.084589081602931e-20,8.66411885806252e-37,0.0003949240588734362
PRI_DOWNSTREAM_CENTER_F0p5,DECISION_GRADE_PHYSICAL_SCREEN,1,525.0,0.05470528669392918,0.12578102603531588,0.9174520716570285
PRI_DOWNSTREAM_CENTER_F0p5,DECISION_GRADE_PHYSICAL_SCREEN,2,825.0,0.014303310581094313,0.008983046379216118,0.7619343104927575
PRI_DOWNSTREAM_CENTER_F0p5,DECISION_GRADE_PHYSICAL_SCREEN,3,1125.0,0.0039510456321868006,0.0006550109718475091,0.6245777752502206
PRI_DOWNSTREAM_CENTER_F0p5,DECISION_GRADE_PHYSICAL_SCREEN,4,1425.0,0.0011242477498892573,5.142057649406947e-05,0.511417405887772
PRI_DOWNSTREAM_CENTER_F0p5,DECISION_GRADE_PHYSICAL_SCREEN,5,1725.0,0.00032501162969359566,4.22279216498348e-06,0.4187176285700262
PRI_DOWNSTREAM_CENTER_F0p5,DECISION_GRADE_PHYSICAL_SCREEN,6,2025.0,9.475559204598137e-05,3.5550827306751193e-07,0.3428173682537023
PRI_DOWNSTREAM_CENTER_F0p5,DECISION_GRADE_PHYSICAL_SCREEN,7,2325.0,2.7750208731597782e-05,3.033360181376971e-08,0.2806751532037156
PRI_DOWNSTREAM_CENTER_F0p5,DECISION_GRADE_PHYSICAL_SCREEN,8,2625.0,8.1465053996434e-06,2.6069047832011732e-09,0.2297973822113903
PRI_DOWNSTREAM_CENTER_F0p5,DECISION_GRADE_PHYSICAL_SCREEN,9,2925.0,2.3946066838323942e-06,2.2490658623781904e-10,0.1881421840218923
PRI_DOWNSTREAM_CENTER_F0p5,DECISION_GRADE_PHYSICAL_SCREEN,10,3225.0,7.043610500241912e-07,1.9443604252496965e-11,0.1540377920297089
PRI_DOWNSTREAM_CENTER_F0p5,DECISION_GRADE_PHYSICAL_SCREEN,11,3525.0,2.072602862325459e-07,1.682798198662913e-12,0.12611547747265897
PRI_DOWNSTREAM_CENTER_F0p5,DECISION_GRADE_PHYSICAL_SCREEN,12,3825.0,6.099894104713245e-08,1.457285752263887e-13,0.10325461984612698
PRI_DOWNSTREAM_CENTER_F0p5,DECISION_GRADE_PHYSICAL_SCREEN,13,4125.0,1.7954540872966337e-08,1.262396234355902e-14,0.08453773266541306
PRI_DOWNSTREAM_CENTER_F0p5,DECISION_GRADE_PHYSICAL_SCREEN,14,4425.0,5.2850807069263695e-09,1.0937700836487193e-15,0.06921364152865983
PRI_DOWNSTREAM_CENTER_F0p5,DECISION_GRADE_PHYSICAL_SCREEN,15,4725.0,1.555792305629013e-09,9.478954836341414e-17,0.056667336852029244
PRI_DOWNSTREAM_CENTER_F0p5,DECISION_GRADE_PHYSICAL_SCREEN,16,5025.0,4.5810955283247703e-10,8.229271498748445e-18,0.046395291375785574
PRI_DOWNSTREAM_CENTER_F0p5,DECISION_GRADE_PHYSICAL_SCREEN,17,5325.0,1.3529070401928455e-10,7.2881284494299435e-19,0.037985251847369325
PRI_DOWNSTREAM_CENTER_F0p5,DECISION_GRADE_PHYSICAL_SCREEN,18,5625.0,4.128013010212635e-11,8.110140496046428e-20,0.03109969385085349
PRI_DOWNSTREAM_CENTER_F0p5,DECISION_GRADE_PHYSICAL_SCREEN,19,5925.0,1.6310914253254703e-11,3.0008426805651825e-20,0.02546227576700396
PRI_DOWNSTREAM_CENTER_F0p5,DECISION_GRADE_PHYSICAL_SCREEN,20,6225.0,1.1913824746568918e-11,2.6595845794475713e-20,0.0208467482137984
PRI_DOWNSTREAM_CENTER_F0p5,DECISION_GRADE_PHYSICAL_SCREEN,21,6525.0,1.1477934688328464e-11,2.632280941756256e-20,0.017067873864310235
PRI_DOWNSTREAM_CENTER_F0p5,DECISION_GRADE_PHYSICAL_SCREEN,22,6825.0,1.1466390229295988e-11,2.6300334565957984e-20,0.013973993222366725
PRI_DOWNSTREAM_CENTER_F0p5,DECISION_GRADE_PHYSICAL_SCREEN,23,7125.0,1.1495433199523988e-11,2.6299495857899268e-20,0.01144093799445492
PRI_DOWNSTREAM_CENTER_F0p5,DECISION_GRADE_PHYSICAL_SCREEN,24,7425.0,1.1531532363805894e-11,2.6300655469741895e-20,0.009367047780118572
PRI_DOWNSTREAM_CENTER_F0p5,DECISION_GRADE_PHYSICAL_SCREEN,25,7725.0,1.1572384910698976e-11,2.6302133018338587e-20,0.007669090083133917
PRI_DOWNSTREAM_CENTER_F0p5,DECISION_GRADE_PHYSICAL_SCREEN,26,8025.0,1.1618474126291148e-11,2.63038050894091e-20,0.0062789198991871145
PRI_DOWNSTREAM_CENTER_F0p5,DECISION_GRADE_PHYSICAL_SCREEN,27,8325.0,1.1669847653971126e-11,2.6305657943790806e-20,0.005140744817577793
PRI_DOWNSTREAM_CENTER_F0p5,DECISION_GRADE_PHYSICAL_SCREEN,28,8625.0,1.1728193070087143e-11,2.630774686790548e-20,0.004208885875877198
PRI_DOWNSTREAM_CENTER_F0p5,DECISION_GRADE_PHYSICAL_SCREEN,29,8925.0,1.1794362735219183e-11,2.6310096149481008e-20,0.00344594430277622
PRI_DOWNSTREAM_CENTER_F0p5,DECISION_GRADE_PHYSICAL_SCREEN,30,9225.0,1.186950955374298e-11,2.631273888827194e-20,0.002821300574076756
PRI_DOWNSTREAM_CENTER_F0p5,DECISION_GRADE_PHYSICAL_SCREEN,31,9525.0,1.1954729819091306e-11,2.6315703697944173e-20,0.0023098855436732043
PRI_DOWNSTREAM_CENTER_F0p5,DECISION_GRADE_PHYSICAL_SCREEN,32,9825.0,1.2051219197234862e-11,2.6319019732617596e-20,0.0018911743306955062
PRI_DOWNSTREAM_CENTER_F0p5,DECISION_GRADE_PHYSICAL_SCREEN,33,10125.0,1.2160156678369463e-11,2.632271212058922e-20,0.00154836258397208
PRI_DOWNSTREAM_CENTER_F0p5,DECISION_GRADE_PHYSICAL_SCREEN,34,10425.0,1.2282727384340514e-11,2.6326802287136397e-20,0.001267692064413231
PRI_DOWNSTREAM_CENTER_F0p5,DECISION_GRADE_PHYSICAL_SCREEN,35,10725.0,1.2417510204027657e-11,2.633122257176292e-20,0.0010378984785680261
PRI_DOWNSTREAM_CENTER_F0p5,DECISION_GRADE_PHYSICAL_SCREEN,36,11025.0,1.2568961981234416e-11,2.6336094459225016e-20,0.0008497594029764918
PRI_DOWNSTREAM_CENTER_F0p5,DECISION_GRADE_PHYSICAL_SCREEN,37,11325.0,1.2736486539768694e-11,2.6341368380532625e-20,0.0006957241559340392
PRI_DOWNSTREAM_CENTER_F0p5,DECISION_GRADE_PHYSICAL_SCREEN,38,11625.0,1.2921856821494463e-11,2.6347066205403134e-20,0.0005696107621224193
PRI_DOWNSTREAM_CENTER_F0p5,DECISION_GRADE_PHYSICAL_SCREEN,39,11925.0,1.3122726067355583e-11,2.63530804491854e-20,0.0004663578482338115
PRI_DOWNSTREAM_CENTER_F0p5,DECISION_GRADE_PHYSICAL_SCREEN,40,12225.0,1.3342767188328634e-11,2.6359482225539503e-20,0.0003818215122882956
PRI_DOWNSTREAM_CENTER_F0p666667,DECISION_GRADE_PHYSICAL_SCREEN,1,525.0,0.041817357919084024,0.08114802000554941,0.903836818394449
PRI_DOWNSTREAM_CENTER_F0p666667,DECISION_GRADE_PHYSICAL_SCREEN,2,825.0,0.009596615723252197,0.004305103166500083,0.7465563514416531
PRI_DOWNSTREAM_CENTER_F0p666667,DECISION_GRADE_PHYSICAL_SCREEN,3,1125.0,0.002345193905625576,0.0002462255904039422,0.6115802079236972
PRI_DOWNSTREAM_CENTER_F0p666667,DECISION_GRADE_PHYSICAL_SCREEN,4,1425.0,0.000592701932459169,1.5312485530538387e-05,0.5007401402795914
PRI_DOWNSTREAM_CENTER_F0p666667,DECISION_GRADE_PHYSICAL_SCREEN,5,1725.0,0.00015246234453123283,9.985819116886566e-07,0.4099726515740995
PRI_DOWNSTREAM_CENTER_F0p666667,DECISION_GRADE_PHYSICAL_SCREEN,6,2025.0,3.957868668175604e-05,6.67823123846358e-08,0.33565730307717456
PRI_DOWNSTREAM_CENTER_F0p666667,DECISION_GRADE_PHYSICAL_SCREEN,7,2325.0,1.0322944725215499e-05,4.525073096806539e-09,0.27481296224921137
PRI_DOWNSTREAM_CENTER_F0p666667,DECISION_GRADE_PHYSICAL_SCREEN,8,2625.0,2.6989419138742803e-06,3.0868824326104083e-10,0.2249978239264453
PRI_DOWNSTREAM_CENTER_F0p666667,DECISION_GRADE_PHYSICAL_SCREEN,9,2925.0,7.065124873229572e-07,2.1130926871383274e-11,0.18421263785073488
PRI_DOWNSTREAM_CENTER_F0p666667,DECISION_GRADE_PHYSICAL_SCREEN,10,3225.0,1.8506339945232175e-07,1.4490633591130553e-12,0.15082055171583056
PRI_DOWNSTREAM_CENTER_F0p666667,DECISION_GRADE_PHYSICAL_SCREEN,11,3525.0,4.849104539124903e-08,9.946046249165374e-14,0.12348142388606326
PRI_DOWNSTREAM_CENTER_F0p666667,DECISION_GRADE_PHYSICAL_SCREEN,12,3825.0,1.2707915012085299e-08,6.8299273319703574e-15,0.1010980391693866
PRI_DOWNSTREAM_CENTER_F0p666667,DECISION_GRADE_PHYSICAL_SCREEN,13,4125.0,3.3306097479691006e-09,4.691351887890479e-16,0.08277207374385981
PRI_DOWNSTREAM_CENTER_F0p666667,DECISION_GRADE_PHYSICAL_SCREEN,14,4425.0,8.729551642695796e-10,3.224192771893211e-17,0.06776804227013662
PRI_DOWNSTREAM_CENTER_F0p666667,DECISION_GRADE_PHYSICAL_SCREEN,15,4725.0,2.2880839005575905e-10,2.2303340387293507e-18,0.05548378028244946
PRI_DOWNSTREAM_CENTER_F0p666667,DECISION_GRADE_PHYSICAL_SCREEN,16,5025.0,5.997337802221534e-11,1.6946614054382464e-19,0.04542627721426313
PRI_DOWNSTREAM_CENTER_F0p666667,DECISION_GRADE_PHYSICAL_SCREEN,17,5325.0,1.57330173176951e-11,3.358808749349392e-20,0.037191890153162814
PRI_DOWNSTREAM_CENTER_F0p666667,DECISION_GRADE_PHYSICAL_SCREEN,18,5625.0,4.136910052303845e-12,2.6267260891936825e-20,0.03045014423349257
PRI_DOWNSTREAM_CENTER_F0p666667,DECISION_GRADE_PHYSICAL_SCREEN,19,5925.0,1.2327493141606226e-12,2.6015764792708033e-20,0.02493046951962054
PRI_DOWNSTREAM_CENTER_F0p666667,DECISION_GRADE_PHYSICAL_SCREEN,20,6225.0,4.994709418345416e-13,2.5844521667239815e-20,0.0204113420843866
PRI_DOWNSTREAM_CENTER_F0p666667,DECISION_GRADE_PHYSICAL_SCREEN,21,6525.0,5.618520418718282e-13,2.5956491701499496e-20,0.016711393476082144
PRI_DOWNSTREAM_CENTER_F0p666667,DECISION_GRADE_PHYSICAL_SCREEN,22,6825.0,4.41829733038965e-13,2.5865986768279963e-20,0.013682131765655206
PRI_DOWNSTREAM_CENTER_F0p666667,DECISION_GRADE_PHYSICAL_SCREEN,23,7125.0,5.34721803456108e-13,2.5939217298233518e-20,0.011201982044207064
PRI_DOWNSTREAM_CENTER_F0p666667,DECISION_GRADE_PHYSICAL_SCREEN,24,7425.0,4.63219920277015e-13,2.588321036412012e-20,0.00917140719501968
PRI_DOWNSTREAM_CENTER_F0p666667,DECISION_GRADE_PHYSICAL_SCREEN,25,7725.0,5.225166302533716e-13,2.5929759799877125e-20,0.0075089131195632845
PRI_DOWNSTREAM_CENTER_F0p666667,DECISION_GRADE_PHYSICAL_SCREEN,26,8025.0,4.795483004602887e-13,2.589609055985172e-20,0.006147778093177185
PRI_DOWNSTREAM_CENTER_F0p666667,DECISION_GRADE_PHYSICAL_SCREEN,27,8325.0,5.173542262313949e-13,2.592573833312018e-20,0.005033374987983276
PRI_DOWNSTREAM_CENTER_F0p666667,DECISION_GRADE_PHYSICAL_SCREEN,28,8625.0,4.928259695936282e-13,2.5906536560502366e-20,0.004120978894435425
PRI_DOWNSTREAM_CENTER_F0p666667,DECISION_GRADE_PHYSICAL_SCREEN,29,8925.0,5.174345257881806e-13,2.5925800970330177e-20,0.0033739721536595844
PRI_DOWNSTREAM_CENTER_F0p666667,DECISION_GRADE_PHYSICAL_SCREEN,30,9225.0,5.04845606368721e-13,2.5915963921109534e-20,0.0027623747622298523
PRI_DOWNSTREAM_CENTER_F0p666667,DECISION_GRADE_PHYSICAL_SCREEN,31,9525.0,5.217044228302713e-13,2.5929127755468307e-20,0.002261641169364058
PRI_DOWNSTREAM_CENTER_F0p666667,DECISION_GRADE_PHYSICAL_SCREEN,32,9825.0,5.169816154976707e-13,2.5925447848450484e-20,0.0018516751777856025
PRI_DOWNSTREAM_CENTER_F0p666667,DECISION_GRADE_PHYSICAL_SCREEN,33,10125.0,5.296457180442206e-13,2.593530048194813e-20,0.0015160234127642124
PRI_DOWNSTREAM_CENTER_F0p666667,DECISION_GRADE_PHYSICAL_SCREEN,34,10425.0,5.302693258835786e-13,2.5935784394381964e-20,0.0012412149904162955
PRI_DOWNSTREAM_CENTER_F0p666667,DECISION_GRADE_PHYSICAL_SCREEN,35,10725.0,5.410353423788118e-13,2.594411783481851e-20,0.0010162208838352135
PRI_DOWNSTREAM_CENTER_F0p666667,DECISION_GRADE_PHYSICAL_SCREEN,36,11025.0,5.454625618067948e-13,2.5947532993933765e-20,0.000832011289515977
PRI_DOWNSTREAM_CENTER_F0p666667,DECISION_GRADE_PHYSICAL_SCREEN,37,11325.0,5.557850994357855e-13,2.5955467298473726e-20,0.0006811932296347984
PRI_DOWNSTREAM_CENTER_F0p666667,DECISION_GRADE_PHYSICAL_SCREEN,38,11625.0,5.63078799666453e-13,2.5961048228721022e-20,0.0005577138458905212
PRI_DOWNSTREAM_CENTER_F0p666667,DECISION_GRADE_PHYSICAL_SCREEN,39,11925.0,5.738513408650234e-13,2.5969250376485896e-20,0.00045661747704796394
PRI_DOWNSTREAM_CENTER_F0p666667,DECISION_GRADE_PHYSICAL_SCREEN,40,12225.0,5.834503529657241e-13,2.5976516016111978e-20,0.0003738467708520476
PRI_DOWNSTREAM_CENTER_F1p0,DECISION_GRADE_PHYSICAL_SCREEN,1,525.0,0.022374186420632106,0.02718371047259408,0.8765249704374217
PRI_DOWNSTREAM_CENTER_F1p0,DECISION_GRADE_PHYSICAL_SCREEN,2,825.0,0.0037585325113116677,0.0007390340381099031,0.7196057753364589
PRI_DOWNSTREAM_CENTER_F1p0,DECISION_GRADE_PHYSICAL_SCREEN,3,1125.0,0.0006818645307308066,2.343444364885215e-05,0.5892192820062983
PRI_DOWNSTREAM_CENTER_F1p0,DECISION_GRADE_PHYSICAL_SCREEN,4,1425.0,0.0001286705792987266,8.179551963826662e-07,0.48241377355560233
PRI_DOWNSTREAM_CENTER_F1p0,DECISION_GRADE_PHYSICAL_SCREEN,5,1725.0,2.4758639792158935e-05,2.998411881712052e-08,0.3949670568733774
PRI_DOWNSTREAM_CENTER_F1p0,DECISION_GRADE_PHYSICAL_SCREEN,6,2025.0,4.809038839838448e-06,1.1257976741949221e-09,0.32337167830636687
PRI_DOWNSTREAM_CENTER_F1p0,DECISION_GRADE_PHYSICAL_SCREEN,7,2325.0,9.3827992124252e-07,4.275747239309346e-11,0.2647543377939707
PRI_DOWNSTREAM_CENTER_F1p0,DECISION_GRADE_PHYSICAL_SCREEN,8,2625.0,1.8345277469245684e-07,1.632769357761667e-12,0.216762518366148
PRI_DOWNSTREAM_CENTER_F1p0,DECISION_GRADE_PHYSICAL_SCREEN,9,2925.0,3.590444945225803e-08,6.251024131216495e-14,0.1774701399011272
PRI_DOWNSTREAM_CENTER_F1p0,DECISION_GRADE_PHYSICAL_SCREEN,10,3225.0,7.0303260766305194e-09,2.396096783446985e-15,0.1453002612901097
PRI_DOWNSTREAM_CENTER_F1p0,DECISION_GRADE_PHYSICAL_SCREEN,11,3525.0,1.3768908931612004e-09,9.191426818783156e-17,0.11896179234847924
PRI_DOWNSTREAM_CENTER_F1p0,DECISION_GRADE_PHYSICAL_SCREEN,12,3825.0,2.6971523372867546e-10,3.543612951588417e-18,0.09739767783697692
PRI_DOWNSTREAM_CENTER_F1p0,DECISION_GRADE_PHYSICAL_SCREEN,13,4125.0,5.295409283445825e-11,1.5517936132867038e-19,0.07974247412351478
PRI_DOWNSTREAM_CENTER_F1p0,DECISION_GRADE_PHYSICAL_SCREEN,14,4425.0,1.0980889958938816e-11,3.309447723302713e-20,0.06528761589144673
PRI_DOWNSTREAM_CENTER_F1p0,DECISION_GRADE_PHYSICAL_SCREEN,15,4725.0,4.201433173973306e-12,2.978961013684094e-20,0.05345297892547019
PRI_DOWNSTREAM_CENTER_F1p0,DECISION_GRADE_PHYSICAL_SCREEN,16,5025.0,3.706801403323557e-12,2.967300983712822e-20,0.0437635976899117
PRI_DOWNSTREAM_CENTER_F1p0,DECISION_GRADE_PHYSICAL_SCREEN,17,5325.0,3.692583390841751e-12,2.9669526256672394e-20,0.035830603294063235
PRI_DOWNSTREAM_CENTER_F1p0,DECISION_GRADE_PHYSICAL_SCREEN,18,5625.0,3.698345789169953e-12,2.9670401992066216e-20,0.029335616818186812
PRI_DOWNSTREAM_CENTER_F1p0,DECISION_GRADE_PHYSICAL_SCREEN,19,5925.0,3.705666784003603e-12,2.967156936208214e-20,0.024017971649561196
PRI_DOWNSTREAM_CENTER_F1p0,DECISION_GRADE_PHYSICAL_SCREEN,20,6225.0,3.713661858997007e-12,2.967284340653889e-20,0.019664252016050855
PRI_DOWNSTREAM_CENTER_F1p0,DECISION_GRADE_PHYSICAL_SCREEN,21,6525.0,3.722588834377328e-12,2.9674262713165965e-20,0.01609972786181654
PRI_DOWNSTREAM_CENTER_F1p0,DECISION_GRADE_PHYSICAL_SCREEN,22,6825.0,3.7325027918328444e-12,2.967583486358022e-20,0.013181342316655622
PRI_DOWNSTREAM_CENTER_F1p0,DECISION_GRADE_PHYSICAL_SCREEN,23,7125.0,3.743631787966086e-12,2.9677594605121756e-20,0.01079197032149413
PRI_DOWNSTREAM_CENTER_F1p0,DECISION_GRADE_PHYSICAL_SCREEN,24,7425.0,3.756140911053769e-12,2.9679566186666525e-20,0.008835717988512118
PRI_DOWNSTREAM_CENTER_F1p0,DECISION_GRADE_PHYSICAL_SCREEN,25,7725.0,3.770274039915157e-12,2.9681785647346255e-20,0.007234074042719195
PRI_DOWNSTREAM_CENTER_F1p0,DECISION_GRADE_PHYSICAL_SCREEN,26,8025.0,3.786270848009397e-12,2.968428750847188e-20,0.005922758888817367
PRI_DOWNSTREAM_CENTER_F1p0,DECISION_GRADE_PHYSICAL_SCREEN,27,8325.0,3.804415448420123e-12,2.968711218626235e-20,0.0048491448453407545
PRI_DOWNSTREAM_CENTER_F1p0,DECISION_GRADE_PHYSICAL_SCREEN,28,8625.0,3.8250045521419355e-12,2.969030071539171e-20,0.00397014401101005
PRI_DOWNSTREAM_CENTER_F1p0,DECISION_GRADE_PHYSICAL_SCREEN,29,8925.0,3.848360697169159e-12,2.969389649431463e-20,0.0032504789959622977
PRI_DOWNSTREAM_CENTER_F1p0,DECISION_GRADE_PHYSICAL_SCREEN,30,9225.0,3.874815744448464e-12,2.969794237838997e-20,0.0026612671162283743
PRI_DOWNSTREAM_CENTER_F1p0,DECISION_GRADE_PHYSICAL_SCREEN,31,9525.0,3.904709295499911e-12,2.9702480089852074e-20,0.002178861230211326
PRI_DOWNSTREAM_CENTER_F1p0,DECISION_GRADE_PHYSICAL_SCREEN,32,9825.0,3.938376117346994e-12,2.9707547966609585e-20,0.0017839006958633367
PRI_DOWNSTREAM_CENTER_F1p0,DECISION_GRADE_PHYSICAL_SCREEN,33,10125.0,3.976139155439679e-12,2.971317963324142e-20,0.0014605343601405256
PRI_DOWNSTREAM_CENTER_F1p0,DECISION_GRADE_PHYSICAL_SCREEN,34,10425.0,4.018299795372608e-12,2.971940235191186e-20,0.0011957843965741208
PRI_DOWNSTREAM_CENTER_F1p0,DECISION_GRADE_PHYSICAL_SCREEN,35,10725.0,4.06513204208603e-12,2.97262360843676e-20,0.0009790254595260302
PRI_DOWNSTREAM_CENTER_F1p0,DECISION_GRADE_PHYSICAL_SCREEN,36,11025.0,4.116878157404827e-12,2.97336928991423e-20,0.000801558251760264
PRI_DOWNSTREAM_CENTER_F1p0,DECISION_GRADE_PHYSICAL_SCREEN,37,11325.0,4.173748253498576e-12,2.974177707867931e-20,0.0006562603910995515
PRI_DOWNSTREAM_CENTER_F1p0,DECISION_GRADE_PHYSICAL_SCREEN,38,11625.0,4.235922665419051e-12,2.9750485717265354e-20,0.0005373005642201866
PRI_DOWNSTREAM_CENTER_F1p0,DECISION_GRADE_PHYSICAL_SCREEN,39,11925.0,4.30355737746285e-12,2.975980980050725e-20,0.00043990449557321796
PRI_DOWNSTREAM_CENTER_F1p0,DECISION_GRADE_PHYSICAL_SCREEN,40,12225.0,4.3767913067485356e-12,2.976973554137133e-20,0.0003601633389430505
PRI_DOWNSTREAM_CENTER_F2p0,DECISION_GRADE_PHYSICAL_SCREEN,1,525.0,0.0017094193655910641,0.00022376489401183935,0.81486269808703
PRI_DOWNSTREAM_CENTER_F2p0,DECISION_GRADE_PHYSICAL_SCREEN,2,825.0,7.378958418204418e-05,3.949010100642328e-07,0.6671651248118192
PRI_DOWNSTREAM_CENTER_F2p0,DECISION_GRADE_PHYSICAL_SCREEN,3,1125.0,3.5318752190589196e-06,8.825076459690227e-10,0.5462286274163021
PRI_DOWNSTREAM_CENTER_F2p0,DECISION_GRADE_PHYSICAL_SCREEN,4,1425.0,1.767404121932521e-07,2.186945934245457e-12,0.447214175528532
PRI_DOWNSTREAM_CENTER_F2p0,DECISION_GRADE_PHYSICAL_SCREEN,5,1725.0,9.005362178569333e-09,5.654064276922822e-15,0.366147998717752
PRI_DOWNSTREAM_CENTER_F2p0,DECISION_GRADE_PHYSICAL_SCREEN,6,2025.0,4.620995694072609e-10,1.4885818938382722e-17,0.29977662672818145
PRI_DOWNSTREAM_CENTER_F2p0,DECISION_GRADE_PHYSICAL_SCREEN,7,2325.0,2.3788481805304333e-11,6.897917138602622e-20,0.24543634335634099
PRI_DOWNSTREAM_CENTER_F2p0,DECISION_GRADE_PHYSICAL_SCREEN,8,2625.0,1.2860994545432116e-12,3.7511017951494943e-20,0.2009462822288432
PRI_DOWNSTREAM_CENTER_F2p0,DECISION_GRADE_PHYSICAL_SCREEN,9,2925.0,6.834840012007637e-13,3.7728707827532424e-20,0.16452090097744146
PRI_DOWNSTREAM_CENTER_F2p0,DECISION_GRADE_PHYSICAL_SCREEN,10,3225.0,4.3669641636157273e-13,3.7491185091750336e-20,0.13469832115432873
PRI_DOWNSTREAM_CENTER_F2p0,DECISION_GRADE_PHYSICAL_SCREEN,11,3525.0,6.331111648519727e-13,3.768383892555449e-20,0.11028165791702342
PRI_DOWNSTREAM_CENTER_F2p0,DECISION_GRADE_PHYSICAL_SCREEN,12,3825.0,4.728045452474034e-13,3.752679259759649e-20,0.09029098483709297
PRI_DOWNSTREAM_CENTER_F2p0,DECISION_GRADE_PHYSICAL_SCREEN,13,4125.0,6.001321743066005e-13,3.765211982104701e-20,0.07392400601182576
PRI_DOWNSTREAM_CENTER_F2p0,DECISION_GRADE_PHYSICAL_SCREEN,14,4425.0,4.985430826866275e-13,3.7552270321493115e-20,0.060523857112603364
PRI_DOWNSTREAM_CENTER_F2p0,DECISION_GRADE_PHYSICAL_SCREEN,15,4725.0,5.802117706464851e-13,3.7632746806900855e-20,0.049552743112985916
PRI_DOWNSTREAM_CENTER_F2p0,DECISION_GRADE_PHYSICAL_SCREEN,16,5025.0,5.166844597400883e-13,3.757023100991283e-20,0.04057035468597474
PRI_DOWNSTREAM_CENTER_F2p0,DECISION_GRADE_PHYSICAL_SCREEN,17,5325.0,5.688333334704864e-13,3.7621620600633745e-20,0.03321619704468892
PRI_DOWNSTREAM_CENTER_F2p0,DECISION_GRADE_PHYSICAL_SCREEN,18,5625.0,5.297820802952291e-13,3.758318250983722e-20,0.027195122020784796
PRI_DOWNSTREAM_CENTER_F2p0,DECISION_GRADE_PHYSICAL_SCREEN,19,5925.0,5.631613985948782e-13,3.7616060010587675e-20,0.022265482732124746
PRI_DOWNSTREAM_CENTER_F2p0,DECISION_GRADE_PHYSICAL_SCREEN,20,6225.0,5.398391435288202e-13,3.759311161530237e-20,0.018229435444917296
PRI_DOWNSTREAM_CENTER_F2p0,DECISION_GRADE_PHYSICAL_SCREEN,21,6525.0,5.615091428390888e-13,3.7614438524572187e-20,0.014924999410003591
PRI_DOWNSTREAM_CENTER_F2p0,DECISION_GRADE_PHYSICAL_SCREEN,22,6825.0,5.483664186386073e-13,3.760151623549217e-20,0.012219556006640674
PRI_DOWNSTREAM_CENTER_F2p0,DECISION_GRADE_PHYSICAL_SCREEN,23,7125.0,5.629500957977652e-13,3.7615852685096016e-20,0.010004526291595496
PRI_DOWNSTREAM_CENTER_F2p0,DECISION_GRADE_PHYSICAL_SCREEN,24,7425.0,5.565237351145011e-13,3.7609541652241426e-20,0.008191013344906448
PRI_DOWNSTREAM_CENTER_F2p0,DECISION_GRADE_PHYSICAL_SCREEN,25,7725.0,5.67064997793248e-13,3.7619887955145345e-20,0.006706234524347056
PRI_DOWNSTREAM_CENTER_F2p0,DECISION_GRADE_PHYSICAL_SCREEN,26,8025.0,5.652452637158727e-13,3.7618104017379863e-20,0.0054906004424362265
PRI_DOWNSTREAM_CENTER_F2p0,DECISION_GRADE_PHYSICAL_SCREEN,27,8325.0,5.737738399330055e-13,3.7626456522635605e-20,0.004495323435086113
PRI_DOWNSTREAM_CENTER_F2p0,DECISION_GRADE_PHYSICAL_SCREEN,28,8625.0,5.753214092295588e-13,3.762796980342419e-20,0.0036804595413371536
PRI_DOWNSTREAM_CENTER_F2p0,DECISION_GRADE_PHYSICAL_SCREEN,29,8925.0,5.832121322802851e-13,3.7635673745451383e-20,0.0030133054119520107
PRI_DOWNSTREAM_CENTER_F2p0,DECISION_GRADE_PHYSICAL_SCREEN,30,9225.0,5.874350407097339e-13,3.7639788095819505e-20,0.0024670858091814284
PRI_DOWNSTREAM_CENTER_F2p0,DECISION_GRADE_PHYSICAL_SCREEN,31,9525.0,5.956279026948583e-13,3.76477521211702e-20,0.002019879022459113
PRI_DOWNSTREAM_CENTER_F2p0,DECISION_GRADE_PHYSICAL_SCREEN,32,9825.0,6.021622539588942e-13,3.765408576527548e-20,0.0016537370731843674
PRI_DOWNSTREAM_CENTER_F2p0,DECISION_GRADE_PHYSICAL_SCREEN,33,10125.0,6.112942796114698e-13,3.7662908527282e-20,0.0013539653993212147
PRI_DOWNSTREAM_CENTER_F2p0,DECISION_GRADE_PHYSICAL_SCREEN,34,10425.0,6.199578613947952e-13,3.7671245916557676e-20,0.0011085331110277882
PRI_DOWNSTREAM_CENTER_F2p0,DECISION_GRADE_PHYSICAL_SCREEN,35,10725.0,6.304468330971077e-13,3.768129467289767e-20,0.0009075901488036593
PRI_DOWNSTREAM_CENTER_F2p0,DECISION_GRADE_PHYSICAL_SCREEN,36,11025.0,6.411497714996143e-13,3.7691494420931407e-20,0.0007430719660161775
PRI_DOWNSTREAM_CENTER_F2p0,DECISION_GRADE_PHYSICAL_SCREEN,37,11325.0,6.532577872386834e-13,3.7702963851829884e-20,0.0006083758703275616
PRI_DOWNSTREAM_CENTER_F2p0,DECISION_GRADE_PHYSICAL_SCREEN,38,11625.0,6.659584623130651e-13,3.7714911606607466e-20,0.0004980960344677572
PRI_DOWNSTREAM_CENTER_F2p0,DECISION_GRADE_PHYSICAL_SCREEN,39,11925.0,6.798487536039823e-13,3.7727876496162986e-20,0.00040780654140494326
PRI_DOWNSTREAM_CENTER_F2p0,DECISION_GRADE_PHYSICAL_SCREEN,40,12225.0,6.945409864515054e-13,3.7741469081064193e-20,0.0003338837567545963
PRI_DOWNSTREAM_CENTER_F3p333333,DECISION_GRADE_PHYSICAL_SCREEN,1,525.0,1.1725323165590415e-05,1.9063536856170734e-08,0.7737622440276366
PRI_DOWNSTREAM_CENTER_F3p333333,DECISION_GRADE_PHYSICAL_SCREEN,2,825.0,3.2070529483308644e-08,1.3320601053938267e-13,0.6335029454087665
PRI_DOWNSTREAM_CENTER_F3p333333,DECISION_GRADE_PHYSICAL_SCREEN,3,1125.0,9.817114954934444e-11,1.2488135417535642e-18,0.5186683435716438
PRI_DOWNSTREAM_CENTER_F3p333333,DECISION_GRADE_PHYSICAL_SCREEN,4,1425.0,2.2247308057628615e-12,5.1339468122911736e-20,0.42464972353012137
PRI_DOWNSTREAM_CENTER_F3p333333,DECISION_GRADE_PHYSICAL_SCREEN,5,1725.0,1.0164390225478698e-12,5.0592753451333026e-20,0.34767378794017306
PRI_DOWNSTREAM_CENTER_F3p333333,DECISION_GRADE_PHYSICAL_SCREEN,6,2025.0,1.5807491229827036e-12,5.1010237232528193e-20,0.2846512222257324
PRI_DOWNSTREAM_CENTER_F3p333333,DECISION_GRADE_PHYSICAL_SCREEN,7,2325.0,1.2163551866402507e-12,5.0759756341461386e-20,0.23305270953744192
PRI_DOWNSTREAM_CENTER_F3p333333,DECISION_GRADE_PHYSICAL_SCREEN,8,2625.0,1.4228902982560904e-12,5.0909046598765776e-20,0.19080742038645396
PRI_DOWNSTREAM_CENTER_F3p333333,DECISION_GRADE_PHYSICAL_SCREEN,9,2925.0,1.2990896663424588e-12,5.082211318882534e-20,0.1562199029858685
PRI_DOWNSTREAM_CENTER_F3p333333,DECISION_GRADE_PHYSICAL_SCREEN,10,3225.0,1.3736967760631925e-12,5.087536402235639e-20,0.12790203881738937
PRI_DOWNSTREAM_CENTER_F3p333333,DECISION_GRADE_PHYSICAL_SCREEN,11,3525.0,1.3319832036270206e-12,5.084592426203313e-20,0.10471733256117045
PRI_DOWNSTREAM_CENTER_F3p333333,DECISION_GRADE_PHYSICAL_SCREEN,12,3825.0,1.3597193199823775e-12,5.086559130839213e-20,0.08573530054812456
PRI_DOWNSTREAM_CENTER_F3p333333,DECISION_GRADE_PHYSICAL_SCREEN,13,4125.0,1.3467472900824219e-12,5.0856439062925296e-20,0.07019412718313313
PRI_DOWNSTREAM_CENTER_F3p333333,DECISION_GRADE_PHYSICAL_SCREEN,14,4425.0,1.358264145807989e-12,5.0864568607952083e-20,0.05747009061029823
PRI_DOWNSTREAM_CENTER_F3p333333,DECISION_GRADE_PHYSICAL_SCREEN,15,4725.0,1.3556976367494435e-12,5.0862762416187145e-20,0.047052530564829324
PRI_DOWNSTREAM_CENTER_F3p333333,DECISION_GRADE_PHYSICAL_SCREEN,16,5025.0,1.3619446070029222e-12,5.0867153313967496e-20,0.03852335378356748
PRI_DOWNSTREAM_CENTER_F3p333333,DECISION_GRADE_PHYSICAL_SCREEN,17,5325.0,1.3635195807543754e-12,5.086825743233358e-20,0.031540254454309725
PRI_DOWNSTREAM_CENTER_F3p333333,DECISION_GRADE_PHYSICAL_SCREEN,18,5625.0,1.3684958820040247e-12,5.0871738361226806e-20,0.025822976281648168
PRI_DOWNSTREAM_CENTER_F3p333333,DECISION_GRADE_PHYSICAL_SCREEN,19,5925.0,1.3721921605222565e-12,5.08743164168658e-20,0.02114206481778867
PRI_DOWNSTREAM_CENTER_F3p333333,DECISION_GRADE_PHYSICAL_SCREEN,20,6225.0,1.3774957238803901e-12,5.0878004409122393e-20,0.017309658649891622
PRI_DOWNSTREAM_CENTER_F3p333333,DECISION_GRADE_PHYSICAL_SCREEN,21,6525.0,1.3828247167730402e-12,5.0881696978137645e-20,0.014171949861948571
PRI_DOWNSTREAM_CENTER_F3p333333,DECISION_GRADE_PHYSICAL_SCREEN,22,6825.0,1.3892601303316766e-12,5.088613881034409e-20,0.011603011183056554
PRI_DOWNSTREAM_CENTER_F3p333333,DECISION_GRADE_PHYSICAL_SCREEN,23,7125.0,1.3963197095279777e-12,5.0890989715955604e-20,0.009499742083876135
PRI_DOWNSTREAM_CENTER_F3p333333,DECISION_GRADE_PHYSICAL_SCREEN,24,7425.0,1.4044620512044301e-12,5.089655662064702e-20,0.007777730990378506
PRI_DOWNSTREAM_CENTER_F3p333333,DECISION_GRADE_PHYSICAL_SCREEN,25,7725.0,1.4136008012033242e-12,5.0902769364178774e-20,0.006367867550990551
PRI_DOWNSTREAM_CENTER_F3p333333,DECISION_GRADE_PHYSICAL_SCREEN,26,8025.0,1.423983667026265e-12,5.090978292769217e-20,0.0052135689955233365
PRI_DOWNSTREAM_CENTER_F3p333333,DECISION_GRADE_PHYSICAL_SCREEN,27,8325.0,1.435668076791022e-12,5.091761916099466e-20,0.004268509269928839
PRI_DOWNSTREAM_CENTER_F3p333333,DECISION_GRADE_PHYSICAL_SCREEN,28,8625.0,1.4488286648321887e-12,5.092637469423439e-20,0.003494759809089185
PRI_DOWNSTREAM_CENTER_F3p333333,DECISION_GRADE_PHYSICAL_SCREEN,29,8925.0,1.4635704287187854e-12,5.093609454110005e-20,0.0028612673303222533
PRI_DOWNSTREAM_CENTER_F3p333333,DECISION_GRADE_PHYSICAL_SCREEN,30,9225.0,1.4800351213692067e-12,5.0946842773540476e-20,0.002342607556112165
PRI_DOWNSTREAM_CENTER_F3p333333,DECISION_GRADE_PHYSICAL_SCREEN,31,9525.0,1.4983335895016014e-12,5.0958657359216185e-20,0.0019179648485818832
PRI_DOWNSTREAM_CENTER_F3p333333,DECISION_GRADE_PHYSICAL_SCREEN,32,9825.0,1.5185822653062604e-12,5.097157399819731e-20,0.0015702968048565428
PRI_DOWNSTREAM_CENTER_F3p333333,DECISION_GRADE_PHYSICAL_SCREEN,33,10125.0,1.5408789348961695e-12,5.098561043560459e-20,0.001285650285596146
PRI_DOWNSTREAM_CENTER_F3p333333,DECISION_GRADE_PHYSICAL_SCREEN,34,10425.0,1.565316262422743e-12,5.100077539470369e-20,0.001052601426521055
PRI_DOWNSTREAM_CENTER_F3p333333,DECISION_GRADE_PHYSICAL_SCREEN,35,10725.0,1.5919746223254888e-12,5.101706440858437e-20,0.0008617971586265412
PRI_DOWNSTREAM_CENTER_F3p333333,DECISION_GRADE_PHYSICAL_SCREEN,36,11025.0,1.6209289591092288e-12,5.1034464571991774e-20,0.0007055798366827731
PRI_DOWNSTREAM_CENTER_F3p333333,DECISION_GRADE_PHYSICAL_SCREEN,37,11325.0,1.6522486581735586e-12,5.105295492427666e-20,0.0005776799110439264
PRI_DOWNSTREAM_CENTER_F3p333333,DECISION_GRADE_PHYSICAL_SCREEN,38,11625.0,1.6860024962593704e-12,5.1072509854773175e-20,0.0004729643086070154
PRI_DOWNSTREAM_CENTER_F3p333333,DECISION_GRADE_PHYSICAL_SCREEN,39,11925.0,1.7222609712075412e-12,5.109310077492696e-20,0.0003872304245648288
PRI_DOWNSTREAM_CENTER_F3p333333,DECISION_GRADE_PHYSICAL_SCREEN,40,12225.0,1.7611001735801e-12,5.1114698514397086e-20,0.00031703745711866887
PRI_DOWNSTREAM_CENTER_F8p0,DECISION_GRADE_PHYSICAL_SCREEN,1,525.0,1.09506522590883e-12,5.404311432022407e-15,0.7363846319118936
PRI_DOWNSTREAM_CENTER_F8p0,DECISION_GRADE_PHYSICAL_SCREEN,2,825.0,1.9582775201814724e-12,2.3965716103174388e-20,0.6029007442402773
PRI_DOWNSTREAM_CENTER_F8p0,DECISION_GRADE_PHYSICAL_SCREEN,3,1125.0,1.4107258117392786e-12,9.112036359341165e-20,0.49361338036311786
PRI_DOWNSTREAM_CENTER_F8p0,DECISION_GRADE_PHYSICAL_SCREEN,4,1425.0,2.554354355065744e-12,2.3915743998682592e-20,0.4041364546340638
PRI_DOWNSTREAM_CENTER_F8p0,DECISION_GRADE_PHYSICAL_SCREEN,5,1725.0,2.1753868542061846e-12,9.090390072725706e-20,0.3308789438488127
PRI_DOWNSTREAM_CENTER_F8p0,DECISION_GRADE_PHYSICAL_SCREEN,6,2025.0,1.6884477325306608e-12,9.103378891281095e-20,0.27090076687498565
PRI_DOWNSTREAM_CENTER_F8p0,DECISION_GRADE_PHYSICAL_SCREEN,7,2325.0,9.433717874798862e-13,9.129354620580696e-20,0.2217947888729598
PRI_DOWNSTREAM_CENTER_F8p0,DECISION_GRADE_PHYSICAL_SCREEN,8,2625.0,1.6218429527995449e-12,2.398606349428024e-20,0.18159021452273036
PRI_DOWNSTREAM_CENTER_F8p0,DECISION_GRADE_PHYSICAL_SCREEN,9,2925.0,2.8648422952803815e-12,2.3900574191881115e-20,0.1486734930877873
PRI_DOWNSTREAM_CENTER_F8p0,DECISION_GRADE_PHYSICAL_SCREEN,10,3225.0,2.59861125272998e-12,9.080870969553534e-20,0.12172356095849825
PRI_DOWNSTREAM_CENTER_F8p0,DECISION_GRADE_PHYSICAL_SCREEN,11,3525.0,2.1202748495659012e-12,9.091740658619984e-20,0.09965882273088492
PRI_DOWNSTREAM_CENTER_F8p0,DECISION_GRADE_PHYSICAL_SCREEN,12,3825.0,1.513577313479362e-12,9.108706104620122e-20,0.08159374298532249
PRI_DOWNSTREAM_CENTER_F8p0,DECISION_GRADE_PHYSICAL_SCREEN,13,4125.0,2.592397007563668e-12,2.3913701623613075e-20,0.06680330664082437
PRI_DOWNSTREAM_CENTER_F8p0,DECISION_GRADE_PHYSICAL_SCREEN,14,4425.0,2.044413627702215e-12,9.093646017197591e-20,0.05469392155414149
PRI_DOWNSTREAM_CENTER_F8p0,DECISION_GRADE_PHYSICAL_SCREEN,15,4725.0,1.3437248212914096e-12,9.114285145849998e-20,0.044779595582810326
PRI_DOWNSTREAM_CENTER_F8p0,DECISION_GRADE_PHYSICAL_SCREEN,16,5025.0,2.2241125121522696e-12,2.3935863769457892e-20,0.036662432014041776
PRI_DOWNSTREAM_CENTER_F8p0,DECISION_GRADE_PHYSICAL_SCREEN,17,5325.0,1.5289265346982963e-12,9.108222335261726e-20,0.03001666057252674
PRI_DOWNSTREAM_CENTER_F8p0,DECISION_GRADE_PHYSICAL_SCREEN,18,5625.0,2.4813170275559777e-12,2.3919816830883144e-20,0.02457556311543098
PRI_DOWNSTREAM_CENTER_F8p0,DECISION_GRADE_PHYSICAL_SCREEN,19,5925.0,1.7668180810879237e-12,9.101115342126864e-20,0.020120769296812287
PRI_DOWNSTREAM_CENTER_F8p0,DECISION_GRADE_PHYSICAL_SCREEN,20,6225.0,8.114550233332752e-13,9.135038896380089e-20,0.016473492598887456
PRI_DOWNSTREAM_CENTER_F8p0,DECISION_GRADE_PHYSICAL_SCREEN,21,6525.0,1.1657074589341924e-12,2.4040766594699962e-20,0.013487355001311688
PRI_DOWNSTREAM_CENTER_F8p0,DECISION_GRADE_PHYSICAL_SCREEN,22,6825.0,1.7351148257436503e-12,2.3975021112793085e-20,0.011042512317254002
PRI_DOWNSTREAM_CENTER_F8p0,DECISION_GRADE_PHYSICAL_SCREEN,23,7125.0,6.569869515839588e-13,9.142250651648897e-20,0.009040844425378258
PRI_DOWNSTREAM_CENTER_F8p0,DECISION_GRADE_PHYSICAL_SCREEN,24,7425.0,8.09212313460818e-13,2.4099977011009623e-20,0.007402017364850815
PRI_DOWNSTREAM_CENTER_F8p0,DECISION_GRADE_PHYSICAL_SCREEN,25,7725.0,1.042055708188212e-12,2.405923153727859e-20,0.006060259251420606
PRI_DOWNSTREAM_CENTER_F8p0,DECISION_GRADE_PHYSICAL_SCREEN,26,8025.0,1.3652026558998164e-12,2.4014561719843965e-20,0.004961720620763399
PRI_DOWNSTREAM_CENTER_F8p0,DECISION_GRADE_PHYSICAL_SCREEN,27,8325.0,1.7823140769935505e-12,2.3970664290871885e-20,0.004062313260400171
PRI_DOWNSTREAM_CENTER_F8p0,DECISION_GRADE_PHYSICAL_SCREEN,28,8625.0,2.276012705594645e-12,2.393240087813303e-20,0.003325940794926103
PRI_DOWNSTREAM_CENTER_F8p0,DECISION_GRADE_PHYSICAL_SCREEN,29,8925.0,9.40004792071344e-13,9.129494716934096e-20,0.0027230500117226292
PRI_DOWNSTREAM_CENTER_F8p0,DECISION_GRADE_PHYSICAL_SCREEN,30,9225.0,1.0061546751042613e-12,2.4064964876478662e-20,0.0022294447867666762
PRI_DOWNSTREAM_CENTER_F8p0,DECISION_GRADE_PHYSICAL_SCREEN,31,9525.0,1.0329688493753e-12,2.406066583303712e-20,0.0018253150092152615
PRI_DOWNSTREAM_CENTER_F8p0,DECISION_GRADE_PHYSICAL_SCREEN,32,9825.0,1.0018663246942848e-12,2.406566164976579e-20,0.0014944415320993546
PRI_DOWNSTREAM_CENTER_F8p0,DECISION_GRADE_PHYSICAL_SCREEN,33,10125.0,8.994576063648655e-13,2.4083128012616555e-20,0.0012235452410067173
PRI_DOWNSTREAM_CENTER_F8p0,DECISION_GRADE_PHYSICAL_SCREEN,34,10425.0,7.215636231300766e-13,2.4117873679911984e-20,0.0010017541165944104
PRI_DOWNSTREAM_CENTER_F8p0,DECISION_GRADE_PHYSICAL_SCREEN,35,10725.0,4.608400474473689e-13,2.4183139040539123e-20,0.0008201669022783102
PRI_DOWNSTREAM_CENTER_F8p0,DECISION_GRADE_PHYSICAL_SCREEN,36,11025.0,1.3322521961475082e-12,9.32287844181194e-20,0.0006714958655519565
PRI_DOWNSTREAM_CENTER_F8p0,DECISION_GRADE_PHYSICAL_SCREEN,37,11325.0,9.295394381544093e-13,2.407782694800445e-20,0.0005497743156921045
PRI_DOWNSTREAM_CENTER_F8p0,DECISION_GRADE_PHYSICAL_SCREEN,38,11625.0,5.118044336063678e-13,2.416863180118568e-20,0.00045011713950952886
PRI_DOWNSTREAM_CENTER_F8p0,DECISION_GRADE_PHYSICAL_SCREEN,39,11925.0,1.421742497451863e-12,9.332199865280862e-20,0.00036852474460394367
PRI_DOWNSTREAM_CENTER_F8p0,DECISION_GRADE_PHYSICAL_SCREEN,40,12225.0,7.491921253255855e-13,2.411205414021224e-20,0.0003017225416774578
PRI_UPSTREAM_OFFAXIS_F0p0,DECISION_GRADE_PHYSICAL_SCREEN,1,525.0,0.0995850793838887,0.3075757407584863,0.95185997731354
PRI_UPSTREAM_OFFAXIS_F0p0,DECISION_GRADE_PHYSICAL_SCREEN,2,825.0,0.03531990519418695,0.045932781735649984,0.8105334032319796
PRI_UPSTREAM_OFFAXIS_F0p0,DECISION_GRADE_PHYSICAL_SCREEN,3,1125.0,0.012872984483226345,0.005923073402620072,0.6677749904800936
PRI_UPSTREAM_OFFAXIS_F0p0,DECISION_GRADE_PHYSICAL_SCREEN,4,1425.0,0.00474641681960391,0.0007845769757319917,0.5472473082043753
PRI_UPSTREAM_OFFAXIS_F0p0,DECISION_GRADE_PHYSICAL_SCREEN,5,1725.0,0.00175828198950401,0.00010636822787567204,0.4481147545693618
PRI_UPSTREAM_OFFAXIS_F0p0,DECISION_GRADE_PHYSICAL_SCREEN,6,2025.0,0.0006525556239184173,1.4577742970299634e-05,0.36689408693338105
PRI_UPSTREAM_OFFAXIS_F0p0,DECISION_GRADE_PHYSICAL_SCREEN,7,2325.0,0.00024236114910945018,2.006840046254143e-06,0.30038864486926886
PRI_UPSTREAM_OFFAXIS_F0p0,DECISION_GRADE_PHYSICAL_SCREEN,8,2625.0,9.003932224319848e-05,2.767640685079335e-07,0.24593758029492616
PRI_UPSTREAM_OFFAXIS_F0p0,DECISION_GRADE_PHYSICAL_SCREEN,9,2925.0,3.3454131085976616e-05,3.8195408800896144e-08,0.20135668199921053
PRI_UPSTREAM_OFFAXIS_F0p0,DECISION_GRADE_PHYSICAL_SCREEN,10,3225.0,1.2430429953369858e-05,5.272684284480894e-09,0.1648569108607896
PRI_UPSTREAM_OFFAXIS_F0p0,DECISION_GRADE_PHYSICAL_SCREEN,11,3525.0,4.618807960951236e-06,7.279455721437707e-10,0.13497342318736227
PRI_UPSTREAM_OFFAXIS_F0p0,DECISION_GRADE_PHYSICAL_SCREEN,12,3825.0,1.7162341201842566e-06,1.0050420046341546e-10,0.11050689246789792
PRI_UPSTREAM_OFFAXIS_F0p0,DECISION_GRADE_PHYSICAL_SCREEN,13,4125.0,6.377115431653148e-07,1.387639342825278e-11,0.09047539129829442
PRI_UPSTREAM_OFFAXIS_F0p0,DECISION_GRADE_PHYSICAL_SCREEN,14,4425.0,2.3695859249706792e-07,1.9158952532446624e-12,0.07407498525374578
PRI_UPSTREAM_OFFAXIS_F0p0,DECISION_GRADE_PHYSICAL_SCREEN,15,4725.0,8.804826759622147e-08,2.645257760079956e-13,0.06064746846118706
PRI_UPSTREAM_OFFAXIS_F0p0,DECISION_GRADE_PHYSICAL_SCREEN,16,5025.0,3.271668071796455e-08,3.652284949842375e-14,0.049653947525521165
PRI_UPSTREAM_OFFAXIS_F0p0,DECISION_GRADE_PHYSICAL_SCREEN,17,5325.0,1.2156755497691298e-08,5.0426807549152574e-15,0.04065321385086735
PRI_UPSTREAM_OFFAXIS_F0p0,DECISION_GRADE_PHYSICAL_SCREEN,18,5625.0,4.517166914027986e-09,6.962390201299132e-16,0.03328403639116125
PRI_UPSTREAM_OFFAXIS_F0p0,DECISION_GRADE_PHYSICAL_SCREEN,19,5925.0,1.6784739249426308e-09,9.612918695621396e-17,0.02725066418001046
PRI_UPSTREAM_OFFAXIS_F0p0,DECISION_GRADE_PHYSICAL_SCREEN,20,6225.0,6.236817855812001e-10,1.327248333571678e-17,0.022310956805975155
PRI_UPSTREAM_OFFAXIS_F0p0,DECISION_GRADE_PHYSICAL_SCREEN,21,6525.0,2.3174561393174397e-10,1.832521641114671e-18,0.018266666467646363
PRI_UPSTREAM_OFFAXIS_F0p0,DECISION_GRADE_PHYSICAL_SCREEN,22,6825.0,8.611126835387701e-11,2.5301486479124046e-19,0.014955481593280426
PRI_UPSTREAM_OFFAXIS_F0p0,DECISION_GRADE_PHYSICAL_SCREEN,23,7125.0,3.199694015033184e-11,3.493356938024813e-20,0.01224451270751038
PRI_UPSTREAM_OFFAXIS_F0p0,DECISION_GRADE_PHYSICAL_SCREEN,24,7425.0,1.1889317143265474e-11,4.823251279272958e-21,0.010024959110092893
PRI_UPSTREAM_OFFAXIS_F0p0,DECISION_GRADE_PHYSICAL_SCREEN,25,7725.0,4.417793122515622e-12,6.659426254015469e-22,0.008207742321782327
PRI_UPSTREAM_OFFAXIS_F0p0,DECISION_GRADE_PHYSICAL_SCREEN,26,8025.0,1.6415489500711654e-12,9.194619037734795e-23,0.006719931052182869
PRI_UPSTREAM_OFFAXIS_F0p0,DECISION_GRADE_PHYSICAL_SCREEN,27,8325.0,6.09961327016252e-13,1.2694940378791714e-23,0.0055018142109857955
PRI_UPSTREAM_OFFAXIS_F0p0,DECISION_GRADE_PHYSICAL_SCREEN,28,8625.0,2.2664741154383868e-13,1.7527807357935154e-24,0.004504504492255542
PRI_UPSTREAM_OFFAXIS_F0p0,DECISION_GRADE_PHYSICAL_SCREEN,29,8925.0,8.421689521013134e-14,2.4200509936350825e-25,0.0036879763551875325
PRI_UPSTREAM_OFFAXIS_F0p0,DECISION_GRADE_PHYSICAL_SCREEN,30,9225.0,3.129303525032517e-14,3.3413459494427195e-26,0.0030194596586164794
PRI_UPSTREAM_OFFAXIS_F0p0,DECISION_GRADE_PHYSICAL_SCREEN,31,9525.0,1.1627762490351217e-14,4.61337086831186e-27,0.002472124480187656
PRI_UPSTREAM_OFFAXIS_F0p0,DECISION_GRADE_PHYSICAL_SCREEN,32,9825.0,4.320605510154844e-15,6.369645972199962e-28,0.002024004337366554
PRI_UPSTREAM_OFFAXIS_F0p0,DECISION_GRADE_PHYSICAL_SCREEN,33,10125.0,1.605436298674937e-15,8.794521613219876e-29,0.0016571145953652203
PRI_UPSTREAM_OFFAXIS_F0p0,DECISION_GRADE_PHYSICAL_SCREEN,34,10425.0,5.965427075083111e-16,1.2142528916513978e-29,0.001356730680599882
PRI_UPSTREAM_OFFAXIS_F0p0,DECISION_GRADE_PHYSICAL_SCREEN,35,10725.0,2.2166136530926992e-16,1.6765097065285287e-30,0.0011107971318515442
PRI_UPSTREAM_OFFAXIS_F0p0,DECISION_GRADE_PHYSICAL_SCREEN,36,11025.0,8.236419664904733e-17,2.314744165247017e-31,0.0009094437722776773
PRI_UPSTREAM_OFFAXIS_F0p0,DECISION_GRADE_PHYSICAL_SCREEN,37,11325.0,3.060461564954206e-17,3.1959496146549434e-32,0.0007445895845589832
PRI_UPSTREAM_OFFAXIS_F0p0,DECISION_GRADE_PHYSICAL_SCREEN,38,11625.0,1.1371961813058354e-17,4.412623257794494e-33,0.0006096183912999979
PRI_UPSTREAM_OFFAXIS_F0p0,DECISION_GRADE_PHYSICAL_SCREEN,39,11925.0,4.225555940925285e-18,6.092475277439928e-34,0.0004991133245992351
PRI_UPSTREAM_OFFAXIS_F0p0,DECISION_GRADE_PHYSICAL_SCREEN,40,12225.0,1.5701180942575644e-18,8.411834148916006e-35,0.000408639428120387
PRI_UPSTREAM_OFFAXIS_F0p25,DECISION_GRADE_PHYSICAL_SCREEN,1,525.0,0.09125690744073131,0.23936531149061607,0.9418796056945837
PRI_UPSTREAM_OFFAXIS_F0p25,DECISION_GRADE_PHYSICAL_SCREEN,2,825.0,0.03140338583883896,0.03169780848175142,0.7935690718502945
PRI_UPSTREAM_OFFAXIS_F0p25,DECISION_GRADE_PHYSICAL_SCREEN,3,1125.0,0.010857305330254922,0.0038887180299316195,0.6522393070790529
PRI_UPSTREAM_OFFAXIS_F0p25,DECISION_GRADE_PHYSICAL_SCREEN,4,1425.0,0.0037307267000260195,0.00046895232794867187,0.5342825340934653
PRI_UPSTREAM_OFFAXIS_F0p25,DECISION_GRADE_PHYSICAL_SCREEN,5,1725.0,0.0012741047436086307,5.552462868908011e-05,0.4374639078572923
PRI_UPSTREAM_OFFAXIS_F0p25,DECISION_GRADE_PHYSICAL_SCREEN,6,2025.0,0.0004332676902417832,6.482591439476176e-06,0.3581685624153961
PRI_UPSTREAM_OFFAXIS_F0p25,DECISION_GRADE_PHYSICAL_SCREEN,7,2325.0,0.00014693843375517058,7.499396438968144e-07,0.2932440020799311
PRI_UPSTREAM_OFFAXIS_F0p25,DECISION_GRADE_PHYSICAL_SCREEN,8,2625.0,4.975165064891635e-05,8.627015282524824e-08,0.24008792638932044
PRI_UPSTREAM_OFFAXIS_F0p25,DECISION_GRADE_PHYSICAL_SCREEN,9,2925.0,1.6829137959226838e-05,9.891003543574781e-09,0.19656737375307012
PRI_UPSTREAM_OFFAXIS_F0p25,DECISION_GRADE_PHYSICAL_SCREEN,10,3225.0,5.689473824668083e-06,1.1317927616823865e-09,0.16093575451021178
PRI_UPSTREAM_OFFAXIS_F0p25,DECISION_GRADE_PHYSICAL_SCREEN,11,3525.0,1.9228281514132023e-06,1.2935902509028367e-10,0.13176305155193613
PRI_UPSTREAM_OFFAXIS_F0p25,DECISION_GRADE_PHYSICAL_SCREEN,12,3825.0,6.497206555568215e-07,1.4775376707366075e-11,0.10787846243233931
PRI_UPSTREAM_OFFAXIS_F0p25,DECISION_GRADE_PHYSICAL_SCREEN,13,4125.0,2.1951559226550713e-07,1.6869950257211564e-12,0.08832341478896467
PRI_UPSTREAM_OFFAXIS_F0p25,DECISION_GRADE_PHYSICAL_SCREEN,14,4425.0,7.416118154651454e-08,1.925718504763754e-13,0.07231309590468392
PRI_UPSTREAM_OFFAXIS_F0p25,DECISION_GRADE_PHYSICAL_SCREEN,15,4725.0,2.5053711577795506e-08,2.1979421097863795e-14,0.05920495546745314
PRI_UPSTREAM_OFFAXIS_F0p25,DECISION_GRADE_PHYSICAL_SCREEN,16,5025.0,8.463663161420357e-09,2.508462645959747e-15,0.04847291777581753
PRI_UPSTREAM_OFFAXIS_F0p25,DECISION_GRADE_PHYSICAL_SCREEN,17,5325.0,2.8591661821868526e-09,2.8627309494883113e-16,0.03968626847448233
PRI_UPSTREAM_OFFAXIS_F0p25,DECISION_GRADE_PHYSICAL_SCREEN,18,5625.0,9.658671293579622e-10,3.266952055517487e-17,0.0324923684749679
PRI_UPSTREAM_OFFAXIS_F0p25,DECISION_GRADE_PHYSICAL_SCREEN,19,5925.0,3.26282379645974e-10,3.728196858715843e-18,0.026602501310797753
PRI_UPSTREAM_OFFAXIS_F0p25,DECISION_GRADE_PHYSICAL_SCREEN,20,6225.0,1.1022214151551779e-10,4.2545277728183046e-19,0.021780285931947443
PRI_UPSTREAM_OFFAXIS_F0p25,DECISION_GRADE_PHYSICAL_SCREEN,21,6525.0,3.72343250088091e-11,4.855140960128928e-20,0.017832189903317103
PRI_UPSTREAM_OFFAXIS_F0p25,DECISION_GRADE_PHYSICAL_SCREEN,22,6825.0,1.2578179540650026e-11,5.5405278665351234e-21,0.014599762268572397
PRI_UPSTREAM_OFFAXIS_F0p25,DECISION_GRADE_PHYSICAL_SCREEN,23,7125.0,4.249050570117684e-12,6.322659050280397e-22,0.011953274356907783
PRI_UPSTREAM_OFFAXIS_F0p25,DECISION_GRADE_PHYSICAL_SCREEN,24,7425.0,1.4353767204452556e-12,7.215193627182881e-23,0.009786513315978839
PRI_UPSTREAM_OFFAXIS_F0p25,DECISION_GRADE_PHYSICAL_SCREEN,25,7725.0,4.848862092810286e-13,8.233718080267966e-24,0.008012519417199052
PRI_UPSTREAM_OFFAXIS_F0p25,DECISION_GRADE_PHYSICAL_SCREEN,26,8025.0,1.6379993683858967e-13,9.396018803702512e-25,0.0065600960564953315
PRI_UPSTREAM_OFFAXIS_F0p25,DECISION_GRADE_PHYSICAL_SCREEN,27,8325.0,5.533343236230632e-14,1.0722394446270065e-25,0.005370952384598322
PRI_UPSTREAM_OFFAXIS_F0p25,DECISION_GRADE_PHYSICAL_SCREEN,28,8625.0,1.8692247008162602e-14,1.2236023929605722e-26,0.004397363890588166
PRI_UPSTREAM_OFFAXIS_F0p25,DECISION_GRADE_PHYSICAL_SCREEN,29,8925.0,6.314451473678545e-15,1.3963478689802788e-27,0.003600257049699174
PRI_UPSTREAM_OFFAXIS_F0p25,DECISION_GRADE_PHYSICAL_SCREEN,30,9225.0,2.133100139216235e-15,1.5936012523527394e-28,0.002947641165574518
PRI_UPSTREAM_OFFAXIS_F0p25,DECISION_GRADE_PHYSICAL_SCREEN,31,9525.0,7.20603624888605e-16,1.819620622344493e-29,0.0024133244712944853
PRI_UPSTREAM_OFFAXIS_F0p25,DECISION_GRADE_PHYSICAL_SCREEN,32,9825.0,2.434670303224175e-16,2.0841898950140047e-30,0.001975862961804456
PRI_UPSTREAM_OFFAXIS_F0p25,DECISION_GRADE_PHYSICAL_SCREEN,33,10125.0,8.232329683870294e-17,2.4324703482530976e-31,0.0016176997706970541
PRI_UPSTREAM_OFFAXIS_F0p25,DECISION_GRADE_PHYSICAL_SCREEN,34,10425.0,2.7954205806325304e-17,3.157527644254044e-32,0.0013244605515168777
PRI_UPSTREAM_OFFAXIS_F0p25,DECISION_GRADE_PHYSICAL_SCREEN,35,10725.0,9.69351513397904e-18,6.424020665600002e-33,0.0010843765847654925
PRI_UPSTREAM_OFFAXIS_F0p25,DECISION_GRADE_PHYSICAL_SCREEN,36,11025.0,3.658306853409002e-18,2.5695725284610437e-33,0.0008878124578651815
PRI_UPSTREAM_OFFAXIS_F0p25,DECISION_GRADE_PHYSICAL_SCREEN,37,11325.0,1.7026690210902143e-18,1.3061072558401379e-33,0.0007268793622199742
PRI_UPSTREAM_OFFAXIS_F0p25,DECISION_GRADE_PHYSICAL_SCREEN,38,11625.0,9.915175614917245e-19,6.580488762063785e-34,0.0005951184876272026
PRI_UPSTREAM_OFFAXIS_F0p25,DECISION_GRADE_PHYSICAL_SCREEN,39,11925.0,6.294118320568627e-19,3.1017936025906958e-34,0.00048724180754564913
PRI_UPSTREAM_OFFAXIS_F0p25,DECISION_GRADE_PHYSICAL_SCREEN,40,12225.0,3.969695856810074e-19,1.3458015485238715e-34,0.0003989198520229264
PRI_UPSTREAM_OFFAXIS_F0p5,DECISION_GRADE_PHYSICAL_SCREEN,1,525.0,0.08455438603374298,0.19842339288784017,0.9319280102991404
PRI_UPSTREAM_OFFAXIS_F0p5,DECISION_GRADE_PHYSICAL_SCREEN,2,825.0,0.027162401605560917,0.024295761357742224,0.7794910008514279
PRI_UPSTREAM_OFFAXIS_F0p5,DECISION_GRADE_PHYSICAL_SCREEN,3,1125.0,0.008449882407376532,0.0025215942777959024,0.639735159280223
PRI_UPSTREAM_OFFAXIS_F0p5,DECISION_GRADE_PHYSICAL_SCREEN,4,1425.0,0.0025658063104940544,0.0002405949119910522,0.5239073051106311
PRI_UPSTREAM_OFFAXIS_F0p5,DECISION_GRADE_PHYSICAL_SCREEN,5,1725.0,0.0007681785659870734,2.1952109049264555e-05,0.4289509790200558
PRI_UPSTREAM_OFFAXIS_F0p5,DECISION_GRADE_PHYSICAL_SCREEN,6,2025.0,0.0002282025104985548,1.9555795098301724e-06,0.351196400971595
PRI_UPSTREAM_OFFAXIS_F0p5,DECISION_GRADE_PHYSICAL_SCREEN,7,2325.0,6.75069478718107e-05,1.7199099836489792e-07,0.28753538455634986
PRI_UPSTREAM_OFFAXIS_F0p5,DECISION_GRADE_PHYSICAL_SCREEN,8,2625.0,1.9924697884138192e-05,1.5022868607983523e-08,0.23541406981142526
PRI_UPSTREAM_OFFAXIS_F0p5,DECISION_GRADE_PHYSICAL_SCREEN,9,2925.0,5.873628740681516e-06,1.3073827102194357e-09,0.1927407393452393
PRI_UPSTREAM_OFFAXIS_F0p5,DECISION_GRADE_PHYSICAL_SCREEN,10,3225.0,1.7303657889462592e-06,1.1355269462115787e-10,0.15780277073219115
PRI_UPSTREAM_OFFAXIS_F0p5,DECISION_GRADE_PHYSICAL_SCREEN,11,3525.0,5.095860847857801e-07,9.852224836430377e-12,0.1291979813244957
PRI_UPSTREAM_OFFAXIS_F0p5,DECISION_GRADE_PHYSICAL_SCREEN,12,3825.0,1.5004305747320823e-07,8.543308074113729e-13,0.10577836054640463
PRI_UPSTREAM_OFFAXIS_F0p5,DECISION_GRADE_PHYSICAL_SCREEN,13,4125.0,4.417440681734193e-08,7.406050289471865e-14,0.08660399678955072
PRI_UPSTREAM_OFFAXIS_F0p5,DECISION_GRADE_PHYSICAL_SCREEN,14,4425.0,1.3004760550947378e-08,6.4191548088410025e-15,0.07090535551107534
PRI_UPSTREAM_OFFAXIS_F0p5,DECISION_GRADE_PHYSICAL_SCREEN,15,4725.0,3.8284496992739305e-09,5.563415030523536e-16,0.05805239511484503
PRI_UPSTREAM_OFFAXIS_F0p5,DECISION_GRADE_PHYSICAL_SCREEN,16,5025.0,1.1270765485581515e-09,4.8228168313019025e-17,0.047529281170357644
PRI_UPSTREAM_OFFAXIS_F0p5,DECISION_GRADE_PHYSICAL_SCREEN,17,5325.0,3.3194933658317004e-10,4.1936012491985284e-18,0.03891368416586206
PRI_UPSTREAM_OFFAXIS_F0p5,DECISION_GRADE_PHYSICAL_SCREEN,18,5625.0,9.826285179275703e-11,3.7793904100399324e-19,0.031859829942154985
PRI_UPSTREAM_OFFAXIS_F0p5,DECISION_GRADE_PHYSICAL_SCREEN,19,5925.0,3.071925856655235e-11,5.0278871555233457e-20,0.026084622561476985
PRI_UPSTREAM_OFFAXIS_F0p5,DECISION_GRADE_PHYSICAL_SCREEN,20,6225.0,1.3751230314249275e-11,2.583239542546466e-20,0.021356282673512965
PRI_UPSTREAM_OFFAXIS_F0p5,DECISION_GRADE_PHYSICAL_SCREEN,21,6525.0,1.1142733896373645e-11,2.4154583164349716e-20,0.017485045396231524
PRI_UPSTREAM_OFFAXIS_F0p5,DECISION_GRADE_PHYSICAL_SCREEN,22,6825.0,1.0911564547395948e-11,2.4016630270133095e-20,0.014315544384859333
PRI_UPSTREAM_OFFAXIS_F0p5,DECISION_GRADE_PHYSICAL_SCREEN,23,7125.0,1.0919496562720693e-11,2.4005739425246828e-20,0.011720576434937157
PRI_UPSTREAM_OFFAXIS_F0p5,DECISION_GRADE_PHYSICAL_SCREEN,24,7425.0,1.0952693159999777e-11,2.4005956127572703e-20,0.009595996371084147
PRI_UPSTREAM_OFFAXIS_F0p5,DECISION_GRADE_PHYSICAL_SCREEN,25,7725.0,1.0992919767377668e-11,2.4007300813562237e-20,0.007856537335431305
PRI_UPSTREAM_OFFAXIS_F0p5,DECISION_GRADE_PHYSICAL_SCREEN,26,8025.0,1.1039153777733365e-11,2.4008925695734897e-20,0.0064323887292229535
PRI_UPSTREAM_OFFAXIS_F0p5,DECISION_GRADE_PHYSICAL_SCREEN,27,8325.0,1.1091939136298586e-11,2.401077572764841e-20,0.0052663944683670316
PRI_UPSTREAM_OFFAXIS_F0p5,DECISION_GRADE_PHYSICAL_SCREEN,28,8625.0,1.1152009874122501e-11,2.401286531574907e-20,0.004311759109091858
PRI_UPSTREAM_OFFAXIS_F0p5,DECISION_GRADE_PHYSICAL_SCREEN,29,8925.0,1.122018504510946e-11,2.401521584987561e-20,0.0035301697824776245
PRI_UPSTREAM_OFFAXIS_F0p5,DECISION_GRADE_PHYSICAL_SCREEN,30,9225.0,1.129734756963756e-11,2.4017849545905226e-20,0.0028902585645010407
PRI_UPSTREAM_OFFAXIS_F0p5,DECISION_GRADE_PHYSICAL_SCREEN,31,9525.0,1.1382843571324234e-11,2.402073491744599e-20,0.002366343571104024
PRI_UPSTREAM_OFFAXIS_F0p5,DECISION_GRADE_PHYSICAL_SCREEN,32,9825.0,1.1479702656837077e-11,2.4023962676631702e-20,0.0019373982540112384
PRI_UPSTREAM_OFFAXIS_F0p5,DECISION_GRADE_PHYSICAL_SCREEN,33,10125.0,1.1587941862120994e-11,2.402751870579918e-20,0.0015862075315185883
PRI_UPSTREAM_OFFAXIS_F0p5,DECISION_GRADE_PHYSICAL_SCREEN,34,10425.0,1.1709033239228134e-11,2.4031434169076472e-20,0.0012986768868181804
PRI_UPSTREAM_OFFAXIS_F0p5,DECISION_GRADE_PHYSICAL_SCREEN,35,10725.0,1.1843674972823181e-11,2.4035711182468862e-20,0.0010632667055496179
PRI_UPSTREAM_OFFAXIS_F0p5,DECISION_GRADE_PHYSICAL_SCREEN,36,11025.0,1.19918672492187e-11,2.4040327062790715e-20,0.0008705291505573834
PRI_UPSTREAM_OFFAXIS_F0p5,DECISION_GRADE_PHYSICAL_SCREEN,37,11325.0,1.2153793696343838e-11,2.40452631342443e-20,0.0007127289870121824
PRI_UPSTREAM_OFFAXIS_F0p5,DECISION_GRADE_PHYSICAL_SCREEN,38,11625.0,1.2332491574188078e-11,2.405058275596515e-20,0.0005835331402769912
PRI_UPSTREAM_OFFAXIS_F0p5,DECISION_GRADE_PHYSICAL_SCREEN,39,11925.0,1.2527624981935931e-11,2.4056242027469957e-20,0.0004777565273849406
PRI_UPSTREAM_OFFAXIS_F0p5,DECISION_GRADE_PHYSICAL_SCREEN,40,12225.0,1.2737926732538711e-11,2.4062170498150022e-20,0.0003911539614537939
PRI_UPSTREAM_OFFAXIS_F0p666667,DECISION_GRADE_PHYSICAL_SCREEN,1,525.0,0.08005528832692313,0.1804561572671065,0.9258745579768448
PRI_UPSTREAM_OFFAXIS_F0p666667,DECISION_GRADE_PHYSICAL_SCREEN,2,825.0,0.023826615827493063,0.01978476079624785,0.7716096944031932
PRI_UPSTREAM_OFFAXIS_F0p666667,DECISION_GRADE_PHYSICAL_SCREEN,3,1125.0,0.006692269820151662,0.001684651434340128,0.6328247749675893
PRI_UPSTREAM_OFFAXIS_F0p666667,DECISION_GRADE_PHYSICAL_SCREEN,4,1425.0,0.0018175853914097928,0.00012833936964509128,0.518192222887398
PRI_UPSTREAM_OFFAXIS_F0p666667,DECISION_GRADE_PHYSICAL_SCREEN,5,1725.0,0.0004851255502434124,9.284642270948768e-06,0.4242655109566818
PRI_UPSTREAM_OFFAXIS_F0p666667,DECISION_GRADE_PHYSICAL_SCREEN,6,2025.0,0.00012833838669917025,6.547851237641165e-07,0.3473596122628595
PRI_UPSTREAM_OFFAXIS_F0p666667,DECISION_GRADE_PHYSICAL_SCREEN,7,2325.0,3.37982079434156e-05,4.5588354098425776e-08,0.2843940240176107
PRI_UPSTREAM_OFFAXIS_F0p666667,DECISION_GRADE_PHYSICAL_SCREEN,8,2625.0,8.880311990006644e-06,3.153385113817719e-09,0.23284213532317707
PRI_UPSTREAM_OFFAXIS_F0p666667,DECISION_GRADE_PHYSICAL_SCREEN,9,2925.0,2.33050955832628e-06,2.1739899249101372e-10,0.1906350169300692
PRI_UPSTREAM_OFFAXIS_F0p666667,DECISION_GRADE_PHYSICAL_SCREEN,10,3225.0,6.112403927831472e-07,1.4962423648284735e-11,0.15607875098303706
PRI_UPSTREAM_OFFAXIS_F0p666667,DECISION_GRADE_PHYSICAL_SCREEN,11,3525.0,1.6026532444250623e-07,1.0288935376082028e-12,0.12778647333242094
PRI_UPSTREAM_OFFAXIS_F0p666667,DECISION_GRADE_PHYSICAL_SCREEN,12,3825.0,4.2014459924431184e-08,7.07207613563892e-14,0.10462271554467423
PRI_UPSTREAM_OFFAXIS_F0p666667,DECISION_GRADE_PHYSICAL_SCREEN,13,4125.0,1.1013442537186586e-08,4.859889064253435e-15,0.08565783468695748
PRI_UPSTREAM_OFFAXIS_F0p666667,DECISION_GRADE_PHYSICAL_SCREEN,14,4425.0,2.886885567958937e-09,3.3394287076245017e-16,0.07013070350028217
PRI_UPSTREAM_OFFAXIS_F0p666667,DECISION_GRADE_PHYSICAL_SCREEN,15,4725.0,7.567055122801266e-10,2.2957640398982523e-17,0.0574181636906747
PRI_UPSTREAM_OFFAXIS_F0p666667,DECISION_GRADE_PHYSICAL_SCREEN,16,5025.0,1.983459283919369e-10,1.591040530663779e-18,0.04701001639882093
PRI_UPSTREAM_OFFAXIS_F0p666667,DECISION_GRADE_PHYSICAL_SCREEN,17,5325.0,5.1989310618158704e-11,1.2395180112205336e-19,0.03848854612841494
PRI_UPSTREAM_OFFAXIS_F0p666667,DECISION_GRADE_PHYSICAL_SCREEN,18,5625.0,1.3646896986430588e-11,2.8494805467232446e-20,0.031511756356593805
PRI_UPSTREAM_OFFAXIS_F0p666667,DECISION_GRADE_PHYSICAL_SCREEN,19,5925.0,3.5824844325089873e-12,2.3235739064783142e-20,0.025799644012643924
PRI_UPSTREAM_OFFAXIS_F0p666667,DECISION_GRADE_PHYSICAL_SCREEN,20,6225.0,1.1444114350538993e-12,2.32009170310799e-20,0.021122961971615808
PRI_UPSTREAM_OFFAXIS_F0p666667,DECISION_GRADE_PHYSICAL_SCREEN,21,6525.0,4.071011492633268e-13,2.2946082952522106e-20,0.017294018562258578
PRI_UPSTREAM_OFFAXIS_F0p666667,DECISION_GRADE_PHYSICAL_SCREEN,22,6825.0,5.996476382912961e-13,2.3137878963846433e-20,0.014159144841222564
PRI_UPSTREAM_OFFAXIS_F0p666667,DECISION_GRADE_PHYSICAL_SCREEN,23,7125.0,3.678260509048056e-13,2.2974752591780368e-20,0.011592527318794371
PRI_UPSTREAM_OFFAXIS_F0p666667,DECISION_GRADE_PHYSICAL_SCREEN,24,7425.0,5.53493984859638e-13,2.3108359542848895e-20,0.009491158621793594
PRI_UPSTREAM_OFFAXIS_F0p666667,DECISION_GRADE_PHYSICAL_SCREEN,25,7725.0,4.0179242621877357e-13,2.2999479132305584e-20,0.007770703446003649
PRI_UPSTREAM_OFFAXIS_F0p666667,DECISION_GRADE_PHYSICAL_SCREEN,26,8025.0,5.263910704851171e-13,2.3089306939816404e-20,0.006362113884292235
PRI_UPSTREAM_OFFAXIS_F0p666667,DECISION_GRADE_PHYSICAL_SCREEN,27,8325.0,4.2913272316902084e-13,2.3019293478158798e-20,0.0052088582916544664
PRI_UPSTREAM_OFFAXIS_F0p666667,DECISION_GRADE_PHYSICAL_SCREEN,28,8625.0,5.113102129454464e-13,2.3078586671937796e-20,0.004264652471802751
PRI_UPSTREAM_OFFAXIS_F0p666667,DECISION_GRADE_PHYSICAL_SCREEN,29,8925.0,4.5120373677413833e-13,2.303530219198162e-20,0.003491602129854943
PRI_UPSTREAM_OFFAXIS_F0p666667,DECISION_GRADE_PHYSICAL_SCREEN,30,9225.0,5.048746361203897e-13,2.3073990664025573e-20,0.0028586820412248234
PRI_UPSTREAM_OFFAXIS_F0p666667,DECISION_GRADE_PHYSICAL_SCREEN,31,9525.0,4.698537998561665e-13,2.3048802283530645e-20,0.002340490900422502
PRI_UPSTREAM_OFFAXIS_F0p666667,DECISION_GRADE_PHYSICAL_SCREEN,32,9825.0,5.052685427062802e-13,2.3074272346273668e-20,0.0019162318774750787
PRI_UPSTREAM_OFFAXIS_F0p666667,DECISION_GRADE_PHYSICAL_SCREEN,33,10125.0,4.869740756140612e-13,2.306114914083256e-20,0.0015688779681172064
PRI_UPSTREAM_OFFAXIS_F0p666667,DECISION_GRADE_PHYSICAL_SCREEN,34,10425.0,5.11120513735492e-13,2.3078451472072495e-20,0.0012844886403240543
PRI_UPSTREAM_OFFAXIS_F0p666667,DECISION_GRADE_PHYSICAL_SCREEN,35,10725.0,5.039152315855236e-13,2.307330458695576e-20,0.0010516503518126258
PRI_UPSTREAM_OFFAXIS_F0p666667,DECISION_GRADE_PHYSICAL_SCREEN,36,11025.0,5.215513783210887e-13,2.30858748797136e-20,0.0008610184845142758
PRI_UPSTREAM_OFFAXIS_F0p666667,DECISION_GRADE_PHYSICAL_SCREEN,37,11325.0,5.21698303046193e-13,2.3085979224748414e-20,0.0007049423122404357
PRI_UPSTREAM_OFFAXIS_F0p666667,DECISION_GRADE_PHYSICAL_SCREEN,38,11625.0,5.359794265315552e-13,2.309608331470442e-20,0.0005771579501771457
PRI_UPSTREAM_OFFAXIS_F0p666667,DECISION_GRADE_PHYSICAL_SCREEN,39,11925.0,5.410586389891058e-13,2.309965921381495e-20,0.0004725369631934789
PRI_UPSTREAM_OFFAXIS_F0p666667,DECISION_GRADE_PHYSICAL_SCREEN,40,12225.0,5.540080229813532e-13,2.3108730519271868e-20,0.00038688054373257956
PRI_UPSTREAM_OFFAXIS_F1p0,DECISION_GRADE_PHYSICAL_SCREEN,1,525.0,0.06912884260748792,0.14758007460200123,0.9148859837433241
PRI_UPSTREAM_OFFAXIS_F1p0,DECISION_GRADE_PHYSICAL_SCREEN,2,825.0,0.01629822797429243,0.01056521788624173,0.7579139065033701
PRI_UPSTREAM_OFFAXIS_F1p0,DECISION_GRADE_PHYSICAL_SCREEN,3,1125.0,0.0034710030763128734,0.0005119784358004801,0.6209788945691694
PRI_UPSTREAM_OFFAXIS_F1p0,DECISION_GRADE_PHYSICAL_SCREEN,4,1425.0,0.0007062822598926529,2.1718822344412354e-05,0.5084338701052036
PRI_UPSTREAM_OFFAXIS_F1p0,DECISION_GRADE_PHYSICAL_SCREEN,5,1725.0,0.00014080225371798974,8.72348620855111e-07,0.4162712261029317
PRI_UPSTREAM_OFFAXIS_F1p0,DECISION_GRADE_PHYSICAL_SCREEN,6,2025.0,2.7807791545726296e-05,3.418990567133742e-08,0.34081408509963645
PRI_UPSTREAM_OFFAXIS_F1p0,DECISION_GRADE_PHYSICAL_SCREEN,7,2325.0,5.4680634077010664e-06,1.3249587495708152e-09,0.27903497374296315
PRI_UPSTREAM_OFFAXIS_F1p0,DECISION_GRADE_PHYSICAL_SCREEN,8,2625.0,1.0730463522473965e-06,5.1076959792710105e-11,0.22845451423355978
PRI_UPSTREAM_OFFAXIS_F1p0,DECISION_GRADE_PHYSICAL_SCREEN,9,2925.0,2.103732089991089e-07,1.9641783281790296e-12,0.187042736484272
PRI_UPSTREAM_OFFAXIS_F1p0,DECISION_GRADE_PHYSICAL_SCREEN,10,3225.0,4.1225766666975626e-08,7.544613584394534e-14,0.15313764049960232
PRI_UPSTREAM_OFFAXIS_F1p0,DECISION_GRADE_PHYSICAL_SCREEN,11,3525.0,8.077114329793572e-09,2.896414885048514e-15,0.12537849573082727
PRI_UPSTREAM_OFFAXIS_F1p0,DECISION_GRADE_PHYSICAL_SCREEN,12,3825.0,1.5823481062013454e-09,1.111809896323531e-16,0.10265123022948484
PRI_UPSTREAM_OFFAXIS_F1p0,DECISION_GRADE_PHYSICAL_SCREEN,13,4125.0,3.099935643893258e-10,4.2816422206991316e-18,0.08404371903016743
PRI_UPSTREAM_OFFAXIS_F1p0,DECISION_GRADE_PHYSICAL_SCREEN,14,4425.0,6.081944403049844e-11,1.8033532027885537e-19,0.06880917737304329
PRI_UPSTREAM_OFFAXIS_F1p0,DECISION_GRADE_PHYSICAL_SCREEN,15,4725.0,1.2386206346768447e-11,2.963226749123991e-20,0.05633618960930817
PRI_UPSTREAM_OFFAXIS_F1p0,DECISION_GRADE_PHYSICAL_SCREEN,16,5025.0,4.1700349912270874e-12,2.5521352663563518e-20,0.04612417094437286
PRI_UPSTREAM_OFFAXIS_F1p0,DECISION_GRADE_PHYSICAL_SCREEN,17,5325.0,3.491407489411217e-12,2.5379420954858858e-20,0.037763277212383956
PRI_UPSTREAM_OFFAXIS_F1p0,DECISION_GRADE_PHYSICAL_SCREEN,18,5625.0,3.467047676376031e-12,2.5374633865828448e-20,0.030917956390787704
PRI_UPSTREAM_OFFAXIS_F1p0,DECISION_GRADE_PHYSICAL_SCREEN,19,5925.0,3.470807485288238e-12,2.537513591261122e-20,0.02531348171946182
PRI_UPSTREAM_OFFAXIS_F1p0,DECISION_GRADE_PHYSICAL_SCREEN,20,6225.0,3.476809908186872e-12,2.5376008868640282e-20,0.020724925951200707
PRI_UPSTREAM_OFFAXIS_F1p0,DECISION_GRADE_PHYSICAL_SCREEN,21,6525.0,3.4838103518298217e-12,2.537702706534159e-20,0.01696813423151196
PRI_UPSTREAM_OFFAXIS_F1p0,DECISION_GRADE_PHYSICAL_SCREEN,22,6825.0,3.4921532496373993e-12,2.5378237874074067e-20,0.01389233331769407
PRI_UPSTREAM_OFFAXIS_F1p0,DECISION_GRADE_PHYSICAL_SCREEN,23,7125.0,3.5018873369268012e-12,2.5379646859589484e-20,0.011374080519206003
PRI_UPSTREAM_OFFAXIS_F1p0,DECISION_GRADE_PHYSICAL_SCREEN,24,7425.0,3.5132831859249265e-12,2.538129130401032e-20,0.009312309509059135
PRI_UPSTREAM_OFFAXIS_F1p0,DECISION_GRADE_PHYSICAL_SCREEN,25,7725.0,3.5265015439479715e-12,2.538319192317983e-20,0.007624274177247237
PRI_UPSTREAM_OFFAXIS_F1p0,DECISION_GRADE_PHYSICAL_SCREEN,26,8025.0,3.5417869999653976e-12,2.538538070053739e-20,0.006242227738810641
PRI_UPSTREAM_OFFAXIS_F1p0,DECISION_GRADE_PHYSICAL_SCREEN,27,8325.0,3.5593504137273757e-12,2.5387883767044587e-20,0.005110703817480704
PRI_UPSTREAM_OFFAXIS_F1p0,DECISION_GRADE_PHYSICAL_SCREEN,28,8625.0,3.5794358962942834e-12,2.5390730821221147e-20,0.004184290385244494
PRI_UPSTREAM_OFFAXIS_F1p0,DECISION_GRADE_PHYSICAL_SCREEN,29,8925.0,3.6022778029492917e-12,2.5393948777514376e-20,0.0034258072182081823
PRI_UPSTREAM_OFFAXIS_F1p0,DECISION_GRADE_PHYSICAL_SCREEN,30,9225.0,3.62812258408221e-12,2.53975646649962e-20,0.002804813723663571
PRI_UPSTREAM_OFFAXIS_F1p0,DECISION_GRADE_PHYSICAL_SCREEN,31,9525.0,3.657211286962135e-12,2.540160295128583e-20,0.0022963872522185347
PRI_UPSTREAM_OFFAXIS_F1p0,DECISION_GRADE_PHYSICAL_SCREEN,32,9825.0,3.68978457489575e-12,2.540608606568952e-20,0.0018801228643675581
PRI_UPSTREAM_OFFAXIS_F1p0,DECISION_GRADE_PHYSICAL_SCREEN,33,10125.0,3.726073509374204e-12,2.5411032966694687e-20,0.001539314408622783
PRI_UPSTREAM_OFFAXIS_F1p0,DECISION_GRADE_PHYSICAL_SCREEN,34,10425.0,3.766298442905199e-12,2.5416458892713365e-20,0.0012602840449955192
PRI_UPSTREAM_OFFAXIS_F1p0,DECISION_GRADE_PHYSICAL_SCREEN,35,10725.0,3.810663469355178e-12,2.5422374568532775e-20,0.0010318333052513468
PRI_UPSTREAM_OFFAXIS_F1p0,DECISION_GRADE_PHYSICAL_SCREEN,36,11025.0,3.859354913258438e-12,2.5428786036787973e-20,0.0008447936590593783
PRI_UPSTREAM_OFFAXIS_F1p0,DECISION_GRADE_PHYSICAL_SCREEN,37,11325.0,3.9125397350615875e-12,2.5435694546357534e-20,0.0006916585486771887
PRI_UPSTREAM_OFFAXIS_F1p0,DECISION_GRADE_PHYSICAL_SCREEN,38,11625.0,3.9703669718670515e-12,2.5443096898325502e-20,0.0005662821244312986
PRI_UPSTREAM_OFFAXIS_F1p0,DECISION_GRADE_PHYSICAL_SCREEN,39,11925.0,4.032970522302066e-12,2.5450985995806955e-20,0.00046363259019023654
PRI_UPSTREAM_OFFAXIS_F1p0,DECISION_GRADE_PHYSICAL_SCREEN,40,12225.0,4.100473958641884e-12,2.5459351654112267e-20,0.00037959025971794774
PRI_UPSTREAM_OFFAXIS_F2p0,DECISION_GRADE_PHYSICAL_SCREEN,1,525.0,0.025282400287873368,0.031558901715635405,0.8801762994032581
PRI_UPSTREAM_OFFAXIS_F2p0,DECISION_GRADE_PHYSICAL_SCREEN,2,825.0,0.0016572020507877685,0.00015825294382672782,0.7215563451053497
PRI_UPSTREAM_OFFAXIS_F2p0,DECISION_GRADE_PHYSICAL_SCREEN,3,1125.0,9.268787830374821e-05,5.119381590692149e-07,0.5907641307498803
PRI_UPSTREAM_OFFAXIS_F2p0,DECISION_GRADE_PHYSICAL_SCREEN,4,1425.0,4.921670431496318e-06,1.460023363968523e-09,0.48367677317343255
PRI_UPSTREAM_OFFAXIS_F2p0,DECISION_GRADE_PHYSICAL_SCREEN,5,1725.0,2.5651745814378094e-07,3.98276688377729e-12,0.3960010487788406
PRI_UPSTREAM_OFFAXIS_F2p0,DECISION_GRADE_PHYSICAL_SCREEN,6,2025.0,1.3277302684221872e-08,1.0686948167123662e-14,0.3242182368864582
PRI_UPSTREAM_OFFAXIS_F2p0,DECISION_GRADE_PHYSICAL_SCREEN,7,2325.0,6.854316344539561e-10,2.851604492547857e-17,0.2654474412476656
PRI_UPSTREAM_OFFAXIS_F2p0,DECISION_GRADE_PHYSICAL_SCREEN,8,2625.0,3.535017556048958e-11,9.675430451323777e-20,0.21732998347532462
PRI_UPSTREAM_OFFAXIS_F2p0,DECISION_GRADE_PHYSICAL_SCREEN,9,2925.0,2.0335406039962834e-12,3.0535871753878315e-20,0.17793474103717785
PRI_UPSTREAM_OFFAXIS_F2p0,DECISION_GRADE_PHYSICAL_SCREEN,10,3225.0,2.4536579421815604e-13,2.9899225687737706e-20,0.1456806445281043
PRI_UPSTREAM_OFFAXIS_F2p0,DECISION_GRADE_PHYSICAL_SCREEN,11,3525.0,8.496212117737361e-13,3.0380190699421195e-20,0.11927322380338062
PRI_UPSTREAM_OFFAXIS_F2p0,DECISION_GRADE_PHYSICAL_SCREEN,12,3825.0,2.562821670217807e-13,2.9920259641823485e-20,0.09765265634658049
PRI_UPSTREAM_OFFAXIS_F2p0,DECISION_GRADE_PHYSICAL_SCREEN,13,4125.0,7.883109927589648e-13,3.033833415677248e-20,0.07995123287070122
PRI_UPSTREAM_OFFAXIS_F2p0,DECISION_GRADE_PHYSICAL_SCREEN,14,4425.0,2.9242961524435614e-13,2.994723423299883e-20,0.0654585330977423
PRI_UPSTREAM_OFFAXIS_F2p0,DECISION_GRADE_PHYSICAL_SCREEN,15,4725.0,7.275157535156418e-13,3.0294659500911605e-20,0.05359291409849455
PRI_UPSTREAM_OFFAXIS_F2p0,DECISION_GRADE_PHYSICAL_SCREEN,16,5025.0,3.3096360235058734e-13,2.9976979553325505e-20,0.04387816691950404
PRI_UPSTREAM_OFFAXIS_F2p0,DECISION_GRADE_PHYSICAL_SCREEN,17,5325.0,6.744187133344291e-13,3.0254789221291295e-20,0.03592440464568693
PRI_UPSTREAM_OFFAXIS_F2p0,DECISION_GRADE_PHYSICAL_SCREEN,18,5625.0,3.6795952815818296e-13,3.000635234778972e-20,0.029412414869441406
PRI_UPSTREAM_OFFAXIS_F2p0,DECISION_GRADE_PHYSICAL_SCREEN,19,5925.0,6.285998512013312e-13,3.02191805944013e-20,0.0240808485758998
PRI_UPSTREAM_OFFAXIS_F2p0,DECISION_GRADE_PHYSICAL_SCREEN,20,6225.0,4.036181034730485e-13,3.003525115055784e-20,0.019715731289303286
PRI_UPSTREAM_OFFAXIS_F2p0,DECISION_GRADE_PHYSICAL_SCREEN,21,6525.0,5.924140909077238e-13,3.019036385619843e-20,0.01614187552597441
PRI_UPSTREAM_OFFAXIS_F2p0,DECISION_GRADE_PHYSICAL_SCREEN,22,6825.0,4.3582706715536274e-13,3.006169824415746e-20,0.013215849905472074
PRI_UPSTREAM_OFFAXIS_F2p0,DECISION_GRADE_PHYSICAL_SCREEN,23,7125.0,5.660646608623447e-13,3.0169055290098104e-20,0.010820222745672726
PRI_UPSTREAM_OFFAXIS_F2p0,DECISION_GRADE_PHYSICAL_SCREEN,24,7425.0,4.619104913926904e-13,3.0083254338202854e-20,0.008858849117036138
PRI_UPSTREAM_OFFAXIS_F2p0,DECISION_GRADE_PHYSICAL_SCREEN,25,7725.0,5.505080032051735e-13,3.0156367948867953e-20,0.007253012208995213
PRI_UPSTREAM_OFFAXIS_F2p0,DECISION_GRADE_PHYSICAL_SCREEN,26,8025.0,4.834391222657288e-13,3.0101081742386323e-20,0.005938264147954447
PRI_UPSTREAM_OFFAXIS_F2p0,DECISION_GRADE_PHYSICAL_SCREEN,27,8325.0,5.432847110732805e-13,3.0150453944907754e-20,0.004861839477830725
PRI_UPSTREAM_OFFAXIS_F2p0,DECISION_GRADE_PHYSICAL_SCREEN,28,8625.0,5.021393871542545e-13,3.011655861962897e-20,0.003980537497028611
PRI_UPSTREAM_OFFAXIS_F2p0,DECISION_GRADE_PHYSICAL_SCREEN,29,8925.0,5.427112282335605e-13,3.014998384202036e-20,0.0032589884625973797
PRI_UPSTREAM_OFFAXIS_F2p0,DECISION_GRADE_PHYSICAL_SCREEN,30,9225.0,5.195592548626231e-13,3.0130944772701414e-20,0.002668234078254807
PRI_UPSTREAM_OFFAXIS_F2p0,DECISION_GRADE_PHYSICAL_SCREEN,31,9525.0,5.476966732953866e-13,3.0154067816142456e-20,0.0021845652962778927
PRI_UPSTREAM_OFFAXIS_F2p0,DECISION_GRADE_PHYSICAL_SCREEN,32,9825.0,5.369755471062798e-13,3.0145277758346964e-20,0.0017885707901696237
PRI_UPSTREAM_OFFAXIS_F2p0,DECISION_GRADE_PHYSICAL_SCREEN,33,10125.0,5.575387712197335e-13,3.0162110763637686e-20,0.001464357909968857
PRI_UPSTREAM_OFFAXIS_F2p0,DECISION_GRADE_PHYSICAL_SCREEN,34,10425.0,5.553921982435414e-13,3.016035890581765e-20,0.001198914854404502
PRI_UPSTREAM_OFFAXIS_F2p0,DECISION_GRADE_PHYSICAL_SCREEN,35,10725.0,5.717662713128232e-13,3.017368660318616e-20,0.0009815884616229769
PRI_UPSTREAM_OFFAXIS_F2p0,DECISION_GRADE_PHYSICAL_SCREEN,36,11025.0,5.755664946843201e-13,3.0176767449959945e-20,0.0008036566603972377
PRI_UPSTREAM_OFFAXIS_F2p0,DECISION_GRADE_PHYSICAL_SCREEN,37,11325.0,5.900413462947855e-13,3.0188455391198343e-20,0.0006579784227831663
PRI_UPSTREAM_OFFAXIS_F2p0,DECISION_GRADE_PHYSICAL_SCREEN,38,11625.0,5.980482304492559e-13,3.0194886767311615e-20,0.0005387071695943244
PRI_UPSTREAM_OFFAXIS_F2p0,DECISION_GRADE_PHYSICAL_SCREEN,39,11925.0,6.121170526694418e-13,3.02061242315449e-20,0.0004410561266504693
PRI_UPSTREAM_OFFAXIS_F2p0,DECISION_GRADE_PHYSICAL_SCREEN,40,12225.0,6.232308904027695e-13,3.0214941190796275e-20,0.0003611062147221965
PRI_UPSTREAM_OFFAXIS_F3p333333,DECISION_GRADE_PHYSICAL_SCREEN,1,525.0,0.001241917415746782,0.00014220849342245625,0.8353962706939573
PRI_UPSTREAM_OFFAXIS_F3p333333,DECISION_GRADE_PHYSICAL_SCREEN,2,825.0,5.0208077064604285e-06,2.5972334042421875e-09,0.6839667362364831
PRI_UPSTREAM_OFFAXIS_F3p333333,DECISION_GRADE_PHYSICAL_SCREEN,3,1125.0,1.7321799909587085e-08,3.1807308110854954e-14,0.5599846010738584
PRI_UPSTREAM_OFFAXIS_F3p333333,DECISION_GRADE_PHYSICAL_SCREEN,4,1425.0,5.72729936810777e-11,3.743632257256743e-19,0.45847661414927365
PRI_UPSTREAM_OFFAXIS_F3p333333,DECISION_GRADE_PHYSICAL_SCREEN,5,1725.0,1.0040581154001261e-12,3.744151306647537e-20,0.37536890357107816
PRI_UPSTREAM_OFFAXIS_F3p333333,DECISION_GRADE_PHYSICAL_SCREEN,6,2025.0,1.3254598521763748e-12,3.7645374086680656e-20,0.3073260651028052
PRI_UPSTREAM_OFFAXIS_F3p333333,DECISION_GRADE_PHYSICAL_SCREEN,7,2325.0,1.1123056952907597e-12,3.752204689579591e-20,0.2516173007221126
PRI_UPSTREAM_OFFAXIS_F3p333333,DECISION_GRADE_PHYSICAL_SCREEN,8,2625.0,1.2354818714179375e-12,3.759566996027199e-20,0.20600682210766424
PRI_UPSTREAM_OFFAXIS_F3p333333,DECISION_GRADE_PHYSICAL_SCREEN,9,2925.0,1.1619443342254865e-12,3.7552544466610597e-20,0.16866412060340977
PRI_UPSTREAM_OFFAXIS_F3p333333,DECISION_GRADE_PHYSICAL_SCREEN,10,3225.0,1.2064425194887237e-12,3.757892230311248e-20,0.13809050247886526
PRI_UPSTREAM_OFFAXIS_F3p333333,DECISION_GRADE_PHYSICAL_SCREEN,11,3525.0,1.1813654608324005e-12,3.756416573324016e-20,0.11305894108743826
PRI_UPSTREAM_OFFAXIS_F3p333333,DECISION_GRADE_PHYSICAL_SCREEN,12,3825.0,1.1979476321222309e-12,3.757395448597032e-20,0.09256483197871752
PRI_UPSTREAM_OFFAXIS_F3p333333,DECISION_GRADE_PHYSICAL_SCREEN,13,4125.0,1.1900634255800392e-12,3.7569315485215835e-20,0.07578567459447225
PRI_UPSTREAM_OFFAXIS_F3p333333,DECISION_GRADE_PHYSICAL_SCREEN,14,4425.0,1.1970055861286646e-12,3.7573401633330246e-20,0.062048062433255134
PRI_UPSTREAM_OFFAXIS_F3p333333,DECISION_GRADE_PHYSICAL_SCREEN,15,4725.0,1.1954687572070022e-12,3.757249888753168e-20,0.05080065688300861
PRI_UPSTREAM_OFFAXIS_F3p333333,DECISION_GRADE_PHYSICAL_SCREEN,16,5025.0,1.1993506380668446e-12,3.7574777138296664e-20,0.041592060066681806
PRI_UPSTREAM_OFFAXIS_F3p333333,DECISION_GRADE_PHYSICAL_SCREEN,17,5325.0,1.2004569240647869e-12,3.757542520108106e-20,0.03405269866045905
PRI_UPSTREAM_OFFAXIS_F3p333333,DECISION_GRADE_PHYSICAL_SCREEN,18,5625.0,1.2037296531628155e-12,3.757733923674749e-20,0.027879991618615225
PRI_UPSTREAM_OFFAXIS_F3p333333,DECISION_GRADE_PHYSICAL_SCREEN,19,5925.0,1.2063152904582383e-12,3.7578848131821664e-20,0.022826206533716666
PRI_UPSTREAM_OFFAXIS_F3p333333,DECISION_GRADE_PHYSICAL_SCREEN,20,6225.0,1.2100035088937853e-12,3.758099543766539e-20,0.018688517265263393
PRI_UPSTREAM_OFFAXIS_F3p333333,DECISION_GRADE_PHYSICAL_SCREEN,21,6525.0,1.2138350201175929e-12,3.758321994432083e-20,0.015300863814499962
PRI_UPSTREAM_OFFAXIS_F3p333333,DECISION_GRADE_PHYSICAL_SCREEN,22,6825.0,1.2184954250745475e-12,3.758591718327248e-20,0.012527287753589198
PRI_UPSTREAM_OFFAXIS_F3p333333,DECISION_GRADE_PHYSICAL_SCREEN,23,7125.0,1.2237030295210553e-12,3.7588920130851445e-20,0.010256475736520661
PRI_UPSTREAM_OFFAXIS_F3p333333,DECISION_GRADE_PHYSICAL_SCREEN,24,7425.0,1.2297615573913775e-12,3.759239926262647e-20,0.008397292103687611
PRI_UPSTREAM_OFFAXIS_F3p333333,DECISION_GRADE_PHYSICAL_SCREEN,25,7725.0,1.2366359307920458e-12,3.7596328152552313e-20,0.006875121287867948
PRI_UPSTREAM_OFFAXIS_F3p333333,DECISION_GRADE_PHYSICAL_SCREEN,26,8025.0,1.2445007396250135e-12,3.760079887091195e-20,0.005628873229518589
PRI_UPSTREAM_OFFAXIS_F3p333333,DECISION_GRADE_PHYSICAL_SCREEN,27,8325.0,1.2534120210173553e-12,3.7605833503703256e-20,0.004608531618184247
PRI_UPSTREAM_OFFAXIS_F3p333333,DECISION_GRADE_PHYSICAL_SCREEN,28,8625.0,1.2635000601278518e-12,3.761149373039529e-20,0.0037731465623396785
PRI_UPSTREAM_OFFAXIS_F3p333333,DECISION_GRADE_PHYSICAL_SCREEN,29,8925.0,1.2748514246559023e-12,3.7617813578739666e-20,0.0030891911264579637
PRI_UPSTREAM_OFFAXIS_F3p333333,DECISION_GRADE_PHYSICAL_SCREEN,30,9225.0,1.2875755805466147e-12,3.762483665002447e-20,0.0025292157773667474
PRI_UPSTREAM_OFFAXIS_F3p333333,DECISION_GRADE_PHYSICAL_SCREEN,31,9525.0,1.3017614490459788e-12,3.7632591593635364e-20,0.0020707467381001904
PRI_UPSTREAM_OFFAXIS_F3p333333,DECISION_GRADE_PHYSICAL_SCREEN,32,9825.0,1.3174998976211965e-12,3.7641104466853866e-20,0.0016953840363185433
PRI_UPSTREAM_OFFAXIS_F3p333333,DECISION_GRADE_PHYSICAL_SCREEN,33,10125.0,1.3348677820312952e-12,3.765038996433912e-20,0.0013880630488114696
PRI_UPSTREAM_OFFAXIS_F3p333333,DECISION_GRADE_PHYSICAL_SCREEN,34,10425.0,1.3539361841451249e-12,3.7660456027402016e-20,0.001136449905273134
PRI_UPSTREAM_OFFAXIS_F3p333333,DECISION_GRADE_PHYSICAL_SCREEN,35,10725.0,1.3747657060624598e-12,3.7671301535657246e-20,0.000930446486779674
PRI_UPSTREAM_OFFAXIS_F3p333333,DECISION_GRADE_PHYSICAL_SCREEN,36,11025.0,1.3974109688845384e-12,3.768291899073999e-20,0.0007617851528198851
PRI_UPSTREAM_OFFAXIS_F3p333333,DECISION_GRADE_PHYSICAL_SCREEN,37,11325.0,1.421920863795367e-12,3.7695294958973214e-20,0.0006236969318518499
PRI_UPSTREAM_OFFAXIS_F3p333333,DECISION_GRADE_PHYSICAL_SCREEN,38,11625.0,1.4483422116772038e-12,3.770841225206398e-20,0.0005106398587074918
PRI_UPSTREAM_OFFAXIS_F3p333333,DECISION_GRADE_PHYSICAL_SCREEN,39,11925.0,1.4767218281656295e-12,3.772225120279529e-20,0.00041807655607121905
PRI_UPSTREAM_OFFAXIS_F3p333333,DECISION_GRADE_PHYSICAL_SCREEN,40,12225.0,1.5071095917757978e-12,3.7736791336206254e-20,0.0003422921335964383
PRI_UPSTREAM_OFFAXIS_F8p0,DECISION_GRADE_PHYSICAL_SCREEN,1,525.0,1.2368710097735737e-11,8.869168965395118e-13,0.7666071206800649
PRI_UPSTREAM_OFFAXIS_F8p0,DECISION_GRADE_PHYSICAL_SCREEN,2,825.0,6.74595787254719e-13,1.4159023391588335e-20,0.6276448252293464
PRI_UPSTREAM_OFFAXIS_F8p0,DECISION_GRADE_PHYSICAL_SCREEN,3,1125.0,1.4726533867794289e-12,1.3261099103063244e-20,0.513872120425521
PRI_UPSTREAM_OFFAXIS_F8p0,DECISION_GRADE_PHYSICAL_SCREEN,4,1425.0,1.4778818770884281e-12,5.0351827350686507e-20,0.4207229081417662
PRI_UPSTREAM_OFFAXIS_F8p0,DECISION_GRADE_PHYSICAL_SCREEN,5,1725.0,1.4814884783827358e-12,5.035112846336519e-20,0.34445878342006686
PRI_UPSTREAM_OFFAXIS_F8p0,DECISION_GRADE_PHYSICAL_SCREEN,6,2025.0,1.4817900512074968e-12,5.035107005343656e-20,0.2820189991538368
PRI_UPSTREAM_OFFAXIS_F8p0,DECISION_GRADE_PHYSICAL_SCREEN,7,2325.0,1.4758838518089462e-12,5.0352215944795995e-20,0.2308976275595195
PRI_UPSTREAM_OFFAXIS_F8p0,DECISION_GRADE_PHYSICAL_SCREEN,8,2625.0,1.458809189293588e-12,5.0355548598236776e-20,0.18904298849572482
PRI_UPSTREAM_OFFAXIS_F8p0,DECISION_GRADE_PHYSICAL_SCREEN,9,2925.0,1.421976270863892e-12,5.036284015002725e-20,0.15477530833521702
PRI_UPSTREAM_OFFAXIS_F8p0,DECISION_GRADE_PHYSICAL_SCREEN,10,3225.0,1.3499704979324787e-12,5.037751370591295e-20,0.12671930475116908
PRI_UPSTREAM_OFFAXIS_F8p0,DECISION_GRADE_PHYSICAL_SCREEN,11,3525.0,1.2133383237818635e-12,5.040699554242332e-20,0.10374899180844294
PRI_UPSTREAM_OFFAXIS_F8p0,DECISION_GRADE_PHYSICAL_SCREEN,12,3825.0,9.505810631112921e-13,5.0470696586314264e-20,0.08494249019440785
PRI_UPSTREAM_OFFAXIS_F8p0,DECISION_GRADE_PHYSICAL_SCREEN,13,4125.0,2.0356286771524232e-12,1.3234930106596376e-20,0.06954502896518663
PRI_UPSTREAM_OFFAXIS_F8p0,DECISION_GRADE_PHYSICAL_SCREEN,14,4425.0,2.185399382029292e-12,5.023579318191545e-20,0.05693865393749731
PRI_UPSTREAM_OFFAXIS_F8p0,DECISION_GRADE_PHYSICAL_SCREEN,15,4725.0,2.5072933415335886e-12,5.0194239539263114e-20,0.04661742701749377
PRI_UPSTREAM_OFFAXIS_F8p0,DECISION_GRADE_PHYSICAL_SCREEN,16,5025.0,3.217300310246638e-12,5.012059497915059e-20,0.03816712112859053
PRI_UPSTREAM_OFFAXIS_F8p0,DECISION_GRADE_PHYSICAL_SCREEN,17,5325.0,4.809358775081941e-12,5.002035176716564e-20,0.031248595824429477
PRI_UPSTREAM_OFFAXIS_F8p0,DECISION_GRADE_PHYSICAL_SCREEN,18,5625.0,8.293702462824753e-12,5.0005820426300665e-20,0.025584186391964622
PRI_UPSTREAM_OFFAXIS_F8p0,DECISION_GRADE_PHYSICAL_SCREEN,19,5925.0,8.98149954020959e-13,1.2957500586370214e-20,0.020946560191580654
PRI_UPSTREAM_OFFAXIS_F8p0,DECISION_GRADE_PHYSICAL_SCREEN,20,6225.0,1.7985900513144731e-12,1.3244348881082673e-20,0.0171495930000461
PRI_UPSTREAM_OFFAXIS_F8p0,DECISION_GRADE_PHYSICAL_SCREEN,21,6525.0,1.708002921692256e-12,5.030967640304678e-20,0.014040899191908629
PRI_UPSTREAM_OFFAXIS_F8p0,DECISION_GRADE_PHYSICAL_SCREEN,22,6825.0,1.5534105029583093e-12,5.0337449255792986e-20,0.011495715969283381
PRI_UPSTREAM_OFFAXIS_F8p0,DECISION_GRADE_PHYSICAL_SCREEN,23,7125.0,1.2951524750037797e-12,5.0389074476190044e-20,0.009411896192701965
PRI_UPSTREAM_OFFAXIS_F8p0,DECISION_GRADE_PHYSICAL_SCREEN,24,7425.0,8.501130341671159e-13,5.0497933895640344e-20,0.007705808857742669
PRI_UPSTREAM_OFFAXIS_F8p0,DECISION_GRADE_PHYSICAL_SCREEN,25,7725.0,1.537916134734991e-12,1.3257348759991389e-20,0.006308982689174638
PRI_UPSTREAM_OFFAXIS_F8p0,DECISION_GRADE_PHYSICAL_SCREEN,26,8025.0,1.1327293735671838e-12,5.042548817262797e-20,0.005165358148263903
PRI_UPSTREAM_OFFAXIS_F8p0,DECISION_GRADE_PHYSICAL_SCREEN,27,8325.0,1.9566944052135654e-12,1.3237836655956705e-20,0.004229037566645596
PRI_UPSTREAM_OFFAXIS_F8p0,DECISION_GRADE_PHYSICAL_SCREEN,28,8625.0,1.5324718628772821e-12,5.0341379614173134e-20,0.003462443111734824
PRI_UPSTREAM_OFFAXIS_F8p0,DECISION_GRADE_PHYSICAL_SCREEN,29,8925.0,9.450279673013072e-13,5.047215642998199e-20,0.002834808656360323
PRI_UPSTREAM_OFFAXIS_F8p0,DECISION_GRADE_PHYSICAL_SCREEN,30,9225.0,1.4427754823320028e-12,1.3262896869996214e-20,0.002320945026053869
PRI_UPSTREAM_OFFAXIS_F8p0,DECISION_GRADE_PHYSICAL_SCREEN,31,9525.0,6.901719871975018e-13,5.0545269811620054e-20,0.0019002290690336805
PRI_UPSTREAM_OFFAXIS_F8p0,DECISION_GRADE_PHYSICAL_SCREEN,32,9825.0,9.131548819132005e-13,1.3304453844691717e-20,0.0015557759767106175
PRI_UPSTREAM_OFFAXIS_F8p0,DECISION_GRADE_PHYSICAL_SCREEN,33,10125.0,1.189264981327167e-12,1.3280218866983137e-20,0.0012737616370329166
PRI_UPSTREAM_OFFAXIS_F8p0,DECISION_GRADE_PHYSICAL_SCREEN,34,10425.0,1.4925393939414197e-12,1.3259936355561388e-20,0.0010428678243298028
PRI_UPSTREAM_OFFAXIS_F8p0,DECISION_GRADE_PHYSICAL_SCREEN,35,10725.0,4.5095155306471785e-13,5.062724472566452e-20,0.000853827959174336
PRI_UPSTREAM_OFFAXIS_F8p0,DECISION_GRADE_PHYSICAL_SCREEN,36,11025.0,6.94859172236506e-13,5.136726897702133e-20,0.0006990552080138404
PRI_UPSTREAM_OFFAXIS_F8p0,DECISION_GRADE_PHYSICAL_SCREEN,37,11325.0,6.457432341901344e-13,1.3335815546065345e-20,0.0005723379969002568
PRI_UPSTREAM_OFFAXIS_F8p0,DECISION_GRADE_PHYSICAL_SCREEN,38,11625.0,5.356008017293367e-13,1.3352100623215979e-20,0.0004685907192172909
PRI_UPSTREAM_OFFAXIS_F8p0,DECISION_GRADE_PHYSICAL_SCREEN,39,11925.0,3.5737042443331273e-13,1.3384945841086409e-20,0.0003836496324301257
PRI_UPSTREAM_OFFAXIS_F8p0,DECISION_GRADE_PHYSICAL_SCREEN,40,12225.0,9.466700995740681e-13,5.158282513639896e-20,0.0003141057524776078
PRI_CROSSSTREAM_OFFAXIS_F0p0,DECISION_GRADE_PHYSICAL_SCREEN,1,525.0,0.09534683651617552,0.23225790087226875,0.9394308130811578
PRI_CROSSSTREAM_OFFAXIS_F0p0,DECISION_GRADE_PHYSICAL_SCREEN,2,825.0,0.03539942634356073,0.0368858671675064,0.7941314931385917
PRI_CROSSSTREAM_OFFAXIS_F0p0,DECISION_GRADE_PHYSICAL_SCREEN,3,1125.0,0.01315295434448549,0.005202207015961936,0.6538773473874938
PRI_CROSSSTREAM_OFFAXIS_F0p0,DECISION_GRADE_PHYSICAL_SCREEN,4,1425.0,0.004887268430981834,0.0007203746499851679,0.5358650353160574
PRI_CROSSSTREAM_OFFAXIS_F0p0,DECISION_GRADE_PHYSICAL_SCREEN,5,1725.0,0.0018159861926931539,9.949998617130654e-05,0.43880045216983987
PRI_CROSSSTREAM_OFFAXIS_F0p0,DECISION_GRADE_PHYSICAL_SCREEN,6,2025.0,0.0006747768613691828,1.3738513293326493e-05,0.35926926556245314
PRI_CROSSSTREAM_OFFAXIS_F0p0,DECISION_GRADE_PHYSICAL_SCREEN,7,2325.0,0.0002507311679252879,1.8968722536012242e-06,0.29414615503693986
PRI_CROSSSTREAM_OFFAXIS_F0p0,DECISION_GRADE_PHYSICAL_SCREEN,8,2625.0,9.316583083701143e-05,2.618995146604307e-07,0.24082669061520726
PRI_CROSSSTREAM_OFFAXIS_F0p0,DECISION_GRADE_PHYSICAL_SCREEN,9,2925.0,3.461824724249925e-05,3.6160245967914484e-08,0.19717224366809594
PRI_CROSSSTREAM_OFFAXIS_F0p0,DECISION_GRADE_PHYSICAL_SCREEN,10,3225.0,1.2863333194525878e-05,4.992616299034889e-09,0.1614309831203228
PRI_CROSSSTREAM_OFFAXIS_F0p0,DECISION_GRADE_PHYSICAL_SCREEN,11,3525.0,4.779714702055084e-06,6.893266518628834e-10,0.13216851087393408
PRI_CROSSSTREAM_OFFAXIS_F0p0,DECISION_GRADE_PHYSICAL_SCREEN,12,3825.0,1.7760305611490416e-06,9.517480109374892e-11,0.10821042450917773
PRI_CROSSSTREAM_OFFAXIS_F0p0,DECISION_GRADE_PHYSICAL_SCREEN,13,4125.0,6.599315573450306e-07,1.3140711982142376e-11,0.08859520235869882
PRI_CROSSSTREAM_OFFAXIS_F0p0,DECISION_GRADE_PHYSICAL_SCREEN,14,4425.0,2.4521518412983916e-07,1.814328069431498e-12,0.07253561674753313
PRI_CROSSSTREAM_OFFAXIS_F0p0,DECISION_GRADE_PHYSICAL_SCREEN,15,4725.0,9.111624667116492e-08,2.5050289214932074e-13,0.05938714012486308
PRI_CROSSSTREAM_OFFAXIS_F0p0,DECISION_GRADE_PHYSICAL_SCREEN,16,5025.0,3.385667343117761e-08,3.458674322934762e-14,0.04862207795760156
PRI_CROSSSTREAM_OFFAXIS_F0p0,DECISION_GRADE_PHYSICAL_SCREEN,17,5325.0,1.258035068181102e-08,4.775365256918444e-15,0.03980839050244689
PRI_CROSSSTREAM_OFFAXIS_F0p0,DECISION_GRADE_PHYSICAL_SCREEN,18,5625.0,4.674565078134105e-09,6.593310388053413e-16,0.0325923535348912
PRI_CROSSSTREAM_OFFAXIS_F0p0,DECISION_GRADE_PHYSICAL_SCREEN,19,5925.0,1.73695942368431e-09,9.103333365795575e-17,0.026684362154205356
PRI_CROSSSTREAM_OFFAXIS_F0p0,DECISION_GRADE_PHYSICAL_SCREEN,20,6225.0,6.454136350898602e-10,1.2568902947736678e-17,0.021847307921918156
PRI_CROSSSTREAM_OFFAXIS_F0p0,DECISION_GRADE_PHYSICAL_SCREEN,21,6525.0,2.398206628668647e-10,1.7353788438132675e-18,0.017887062867638612
PRI_CROSSSTREAM_OFFAXIS_F0p0,DECISION_GRADE_PHYSICAL_SCREEN,22,6825.0,8.91117683467345e-11,2.39602433409929e-19,0.014644688451974969
PRI_CROSSSTREAM_OFFAXIS_F0p0,DECISION_GRADE_PHYSICAL_SCREEN,23,7125.0,3.311185601339563e-11,3.308172523869828e-20,0.011990056804877889
PRI_CROSSSTREAM_OFFAXIS_F0p0,DECISION_GRADE_PHYSICAL_SCREEN,24,7425.0,1.2303593891054947e-11,4.5675685726331824e-21,0.009816628237305456
PRI_CROSSSTREAM_OFFAXIS_F0p0,DECISION_GRADE_PHYSICAL_SCREEN,25,7725.0,4.5717287057171044e-12,6.306407091885375e-22,0.008037175429415677
PRI_CROSSSTREAM_OFFAXIS_F0p0,DECISION_GRADE_PHYSICAL_SCREEN,26,8025.0,1.6987478247208398e-12,8.707208173485493e-23,0.006580282691945349
PRI_CROSSSTREAM_OFFAXIS_F0p0,DECISION_GRADE_PHYSICAL_SCREEN,27,8325.0,6.312150955906646e-13,1.2021975916202763e-23,0.005387479803842426
PRI_CROSSSTREAM_OFFAXIS_F0p0,DECISION_GRADE_PHYSICAL_SCREEN,28,8625.0,2.3454481654274294e-13,1.6598650457200174e-24,0.004410895396992327
PRI_CROSSSTREAM_OFFAXIS_F0p0,DECISION_GRADE_PHYSICAL_SCREEN,29,8925.0,8.715138682732512e-14,2.2917630090157187e-25,0.003611335710127731
PRI_CROSSSTREAM_OFFAXIS_F0p0,DECISION_GRADE_PHYSICAL_SCREEN,30,9225.0,3.2383423935279755e-14,3.164219707521164e-26,0.002956711605570286
PRI_CROSSSTREAM_OFFAXIS_F0p0,DECISION_GRADE_PHYSICAL_SCREEN,31,9525.0,1.2032925509835364e-14,4.3688140170154304e-27,0.002420750719462969
PRI_CROSSSTREAM_OFFAXIS_F0p0,DECISION_GRADE_PHYSICAL_SCREEN,32,9825.0,4.471154644259385e-15,6.031988192824582e-28,0.0019819430595599827
PRI_CROSSSTREAM_OFFAXIS_F0p0,DECISION_GRADE_PHYSICAL_SCREEN,33,10125.0,1.6613768477617543e-15,8.328320092516006e-29,0.001622677733711224
PRI_CROSSSTREAM_OFFAXIS_F0p0,DECISION_GRADE_PHYSICAL_SCREEN,34,10425.0,6.173289116319496e-16,1.1498848032546689e-29,0.0013285361629242634
PRI_CROSSSTREAM_OFFAXIS_F0p0,DECISION_GRADE_PHYSICAL_SCREEN,35,10725.0,2.2938503425644064e-16,1.5876371778075815e-30,0.0010877134131623146
PRI_CROSSSTREAM_OFFAXIS_F0p0,DECISION_GRADE_PHYSICAL_SCREEN,36,11025.0,8.52341319989868e-17,2.19203854266311e-31,0.0008905444218914038
PRI_CROSSSTREAM_OFFAXIS_F0p0,DECISION_GRADE_PHYSICAL_SCREEN,37,11325.0,3.167101673031978e-17,3.026530897415766e-32,0.000729116105184545
PRI_CROSSSTREAM_OFFAXIS_F0p0,DECISION_GRADE_PHYSICAL_SCREEN,38,11625.0,1.1768211597956073e-17,4.178708127040467e-33,0.0005969497778790276
PRI_CROSSSTREAM_OFFAXIS_F0p0,DECISION_GRADE_PHYSICAL_SCREEN,39,11925.0,4.372793124815777e-18,5.769510440453067e-34,0.0004887411411926303
PRI_CROSSSTREAM_OFFAXIS_F0p0,DECISION_GRADE_PHYSICAL_SCREEN,40,12225.0,1.6248279998429976e-18,7.965919061705881e-35,0.00040014740258883445
PRI_CROSSSTREAM_OFFAXIS_F0p25,DECISION_GRADE_PHYSICAL_SCREEN,1,525.0,0.08588041818726035,0.2036330889617392,0.9340859194700474
PRI_CROSSSTREAM_OFFAXIS_F0p25,DECISION_GRADE_PHYSICAL_SCREEN,2,825.0,0.02897648801151753,0.026882136547426952,0.7853463071103206
PRI_CROSSSTREAM_OFFAXIS_F0p25,DECISION_GRADE_PHYSICAL_SCREEN,3,1125.0,0.009776702102573956,0.0031138070744934684,0.6454991440349604
PRI_CROSSSTREAM_OFFAXIS_F0p25,DECISION_GRADE_PHYSICAL_SCREEN,4,1425.0,0.0033000333534805807,0.00035512298204898025,0.5287782987262016
PRI_CROSSSTREAM_OFFAXIS_F0p25,DECISION_GRADE_PHYSICAL_SCREEN,5,1725.0,0.001114257788765938,4.04679281774408e-05,0.4329599303399318
PRI_CROSSSTREAM_OFFAXIS_F0p25,DECISION_GRADE_PHYSICAL_SCREEN,6,2025.0,0.00037630479541212586,4.613713948729188e-06,0.35448135821520965
PRI_CROSSSTREAM_OFFAXIS_F0p25,DECISION_GRADE_PHYSICAL_SCREEN,7,2325.0,0.0001270996842180988,5.26207605633867e-07,0.29022521688236375
PRI_CROSSSTREAM_OFFAXIS_F0p25,DECISION_GRADE_PHYSICAL_SCREEN,8,2625.0,4.293173670084235e-05,6.002954662498795e-08,0.23761635915151097
PRI_CROSSSTREAM_OFFAXIS_F0p25,DECISION_GRADE_PHYSICAL_SCREEN,9,2925.0,1.450204741335301e-05,6.849077941817394e-09,0.1945438262363196
PRI_CROSSSTREAM_OFFAXIS_F0p25,DECISION_GRADE_PHYSICAL_SCREEN,10,3225.0,4.8988023193629266e-06,7.815077547653631e-10,0.15927901399607244
PRI_CROSSSTREAM_OFFAXIS_F0p25,DECISION_GRADE_PHYSICAL_SCREEN,11,3525.0,1.6548404164527297e-06,8.917726824459458e-11,0.13040662715097512
PRI_CROSSSTREAM_OFFAXIS_F0p25,DECISION_GRADE_PHYSICAL_SCREEN,12,3825.0,5.590176994320825e-07,1.01762177381643e-11,0.10676791606194516
PRI_CROSSSTREAM_OFFAXIS_F0p25,DECISION_GRADE_PHYSICAL_SCREEN,13,4125.0,1.8884124866211866e-07,1.161248495402209e-12,0.08741417632290657
PRI_CROSSSTREAM_OFFAXIS_F0p25,DECISION_GRADE_PHYSICAL_SCREEN,14,4425.0,6.37924444339738e-08,1.3251581537415458e-13,0.07156867441065244
PRI_CROSSSTREAM_OFFAXIS_F0p25,DECISION_GRADE_PHYSICAL_SCREEN,15,4725.0,2.1549750431720508e-08,1.5122111614140194e-14,0.05859547469703865
PRI_CROSSSTREAM_OFFAXIS_F0p25,DECISION_GRADE_PHYSICAL_SCREEN,16,5025.0,7.279735560261675e-09,1.7256726689806266e-15,0.04797391712566968
PRI_CROSSSTREAM_OFFAXIS_F0p25,DECISION_GRADE_PHYSICAL_SCREEN,17,5325.0,2.4591734911788266e-09,1.96926937288775e-16,0.03927772129640039
PRI_CROSSSTREAM_OFFAXIS_F0p25,DECISION_GRADE_PHYSICAL_SCREEN,18,5625.0,8.307356588015542e-10,2.2472544541399145e-17,0.032157878336189
PRI_CROSSSTREAM_OFFAXIS_F0p25,DECISION_GRADE_PHYSICAL_SCREEN,19,5925.0,2.8063162128161846e-10,2.5644817572969916e-18,0.026328643947578136
PRI_CROSSSTREAM_OFFAXIS_F0p25,DECISION_GRADE_PHYSICAL_SCREEN,20,6225.0,9.48004497033902e-11,2.9264904890770263e-19,0.021556070486722697
PRI_CROSSSTREAM_OFFAXIS_F0p25,DECISION_GRADE_PHYSICAL_SCREEN,21,6525.0,3.2024636764645555e-11,3.339601905034755e-20,0.017648617822996534
PRI_CROSSSTREAM_OFFAXIS_F0p25,DECISION_GRADE_PHYSICAL_SCREEN,22,6825.0,1.0818275590426107e-11,3.81102966575811e-21,0.014449466161007445
PRI_CROSSSTREAM_OFFAXIS_F0p25,DECISION_GRADE_PHYSICAL_SCREEN,23,7125.0,3.654532904044885e-12,4.349005785357917e-22,0.01183022231157644
PRI_CROSSSTREAM_OFFAXIS_F0p25,DECISION_GRADE_PHYSICAL_SCREEN,24,7425.0,1.2345415653695427e-12,4.962924371275597e-23,0.009685766822236921
PRI_CROSSSTREAM_OFFAXIS_F0p25,DECISION_GRADE_PHYSICAL_SCREEN,25,7725.0,4.1704177417042047e-13,5.66350568783684e-24,0.007930035164507765
PRI_CROSSSTREAM_OFFAXIS_F0p25,DECISION_GRADE_PHYSICAL_SCREEN,26,8025.0,1.4088131771097386e-13,6.462983621956052e-25,0.006492563662172321
PRI_CROSSSTREAM_OFFAXIS_F0p25,DECISION_GRADE_PHYSICAL_SCREEN,27,8325.0,4.7591266355968304e-14,7.375321664458763e-26,0.005315661536537085
PRI_CROSSSTREAM_OFFAXIS_F0p25,DECISION_GRADE_PHYSICAL_SCREEN,28,8625.0,1.6076858421581622e-14,8.416476480521128e-27,0.004352095572916668
PRI_CROSSSTREAM_OFFAXIS_F0p25,DECISION_GRADE_PHYSICAL_SCREEN,29,8925.0,5.430947479961911e-15,9.60483655186796e-28,0.0035631944858814154
PRI_CROSSSTREAM_OFFAXIS_F0p25,DECISION_GRADE_PHYSICAL_SCREEN,30,9225.0,1.8346504272993365e-15,1.096279225517197e-28,0.0029172969047890035
PRI_CROSSSTREAM_OFFAXIS_F0p25,DECISION_GRADE_PHYSICAL_SCREEN,31,9525.0,6.198012550923499e-16,1.2526478552071645e-29,0.0023884806918099666
PRI_CROSSSTREAM_OFFAXIS_F0p25,DECISION_GRADE_PHYSICAL_SCREEN,32,9825.0,2.0945145583479326e-16,1.441365257951597e-30,0.0019555225955177934
PRI_CROSSSTREAM_OFFAXIS_F0p25,DECISION_GRADE_PHYSICAL_SCREEN,33,10125.0,7.090567490760322e-17,1.7304613830327076e-31,0.0016010464872892923
PRI_CROSSSTREAM_OFFAXIS_F0p25,DECISION_GRADE_PHYSICAL_SCREEN,34,10425.0,2.4233651452066364e-17,2.6164296750504825e-32,0.0013108259962512198
PRI_CROSSSTREAM_OFFAXIS_F0p25,DECISION_GRADE_PHYSICAL_SCREEN,35,10725.0,8.663895937188495e-18,7.729155582583503e-33,0.001073213555064957
PRI_CROSSSTREAM_OFFAXIS_F0p25,DECISION_GRADE_PHYSICAL_SCREEN,36,11025.0,3.6081874220158546e-18,3.7874654863490096e-33,0.0008786729421518303
PRI_CROSSSTREAM_OFFAXIS_F0p25,DECISION_GRADE_PHYSICAL_SCREEN,37,11325.0,1.9405066525936668e-18,2.006415801042606e-33,0.000719396559637214
PRI_CROSSSTREAM_OFFAXIS_F0p25,DECISION_GRADE_PHYSICAL_SCREEN,38,11625.0,1.2256436038857888e-18,1.012804618345782e-33,0.0005889920870334855
PRI_CROSSSTREAM_OFFAXIS_F0p25,DECISION_GRADE_PHYSICAL_SCREEN,39,11925.0,7.948327226188315e-19,4.733237615102742e-34,0.00048222593497389786
PRI_CROSSSTREAM_OFFAXIS_F0p25,DECISION_GRADE_PHYSICAL_SCREEN,40,12225.0,5.010770261394992e-19,2.026567204376828e-34,0.0003948132028949133
PRI_CROSSSTREAM_OFFAXIS_F0p5,DECISION_GRADE_PHYSICAL_SCREEN,1,525.0,0.0747613536527802,0.1725897879971014,0.9271539033198262
PRI_CROSSSTREAM_OFFAXIS_F0p5,DECISION_GRADE_PHYSICAL_SCREEN,2,825.0,0.022010736331010552,0.01749102126024099,0.7747675823577286
PRI_CROSSSTREAM_OFFAXIS_F0p5,DECISION_GRADE_PHYSICAL_SCREEN,3,1125.0,0.006468242862571165,0.0015317342071132771,0.6357777818377448
PRI_CROSSSTREAM_OFFAXIS_F0p5,DECISION_GRADE_PHYSICAL_SCREEN,4,1425.0,0.001901883360316189,0.00013245723913510389,0.5206569470588723
PRI_CROSSSTREAM_OFFAXIS_F0p5,DECISION_GRADE_PHYSICAL_SCREEN,5,1725.0,0.0005595053799029014,1.1457321319911234e-05,0.4262887652267561
PRI_CROSSSTREAM_OFFAXIS_F0p5,DECISION_GRADE_PHYSICAL_SCREEN,6,2025.0,0.0001646475115266439,9.918227580641557e-07,0.3490166661800553
PRI_CROSSSTREAM_OFFAXIS_F0p5,DECISION_GRADE_PHYSICAL_SCREEN,7,2325.0,4.8459319555004506e-05,8.590040231167022e-08,0.2857507597245847
PRI_CROSSSTREAM_OFFAXIS_F0p5,DECISION_GRADE_PHYSICAL_SCREEN,8,2625.0,1.4263882574196914e-05,7.44168588550381e-09,0.23395294178686518
PRI_CROSSSTREAM_OFFAXIS_F0p5,DECISION_GRADE_PHYSICAL_SCREEN,9,2925.0,4.1987375085943734e-06,6.447766349571235e-10,0.19154446882782233
PRI_CROSSSTREAM_OFFAXIS_F0p5,DECISION_GRADE_PHYSICAL_SCREEN,10,3225.0,1.2359778478139465e-06,5.587021884524077e-11,0.15682334726451497
PRI_CROSSSTREAM_OFFAXIS_F0p5,DECISION_GRADE_PHYSICAL_SCREEN,11,3525.0,3.638384015949011e-07,4.8413802317423e-12,0.1283960972106953
PRI_CROSSSTREAM_OFFAXIS_F0p5,DECISION_GRADE_PHYSICAL_SCREEN,12,3825.0,1.0710494838414222e-07,4.195343481212506e-13,0.10512183336198573
PRI_CROSSSTREAM_OFFAXIS_F0p5,DECISION_GRADE_PHYSICAL_SCREEN,13,4125.0,3.152914882382682e-08,3.6355581166767666e-14,0.08606647779343131
PRI_CROSSSTREAM_OFFAXIS_F0p5,DECISION_GRADE_PHYSICAL_SCREEN,14,4425.0,9.281456035282666e-09,3.1504975282815902e-15,0.0704652721785884
PRI_CROSSSTREAM_OFFAXIS_F0p5,DECISION_GRADE_PHYSICAL_SCREEN,15,4725.0,2.7322685039679077e-09,2.730291210365179e-16,0.05769208535662092
PRI_CROSSSTREAM_OFFAXIS_F0p5,DECISION_GRADE_PHYSICAL_SCREEN,16,5025.0,8.043861550989977e-10,2.367413272747128e-17,0.047234284490665475
PRI_CROSSSTREAM_OFFAXIS_F0p5,DECISION_GRADE_PHYSICAL_SCREEN,17,5325.0,2.3702568804446406e-10,2.065618487453117e-18,0.03867216131214218
PRI_CROSSSTREAM_OFFAXIS_F0p5,DECISION_GRADE_PHYSICAL_SCREEN,18,5625.0,7.056249783188037e-11,1.9384365737308423e-19,0.03166208775424337
PRI_CROSSSTREAM_OFFAXIS_F0p5,DECISION_GRADE_PHYSICAL_SCREEN,19,5925.0,2.328891845983251e-11,3.573402672006886e-20,0.025922724951052818
PRI_CROSSSTREAM_OFFAXIS_F0p5,DECISION_GRADE_PHYSICAL_SCREEN,20,6225.0,1.2582561501154444e-11,2.4719157680942452e-20,0.02122373212100886
PRI_CROSSSTREAM_OFFAXIS_F0p5,DECISION_GRADE_PHYSICAL_SCREEN,21,6525.0,1.1203962466275826e-11,2.3916305700013744e-20,0.01737652218255894
PRI_CROSSSTREAM_OFFAXIS_F0p5,DECISION_GRADE_PHYSICAL_SCREEN,22,6825.0,1.1101390912585937e-11,2.384926443675462e-20,0.014226693092402737
PRI_CROSSSTREAM_OFFAXIS_F0p5,DECISION_GRADE_PHYSICAL_SCREEN,23,7125.0,1.1121044430632204e-11,2.3844465398101954e-20,0.011647831149352215
PRI_CROSSSTREAM_OFFAXIS_F0p5,DECISION_GRADE_PHYSICAL_SCREEN,24,7425.0,1.1155325444124844e-11,2.3845181478617704e-20,0.009536437568634313
PRI_CROSSSTREAM_OFFAXIS_F0p5,DECISION_GRADE_PHYSICAL_SCREEN,25,7725.0,1.1195552064934788e-11,2.384653127409612e-20,0.007807774712249129
PRI_CROSSSTREAM_OFFAXIS_F0p5,DECISION_GRADE_PHYSICAL_SCREEN,26,8025.0,1.1241631687296089e-11,2.3848111728878517e-20,0.006392465270022954
PRI_CROSSSTREAM_OFFAXIS_F0p5,DECISION_GRADE_PHYSICAL_SCREEN,27,8325.0,1.129434570978149e-11,2.384991130427412e-20,0.005233707904550737
PRI_CROSSSTREAM_OFFAXIS_F0p5,DECISION_GRADE_PHYSICAL_SCREEN,28,8625.0,1.1354585365505923e-11,2.3851952289043966e-20,0.0042849976140830115
PRI_CROSSSTREAM_OFFAXIS_F0p5,DECISION_GRADE_PHYSICAL_SCREEN,29,8925.0,1.1423319785170561e-11,2.3854260664016972e-20,0.003508259323515539
PRI_CROSSSTREAM_OFFAXIS_F0p5,DECISION_GRADE_PHYSICAL_SCREEN,30,9225.0,1.1501037292118554e-11,2.3856844725699678e-20,0.002872319797934729
PRI_CROSSSTREAM_OFFAXIS_F0p5,DECISION_GRADE_PHYSICAL_SCREEN,31,9525.0,1.1588323828363168e-11,2.385971440285564e-20,0.002351656551243897
PRI_CROSSSTREAM_OFFAXIS_F0p5,DECISION_GRADE_PHYSICAL_SCREEN,32,9825.0,1.1687428900284483e-11,2.3862931394778942e-20,0.0019253735391806853
PRI_CROSSSTREAM_OFFAXIS_F0p5,DECISION_GRADE_PHYSICAL_SCREEN,33,10125.0,1.179871884724414e-11,2.386649234691734e-20,0.0015763625276898217
PRI_CROSSSTREAM_OFFAXIS_F0p5,DECISION_GRADE_PHYSICAL_SCREEN,34,10425.0,1.1923508555605853e-11,2.387042134503698e-20,0.0012906164794193988
PRI_CROSSSTREAM_OFFAXIS_F0p5,DECISION_GRADE_PHYSICAL_SCREEN,35,10725.0,1.206257055077023e-11,2.387472142785985e-20,0.0010566674021298978
PRI_CROSSSTREAM_OFFAXIS_F0p5,DECISION_GRADE_PHYSICAL_SCREEN,36,11025.0,1.2215013155559243e-11,2.3879342170820052e-20,0.000865126097898766
PRI_CROSSSTREAM_OFFAXIS_F0p5,DECISION_GRADE_PHYSICAL_SCREEN,37,11325.0,1.2382950499083662e-11,2.3884322072113256e-20,0.0007083053416400727
PRI_CROSSSTREAM_OFFAXIS_F0p5,DECISION_GRADE_PHYSICAL_SCREEN,38,11625.0,1.2567670424018153e-11,2.3889668662510142e-20,0.0005799113657701338
PRI_CROSSSTREAM_OFFAXIS_F0p5,DECISION_GRADE_PHYSICAL_SCREEN,39,11925.0,1.2769700593998674e-11,2.3895362759059072e-20,0.0004747912692154627
PRI_CROSSSTREAM_OFFAXIS_F0p5,DECISION_GRADE_PHYSICAL_SCREEN,40,12225.0,1.2986173580649008e-11,2.3901290193796165e-20,0.0003887262133996266
PRI_CROSSSTREAM_OFFAXIS_F0p666667,DECISION_GRADE_PHYSICAL_SCREEN,1,525.0,0.06624745994992234,0.14715513659227808,0.9211976592088628
PRI_CROSSSTREAM_OFFAXIS_F0p666667,DECISION_GRADE_PHYSICAL_SCREEN,2,825.0,0.01738144061090453,0.011757887264168444,0.7664477887046496
PRI_CROSSSTREAM_OFFAXIS_F0p666667,DECISION_GRADE_PHYSICAL_SCREEN,3,1125.0,0.004547118829872741,0.0008131211511098376,0.6284074425561612
PRI_CROSSSTREAM_OFFAXIS_F0p666667,DECISION_GRADE_PHYSICAL_SCREEN,4,1425.0,0.0011903363062673847,5.5712523419043484e-05,0.5145578743678174
PRI_CROSSSTREAM_OFFAXIS_F0p666667,DECISION_GRADE_PHYSICAL_SCREEN,5,1725.0,0.0003117881647188864,3.820495687639027e-06,0.4212885637270382
PRI_CROSSSTREAM_OFFAXIS_F0p666667,DECISION_GRADE_PHYSICAL_SCREEN,6,2025.0,8.169463158317903e-05,2.622194709762959e-07,0.3449221917714941
PRI_CROSSSTREAM_OFFAXIS_F0p666667,DECISION_GRADE_PHYSICAL_SCREEN,7,2325.0,2.140929916493129e-05,1.800607386548099e-08,0.28239842564619905
PRI_CROSSSTREAM_OFFAXIS_F0p666667,DECISION_GRADE_PHYSICAL_SCREEN,8,2625.0,5.61112455592464e-06,1.2367480730073857e-09,0.2312082770588593
PRI_CROSSSTREAM_OFFAXIS_F0p666667,DECISION_GRADE_PHYSICAL_SCREEN,9,2925.0,1.470676258354367e-06,8.495693956155713e-11,0.18929732688778675
PRI_CROSSSTREAM_OFFAXIS_F0p666667,DECISION_GRADE_PHYSICAL_SCREEN,10,3225.0,3.854733282895998e-07,5.836396819727243e-12,0.1549835430049114
PRI_CROSSSTREAM_OFFAXIS_F0p666667,DECISION_GRADE_PHYSICAL_SCREEN,11,3525.0,1.0103613836796779e-07,4.00963892357779e-13,0.12688979287954627
PRI_CROSSSTREAM_OFFAXIS_F0p666667,DECISION_GRADE_PHYSICAL_SCREEN,12,3825.0,2.6482670601134072e-08,2.7546937427903682e-14,0.10388857568221038
PRI_CROSSSTREAM_OFFAXIS_F0p666667,DECISION_GRADE_PHYSICAL_SCREEN,13,4125.0,6.941417492960956e-09,1.892553025146827e-15,0.08505677180449711
PRI_CROSSSTREAM_OFFAXIS_F0p666667,DECISION_GRADE_PHYSICAL_SCREEN,14,4425.0,1.819429588806528e-09,1.3003694872231137e-16,0.06963859483387812
PRI_CROSSSTREAM_OFFAXIS_F0p666667,DECISION_GRADE_PHYSICAL_SCREEN,15,4725.0,4.768951186264184e-10,8.947446288607942e-18,0.05701525919163349
PRI_CROSSSTREAM_OFFAXIS_F0p666667,DECISION_GRADE_PHYSICAL_SCREEN,16,5025.0,1.2500091858372482e-10,6.284899246280765e-19,0.04668014609490242
PRI_CROSSSTREAM_OFFAXIS_F0p666667,DECISION_GRADE_PHYSICAL_SCREEN,17,5325.0,3.276744119255995e-11,5.947328717188908e-20,0.03821847116606967
PRI_CROSSSTREAM_OFFAXIS_F0p666667,DECISION_GRADE_PHYSICAL_SCREEN,18,5625.0,8.600326933288074e-12,2.5041376086148555e-20,0.03129063767928535
PRI_CROSSSTREAM_OFFAXIS_F0p666667,DECISION_GRADE_PHYSICAL_SCREEN,19,5925.0,2.2994855280385625e-12,2.3251422840692143e-20,0.02561860735145157
PRI_CROSSSTREAM_OFFAXIS_F0p666667,DECISION_GRADE_PHYSICAL_SCREEN,20,6225.0,7.517296355828558e-13,2.3131697323682912e-20,0.020974741689663068
PRI_CROSSSTREAM_OFFAXIS_F0p666667,DECISION_GRADE_PHYSICAL_SCREEN,21,6525.0,4.958389777677113e-13,2.3127496704137788e-20,0.017172666059193986
PRI_CROSSSTREAM_OFFAXIS_F0p666667,DECISION_GRADE_PHYSICAL_SCREEN,22,6825.0,4.709166755975708e-13,2.3125558279571617e-20,0.01405978981500059
PRI_CROSSSTREAM_OFFAXIS_F0p666667,DECISION_GRADE_PHYSICAL_SCREEN,23,7125.0,4.73511963837485e-13,2.312855052267835e-20,0.011511182303353573
PRI_CROSSSTREAM_OFFAXIS_F0p666667,DECISION_GRADE_PHYSICAL_SCREEN,24,7425.0,4.730165213568913e-13,2.312827227315061e-20,0.009424558956042607
PRI_CROSSSTREAM_OFFAXIS_F0p666667,DECISION_GRADE_PHYSICAL_SCREEN,25,7725.0,4.767524931664813e-13,2.313095564760433e-20,0.007716176251508602
PRI_CROSSSTREAM_OFFAXIS_F0p666667,DECISION_GRADE_PHYSICAL_SCREEN,26,8025.0,4.776673588134973e-13,2.3131611501756454e-20,0.0063174707932800766
PRI_CROSSSTREAM_OFFAXIS_F0p666667,DECISION_GRADE_PHYSICAL_SCREEN,27,8325.0,4.813935854461419e-13,2.313427991624256e-20,0.005172307620130353
PRI_CROSSSTREAM_OFFAXIS_F0p666667,DECISION_GRADE_PHYSICAL_SCREEN,28,8625.0,4.835060132822107e-13,2.3135791609376095e-20,0.004234727312980307
PRI_CROSSSTREAM_OFFAXIS_F0p666667,DECISION_GRADE_PHYSICAL_SCREEN,29,8925.0,4.87594720503256e-13,2.3138715249517428e-20,0.0034671014820362653
PRI_CROSSSTREAM_OFFAXIS_F0p666667,DECISION_GRADE_PHYSICAL_SCREEN,30,9225.0,4.908997345888154e-13,2.3141076152796642e-20,0.002838622607385338
PRI_CROSSSTREAM_OFFAXIS_F0p666667,DECISION_GRADE_PHYSICAL_SCREEN,31,9525.0,4.956668477677991e-13,2.314447749584996e-20,0.0023240676250487827
PRI_CROSSSTREAM_OFFAXIS_F0p666667,DECISION_GRADE_PHYSICAL_SCREEN,32,9825.0,5.002151612779948e-13,2.3147718024465815e-20,0.0019027856368603463
PRI_CROSSSTREAM_OFFAXIS_F0p666667,DECISION_GRADE_PHYSICAL_SCREEN,33,10125.0,5.05917928969605e-13,2.315177407785406e-20,0.0015578691174126386
PRI_CROSSSTREAM_OFFAXIS_F0p666667,DECISION_GRADE_PHYSICAL_SCREEN,34,10425.0,5.11779588588225e-13,2.315593444631581e-20,0.0012754753556961807
PRI_CROSSSTREAM_OFFAXIS_F0p666667,DECISION_GRADE_PHYSICAL_SCREEN,35,10725.0,5.186155607962238e-13,2.316077435707117e-20,0.0010442708985015409
PRI_CROSSSTREAM_OFFAXIS_F0p666667,DECISION_GRADE_PHYSICAL_SCREEN,36,11025.0,5.258541621582806e-13,2.3165884231250656e-20,0.0008549766991475872
PRI_CROSSSTREAM_OFFAXIS_F0p666667,DECISION_GRADE_PHYSICAL_SCREEN,37,11325.0,5.339622216888708e-13,2.3171588082826387e-20,0.0006999957167572312
PRI_CROSSSTREAM_OFFAXIS_F0p666667,DECISION_GRADE_PHYSICAL_SCREEN,38,11625.0,5.426224796770911e-13,2.3177655687180746e-20,0.0005731080203320096
PRI_CROSSSTREAM_OFFAXIS_F0p666667,DECISION_GRADE_PHYSICAL_SCREEN,39,11925.0,5.520915683591904e-13,2.3184258810770442e-20,0.00046922116108145755
PRI_CROSSSTREAM_OFFAXIS_F0p666667,DECISION_GRADE_PHYSICAL_SCREEN,40,12225.0,5.62200889535742e-13,2.3191270188783862e-20,0.0003841657945723468
PRI_CROSSSTREAM_OFFAXIS_F1p0,DECISION_GRADE_PHYSICAL_SCREEN,1,525.0,0.047938112917618805,0.0914372753085857,0.9063206121176761
PRI_CROSSSTREAM_OFFAXIS_F1p0,DECISION_GRADE_PHYSICAL_SCREEN,2,825.0,0.009408752827325085,0.003932028180203738,0.7482376695818144
PRI_CROSSSTREAM_OFFAXIS_F1p0,DECISION_GRADE_PHYSICAL_SCREEN,3,1125.0,0.0018390664685181658,0.0001508166624709116,0.6128529679499364
PRI_CROSSSTREAM_OFFAXIS_F1p0,DECISION_GRADE_PHYSICAL_SCREEN,4,1425.0,0.00035977198836099005,5.768803072529465e-06,0.5017710488042181
PRI_CROSSSTREAM_OFFAXIS_F1p0,DECISION_GRADE_PHYSICAL_SCREEN,5,1725.0,7.042877509945148e-05,2.2099029945388024e-07,0.41081575141462284
PRI_CROSSSTREAM_OFFAXIS_F1p0,DECISION_GRADE_PHYSICAL_SCREEN,6,2025.0,1.3791846729328436e-05,8.473057318762729e-09,0.33634750343523245
PRI_CROSSSTREAM_OFFAXIS_F1p0,DECISION_GRADE_PHYSICAL_SCREEN,7,2325.0,2.7012581042020503e-06,3.250055225187106e-10,0.27537804531662824
PRI_CROSSSTREAM_OFFAXIS_F1p0,DECISION_GRADE_PHYSICAL_SCREEN,8,2625.0,5.291068353801218e-07,1.2468897399302984e-11,0.2254604744436803
PRI_CROSSSTREAM_OFFAXIS_F1p0,DECISION_GRADE_PHYSICAL_SCREEN,9,2925.0,1.036421616140987e-07,4.784164838434988e-13,0.1845914240313783
PRI_CROSSSTREAM_OFFAXIS_F1p0,DECISION_GRADE_PHYSICAL_SCREEN,10,3225.0,2.0301913734447423e-08,1.8357084430842446e-14,0.15113067560897755
PRI_CROSSSTREAM_OFFAXIS_F1p0,DECISION_GRADE_PHYSICAL_SCREEN,11,3525.0,3.97686760473086e-09,7.043998706515111e-16,0.12373533185452351
PRI_CROSSSTREAM_OFFAXIS_F1p0,DECISION_GRADE_PHYSICAL_SCREEN,12,3825.0,7.790242589638406e-10,2.704417583090037e-17,0.10130592143160809
PRI_CROSSSTREAM_OFFAXIS_F1p0,DECISION_GRADE_PHYSICAL_SCREEN,13,4125.0,1.5263972085852367e-10,1.05311908000004e-18,0.08294227334495935
PRI_CROSSSTREAM_OFFAXIS_F1p0,DECISION_GRADE_PHYSICAL_SCREEN,14,4425.0,3.009760397903892e-11,5.923229922567811e-20,0.06790738991771839
PRI_CROSSSTREAM_OFFAXIS_F1p0,DECISION_GRADE_PHYSICAL_SCREEN,15,4725.0,6.8286482840859245e-12,2.6801063984081018e-20,0.05559786848689372
PRI_CROSSSTREAM_OFFAXIS_F1p0,DECISION_GRADE_PHYSICAL_SCREEN,16,5025.0,3.699871710401148e-12,2.5876965636309484e-20,0.0455196847358051
PRI_CROSSSTREAM_OFFAXIS_F1p0,DECISION_GRADE_PHYSICAL_SCREEN,17,5325.0,3.5295782634685192e-12,2.5843193278374444e-20,0.03726836576361803
PRI_CROSSSTREAM_OFFAXIS_F1p0,DECISION_GRADE_PHYSICAL_SCREEN,18,5625.0,3.5280030806755633e-12,2.5842647933377114e-20,0.03051275716763266
PRI_CROSSSTREAM_OFFAXIS_F1p0,DECISION_GRADE_PHYSICAL_SCREEN,19,5925.0,3.5337047479426892e-12,2.5843468055408285e-20,0.024981732654341476
PRI_CROSSSTREAM_OFFAXIS_F1p0,DECISION_GRADE_PHYSICAL_SCREEN,20,6225.0,3.5403803851599102e-12,2.5844440276564702e-20,0.020453312789281808
PRI_CROSSSTREAM_OFFAXIS_F1p0,DECISION_GRADE_PHYSICAL_SCREEN,21,6525.0,3.547950512001523e-12,2.5845541020461457e-20,0.016745756182908213
PRI_CROSSSTREAM_OFFAXIS_F1p0,DECISION_GRADE_PHYSICAL_SCREEN,22,6825.0,3.556542366238839e-12,2.584678744469642e-20,0.013710265570492711
PRI_CROSSSTREAM_OFFAXIS_F1p0,DECISION_GRADE_PHYSICAL_SCREEN,23,7125.0,3.566342971068984e-12,2.5848205469555863e-20,0.011225016055428624
PRI_CROSSSTREAM_OFFAXIS_F1p0,DECISION_GRADE_PHYSICAL_SCREEN,24,7425.0,3.5775452188372794e-12,2.5849821420664972e-20,0.009190265848373515
PRI_CROSSSTREAM_OFFAXIS_F1p0,DECISION_GRADE_PHYSICAL_SCREEN,25,7725.0,3.590374800031357e-12,2.585166577041398e-20,0.007524353279025705
PRI_CROSSSTREAM_OFFAXIS_F1p0,DECISION_GRADE_PHYSICAL_SCREEN,26,8025.0,3.6050729698669293e-12,2.585377047124776e-20,0.006160419426561497
PRI_CROSSSTREAM_OFFAXIS_F1p0,DECISION_GRADE_PHYSICAL_SCREEN,27,8325.0,3.6219039600125197e-12,2.5856169816576358e-20,0.005043724836384924
PRI_CROSSSTREAM_OFFAXIS_F1p0,DECISION_GRADE_PHYSICAL_SCREEN,28,8625.0,3.641145812327368e-12,2.5858898890496257e-20,0.00412945263361155
PRI_CROSSSTREAM_OFFAXIS_F1p0,DECISION_GRADE_PHYSICAL_SCREEN,29,8925.0,3.6630890757360395e-12,2.5861993125961374e-20,0.0033809098645166394
PRI_CROSSSTREAM_OFFAXIS_F1p0,DECISION_GRADE_PHYSICAL_SCREEN,30,9225.0,3.6880290190245234e-12,2.5865486932925945e-20,0.002768054879464486
PRI_CROSSSTREAM_OFFAXIS_F1p0,DECISION_GRADE_PHYSICAL_SCREEN,31,9525.0,3.7162602887082535e-12,2.5869412686686825e-20,0.002266291656025141
PRI_CROSSSTREAM_OFFAXIS_F1p0,DECISION_GRADE_PHYSICAL_SCREEN,32,9825.0,3.748069327986955e-12,2.5873799435023118e-20,0.00185548267423181
PRI_CROSSSTREAM_OFFAXIS_F1p0,DECISION_GRADE_PHYSICAL_SCREEN,33,10125.0,3.783728179244869e-12,2.587867185672907e-20,0.0015191407271969576
PRI_CROSSSTREAM_OFFAXIS_F1p0,DECISION_GRADE_PHYSICAL_SCREEN,34,10425.0,3.8234884947350465e-12,2.588404932610972e-20,0.0012437672316093981
PRI_CROSSSTREAM_OFFAXIS_F1p0,DECISION_GRADE_PHYSICAL_SCREEN,35,10725.0,3.867577484709375e-12,2.5889945334705855e-20,0.001018310482189279
PRI_CROSSSTREAM_OFFAXIS_F1p0,DECISION_GRADE_PHYSICAL_SCREEN,36,11025.0,3.916195689930947e-12,2.589636725353969e-20,0.0008337221079500312
PRI_CROSSSTREAM_OFFAXIS_F1p0,DECISION_GRADE_PHYSICAL_SCREEN,37,11325.0,3.9695172786100475e-12,2.5903316517061183e-20,0.0006825939292996916
PRI_CROSSSTREAM_OFFAXIS_F1p0,DECISION_GRADE_PHYSICAL_SCREEN,38,11625.0,4.0276926463869515e-12,2.591078917147588e-20,0.0005588606417819952
PRI_CROSSSTREAM_OFFAXIS_F1p0,DECISION_GRADE_PHYSICAL_SCREEN,39,11925.0,4.090853155313743e-12,2.59187767298752e-20,0.0004575563941118172
PRI_CROSSSTREAM_OFFAXIS_F1p0,DECISION_GRADE_PHYSICAL_SCREEN,40,12225.0,4.1591173800091225e-12,2.592726721234538e-20,0.000374615491126814
PRI_CROSSSTREAM_OFFAXIS_F2p0,DECISION_GRADE_PHYSICAL_SCREEN,1,525.0,0.008812217530552183,0.0047810459179238665,0.855043025314376
PRI_CROSSSTREAM_OFFAXIS_F2p0,DECISION_GRADE_PHYSICAL_SCREEN,2,825.0,0.0004544588174939427,1.2878005481148083e-05,0.7002280449784875
PRI_CROSSSTREAM_OFFAXIS_F2p0,DECISION_GRADE_PHYSICAL_SCREEN,3,1125.0,2.3368257725732547e-05,3.403417167973576e-08,0.5732987037772989
PRI_CROSSSTREAM_OFFAXIS_F2p0,DECISION_GRADE_PHYSICAL_SCREEN,4,1425.0,1.2031368923068385e-06,9.018478107600146e-11,0.4693772807210224
PRI_CROSSSTREAM_OFFAXIS_F2p0,DECISION_GRADE_PHYSICAL_SCREEN,5,1725.0,6.198490316644043e-08,2.393363451419559e-13,0.3842936145257015
PRI_CROSSSTREAM_OFFAXIS_F2p0,DECISION_GRADE_PHYSICAL_SCREEN,6,2025.0,3.194252397599309e-09,6.355676052533247e-16,0.31463300042369596
PRI_CROSSSTREAM_OFFAXIS_F2p0,DECISION_GRADE_PHYSICAL_SCREEN,7,2325.0,1.6462515368125188e-10,1.706643715703968e-18,0.2575997133800776
PRI_CROSSSTREAM_OFFAXIS_F2p0,DECISION_GRADE_PHYSICAL_SCREEN,8,2625.0,8.519064244726825e-12,3.422369276538642e-20,0.2109048073283432
PRI_CROSSSTREAM_OFFAXIS_F2p0,DECISION_GRADE_PHYSICAL_SCREEN,9,2925.0,5.434770985913787e-13,3.098937341517637e-20,0.1726742517317011
PRI_CROSSSTREAM_OFFAXIS_F2p0,DECISION_GRADE_PHYSICAL_SCREEN,10,3225.0,7.009134585993103e-13,3.1295597772012237e-20,0.14137372015747265
PRI_CROSSSTREAM_OFFAXIS_F2p0,DECISION_GRADE_PHYSICAL_SCREEN,11,3525.0,3.631478075046819e-13,3.101513462534008e-20,0.11574701236996345
PRI_CROSSSTREAM_OFFAXIS_F2p0,DECISION_GRADE_PHYSICAL_SCREEN,12,3825.0,6.470353624619689e-13,3.125330162155451e-20,0.09476563860418666
PRI_CROSSSTREAM_OFFAXIS_F2p0,DECISION_GRADE_PHYSICAL_SCREEN,13,4125.0,4.005856780102985e-13,3.104630984225691e-20,0.07758754266032161
PRI_CROSSSTREAM_OFFAXIS_F2p0,DECISION_GRADE_PHYSICAL_SCREEN,14,4425.0,6.04795264544292e-13,3.1218905388069424e-20,0.06352330723175514
PRI_CROSSSTREAM_OFFAXIS_F2p0,DECISION_GRADE_PHYSICAL_SCREEN,15,4725.0,4.3333256505041366e-13,3.1073972329210964e-20,0.05200848516785891
PRI_CROSSSTREAM_OFFAXIS_F2p0,DECISION_GRADE_PHYSICAL_SCREEN,16,5025.0,5.733023191541528e-13,3.1192762415824624e-20,0.04258094622792617
PRI_CROSSSTREAM_OFFAXIS_F2p0,DECISION_GRADE_PHYSICAL_SCREEN,17,5325.0,4.585280253728412e-13,3.1095406970842664e-20,0.034862330171963045
PRI_CROSSSTREAM_OFFAXIS_F2p0,DECISION_GRADE_PHYSICAL_SCREEN,18,5625.0,5.527702857138519e-13,3.1175530896389975e-20,0.028542861835744553
PRI_CROSSSTREAM_OFFAXIS_F2p0,DECISION_GRADE_PHYSICAL_SCREEN,19,5925.0,4.773685846523909e-13,3.111147486026144e-20,0.023368918765779925
PRI_CROSSSTREAM_OFFAXIS_F2p0,DECISION_GRADE_PHYSICAL_SCREEN,20,6225.0,5.404149480129891e-13,3.1165103264284264e-20,0.01913285245972518
PRI_CROSSSTREAM_OFFAXIS_F2p0,DECISION_GRADE_PHYSICAL_SCREEN,21,6525.0,4.917877024781138e-13,3.1123774818652626e-20,0.015664654702880712
PRI_CROSSSTREAM_OFFAXIS_F2p0,DECISION_GRADE_PHYSICAL_SCREEN,22,6825.0,5.339405533369173e-13,3.1159624102919545e-20,0.012825134541596074
PRI_CROSSSTREAM_OFFAXIS_F2p0,DECISION_GRADE_PHYSICAL_SCREEN,23,7125.0,5.03486420588216e-13,3.1133746454250305e-20,0.010500332061567393
PRI_CROSSSTREAM_OFFAXIS_F2p0,DECISION_GRADE_PHYSICAL_SCREEN,24,7425.0,5.319208668531613e-13,3.1157912985522243e-20,0.008596944776335949
PRI_CROSSSTREAM_OFFAXIS_F2p0,DECISION_GRADE_PHYSICAL_SCREEN,25,7725.0,5.13863091858316e-13,3.11425798025536e-20,0.007038583070899354
PRI_CROSSSTREAM_OFFAXIS_F2p0,DECISION_GRADE_PHYSICAL_SCREEN,26,8025.0,5.33547701916042e-13,3.1159291340966445e-20,0.005762704418239363
PRI_CROSSSTREAM_OFFAXIS_F2p0,DECISION_GRADE_PHYSICAL_SCREEN,27,8325.0,5.240564512251874e-13,3.115124226811615e-20,0.004718103328110927
PRI_CROSSSTREAM_OFFAXIS_F2p0,DECISION_GRADE_PHYSICAL_SCREEN,28,8625.0,5.384340580463185e-13,3.116342789287783e-20,0.003862856290923991
PRI_CROSSSTREAM_OFFAXIS_F2p0,DECISION_GRADE_PHYSICAL_SCREEN,29,8925.0,5.350034365589362e-13,3.116052425040472e-20,0.003162639240100219
PRI_CROSSSTREAM_OFFAXIS_F2p0,DECISION_GRADE_PHYSICAL_SCREEN,30,9225.0,5.464649207511921e-13,3.1170214247812603e-20,0.0025893500067612285
PRI_CROSSSTREAM_OFFAXIS_F2p0,DECISION_GRADE_PHYSICAL_SCREEN,31,9525.0,5.474775554271617e-13,3.117106881174079e-20,0.0021199804810180982
PRI_CROSSSTREAM_OFFAXIS_F2p0,DECISION_GRADE_PHYSICAL_SCREEN,32,9825.0,5.576792157025949e-13,3.117966244611219e-20,0.0017356932157345695
PRI_CROSSSTREAM_OFFAXIS_F2p0,DECISION_GRADE_PHYSICAL_SCREEN,33,10125.0,5.621027402957042e-13,3.1183379381880333e-20,0.001421065413630708
PRI_CROSSSTREAM_OFFAXIS_F2p0,DECISION_GRADE_PHYSICAL_SCREEN,34,10425.0,5.721757514926924e-13,3.1191820451637536e-20,0.0011634699562749434
PRI_CROSSSTREAM_OFFAXIS_F2p0,DECISION_GRADE_PHYSICAL_SCREEN,35,10725.0,5.79354307800131e-13,3.1197815227697617e-20,0.0009525686334845912
PRI_CROSSSTREAM_OFFAXIS_F2p0,DECISION_GRADE_PHYSICAL_SCREEN,36,11025.0,5.900484895305782e-13,3.1206711316144747e-20,0.0007798972346513035
PRI_CROSSSTREAM_OFFAXIS_F2p0,DECISION_GRADE_PHYSICAL_SCREEN,37,11325.0,5.995666176203595e-13,3.1214591969476685e-20,0.0006385258502494971
PRI_CROSSSTREAM_OFFAXIS_F2p0,DECISION_GRADE_PHYSICAL_SCREEN,38,11625.0,6.11359936318995e-13,3.1224304582417823e-20,0.0005227807502345295
PRI_CROSSSTREAM_OFFAXIS_F2p0,DECISION_GRADE_PHYSICAL_SCREEN,39,11925.0,6.229613178335668e-13,3.123379977301122e-20,0.00042801667733418866
PRI_CROSSSTREAM_OFFAXIS_F2p0,DECISION_GRADE_PHYSICAL_SCREEN,40,12225.0,6.361513256276404e-13,3.1244519527387186e-20,0.00035043041656375587
PRI_CROSSSTREAM_OFFAXIS_F3p333333,DECISION_GRADE_PHYSICAL_SCREEN,1,525.0,0.0001673881045204636,3.1466720822591803e-06,0.8079990486930178
PRI_CROSSSTREAM_OFFAXIS_F3p333333,DECISION_GRADE_PHYSICAL_SCREEN,2,825.0,5.419006093517622e-07,3.307993771869722e-11,0.6615337347234339
PRI_CROSSSTREAM_OFFAXIS_F3p333333,DECISION_GRADE_PHYSICAL_SCREEN,3,1125.0,1.7546443524181167e-09,3.4660390155098227e-16,0.5416180128172778
PRI_CROSSSTREAM_OFFAXIS_F3p333333,DECISION_GRADE_PHYSICAL_SCREEN,4,1425.0,9.669704206437933e-12,4.3203203753577164e-20,0.44343932351448995
PRI_CROSSSTREAM_OFFAXIS_F3p333333,DECISION_GRADE_PHYSICAL_SCREEN,5,1725.0,2.0505524294969275e-13,3.867649218972392e-20,0.3630574112854091
PRI_CROSSSTREAM_OFFAXIS_F3p333333,DECISION_GRADE_PHYSICAL_SCREEN,6,2025.0,3.5415976957125355e-12,4.0319287380214335e-20,0.29724626775224566
PRI_CROSSSTREAM_OFFAXIS_F3p333333,DECISION_GRADE_PHYSICAL_SCREEN,7,2325.0,5.949351859164151e-13,3.90298491645395e-20,0.24336466064641551
PRI_CROSSSTREAM_OFFAXIS_F3p333333,DECISION_GRADE_PHYSICAL_SCREEN,8,2625.0,1.8720044896110932e-12,3.9836165427149585e-20,0.19925013188360727
PRI_CROSSSTREAM_OFFAXIS_F3p333333,DECISION_GRADE_PHYSICAL_SCREEN,9,2925.0,9.56125856980585e-13,3.9337639947446245e-20,0.16313221052795296
PRI_CROSSSTREAM_OFFAXIS_F3p333333,DECISION_GRADE_PHYSICAL_SCREEN,10,3225.0,1.4003159969534091e-12,3.961769359109546e-20,0.13356135757682683
PRI_CROSSSTREAM_OFFAXIS_F3p333333,DECISION_GRADE_PHYSICAL_SCREEN,11,3525.0,1.1168510728641872e-12,3.9450016793542955e-20,0.10935079087099302
PRI_CROSSSTREAM_OFFAXIS_F3p333333,DECISION_GRADE_PHYSICAL_SCREEN,12,3825.0,1.2793665367333155e-12,3.9550326551320274e-20,0.08952885535948102
PRI_CROSSSTREAM_OFFAXIS_F3p333333,DECISION_GRADE_PHYSICAL_SCREEN,13,4125.0,1.182612141236293e-12,3.949208223686593e-20,0.07330002717067761
PRI_CROSSSTREAM_OFFAXIS_F3p333333,DECISION_GRADE_PHYSICAL_SCREEN,14,4425.0,1.2417195052381489e-12,3.9528154069860435e-20,0.06001298644608541
PRI_CROSSSTREAM_OFFAXIS_F3p333333,DECISION_GRADE_PHYSICAL_SCREEN,15,4725.0,1.2093150764069439e-12,3.9508574578828894e-20,0.04913447758746222
PRI_CROSSSTREAM_OFFAXIS_F3p333333,DECISION_GRADE_PHYSICAL_SCREEN,16,5025.0,1.2317984378315849e-12,3.95222090971842e-20,0.040227907837276165
PRI_CROSSSTREAM_OFFAXIS_F3p333333,DECISION_GRADE_PHYSICAL_SCREEN,17,5325.0,1.2222309342974193e-12,3.9516434780105716e-20,0.032935825278364764
PRI_CROSSSTREAM_OFFAXIS_F3p333333,DECISION_GRADE_PHYSICAL_SCREEN,18,5625.0,1.2322139196476486e-12,3.9522458934632224e-20,0.026965573033400414
PRI_CROSSSTREAM_OFFAXIS_F3p333333,DECISION_GRADE_PHYSICAL_SCREEN,19,5925.0,1.231189129229429e-12,3.952184257034244e-20,0.022077543916815243
PRI_CROSSSTREAM_OFFAXIS_F3p333333,DECISION_GRADE_PHYSICAL_SCREEN,20,6225.0,1.2373735096746877e-12,3.9525555153706503e-20,0.01807556415712636
PRI_CROSSSTREAM_OFFAXIS_F3p333333,DECISION_GRADE_PHYSICAL_SCREEN,21,6525.0,1.2400526998637796e-12,3.9527158294082846e-20,0.01479902025467344
PRI_CROSSSTREAM_OFFAXIS_F3p333333,DECISION_GRADE_PHYSICAL_SCREEN,22,6825.0,1.2456978590211748e-12,3.95305259038921e-20,0.012116412997925093
PRI_CROSSSTREAM_OFFAXIS_F3p333333,DECISION_GRADE_PHYSICAL_SCREEN,23,7125.0,1.250591161912597e-12,3.953343378629063e-20,0.009920079938395058
PRI_CROSSSTREAM_OFFAXIS_F3p333333,DECISION_GRADE_PHYSICAL_SCREEN,24,7425.0,1.257077688107546e-12,3.953727252080391e-20,0.008121874518555967
PRI_CROSSSTREAM_OFFAXIS_F3p333333,DECISION_GRADE_PHYSICAL_SCREEN,25,7725.0,1.2639147050945168e-12,3.954129916069389e-20,0.006649628440982198
PRI_CROSSSTREAM_OFFAXIS_F3p333333,DECISION_GRADE_PHYSICAL_SCREEN,26,8025.0,1.2720027031500067e-12,3.9546036927541256e-20,0.0054442553011741215
PRI_CROSSSTREAM_OFFAXIS_F3p333333,DECISION_GRADE_PHYSICAL_SCREEN,27,8325.0,1.2809787631043941e-12,3.9551262693126214e-20,0.0044573792426790835
PRI_CROSSSTREAM_OFFAXIS_F3p333333,DECISION_GRADE_PHYSICAL_SCREEN,28,8625.0,1.291238151782522e-12,3.955719456621836e-20,0.0036493934641128106
PRI_CROSSSTREAM_OFFAXIS_F3p333333,DECISION_GRADE_PHYSICAL_SCREEN,29,8925.0,1.302728656973319e-12,3.9563786948045195e-20,0.002987870659150946
PRI_CROSSSTREAM_OFFAXIS_F3p333333,DECISION_GRADE_PHYSICAL_SCREEN,30,9225.0,1.3156629826951843e-12,3.9571143744349854e-20,0.0024462615948662603
PRI_CROSSSTREAM_OFFAXIS_F3p333333,DECISION_GRADE_PHYSICAL_SCREEN,31,9525.0,1.3300900563599923e-12,3.957927096101036e-20,0.002002829597790598
PRI_CROSSSTREAM_OFFAXIS_F3p333333,DECISION_GRADE_PHYSICAL_SCREEN,32,9825.0,1.3461456935515744e-12,3.9588219840797754e-20,0.0016397781848859678
PRI_CROSSSTREAM_OFFAXIS_F3p333333,DECISION_GRADE_PHYSICAL_SCREEN,33,10125.0,1.3638998401454363e-12,3.959800027415001e-20,0.0013425368281925346
PRI_CROSSSTREAM_OFFAXIS_F3p333333,DECISION_GRADE_PHYSICAL_SCREEN,34,10425.0,1.383445608429034e-12,3.960863086157546e-20,0.001099176188380999
PRI_CROSSSTREAM_OFFAXIS_F3p333333,DECISION_GRADE_PHYSICAL_SCREEN,35,10725.0,1.4048460228047072e-12,3.962010961211315e-20,0.000899929348478561
PRI_CROSSSTREAM_OFFAXIS_F3p333333,DECISION_GRADE_PHYSICAL_SCREEN,36,11025.0,1.4281673823188398e-12,3.963243256416098e-20,0.0007367998331968298
PRI_CROSSSTREAM_OFFAXIS_F3p333333,DECISION_GRADE_PHYSICAL_SCREEN,37,11325.0,1.4534624652071816e-12,3.964558506923635e-20,0.0006032406823009719
PRI_CROSSSTREAM_OFFAXIS_F3p333333,DECISION_GRADE_PHYSICAL_SCREEN,38,11625.0,1.480784735572409e-12,3.9659549718896017e-20,0.0004938916981075504
PRI_CROSSSTREAM_OFFAXIS_F3p333333,DECISION_GRADE_PHYSICAL_SCREEN,39,11925.0,1.510184597565634e-12,3.967430466167427e-20,0.00040436432193055794
PRI_CROSSSTREAM_OFFAXIS_F3p333333,DECISION_GRADE_PHYSICAL_SCREEN,40,12225.0,1.5417164730315727e-12,3.96898274418131e-20,0.00033106550581207323
PRI_CROSSSTREAM_OFFAXIS_F8p0,DECISION_GRADE_PHYSICAL_SCREEN,1,525.0,1.0758051951062938e-13,6.901378499864076e-14,0.7517331068441834
PRI_CROSSSTREAM_OFFAXIS_F8p0,DECISION_GRADE_PHYSICAL_SCREEN,2,825.0,7.358841814186064e-13,1.7042073993786378e-20,0.6154670126801906
PRI_CROSSSTREAM_OFFAXIS_F8p0,DECISION_GRADE_PHYSICAL_SCREEN,3,1125.0,1.4889499505934742e-12,1.5293915115920175e-20,0.5039017707863083
PRI_CROSSSTREAM_OFFAXIS_F8p0,DECISION_GRADE_PHYSICAL_SCREEN,4,1425.0,1.3038675389781291e-12,5.811316036003141e-20,0.4125598762732028
PRI_CROSSSTREAM_OFFAXIS_F8p0,DECISION_GRADE_PHYSICAL_SCREEN,5,1725.0,9.779530836147792e-13,5.820020328984709e-20,0.33777545819091837
PRI_CROSSSTREAM_OFFAXIS_F8p0,DECISION_GRADE_PHYSICAL_SCREEN,6,2025.0,1.9922018037692797e-12,1.526615689508554e-20,0.27654715525591095
PRI_CROSSSTREAM_OFFAXIS_F8p0,DECISION_GRADE_PHYSICAL_SCREEN,7,2325.0,1.983156998916878e-12,5.797329935729342e-20,0.22641766068424551
PRI_CROSSSTREAM_OFFAXIS_F8p0,DECISION_GRADE_PHYSICAL_SCREEN,8,2625.0,1.9640264105252242e-12,5.797665029944464e-20,0.18537510184216727
PRI_CROSSSTREAM_OFFAXIS_F8p0,DECISION_GRADE_PHYSICAL_SCREEN,9,2925.0,1.932811510981458e-12,5.798218052503742e-20,0.15177229673314518
PRI_CROSSSTREAM_OFFAXIS_F8p0,DECISION_GRADE_PHYSICAL_SCREEN,10,3225.0,1.8863079067389115e-12,5.799056672114176e-20,0.1242606468007029
PRI_CROSSSTREAM_OFFAXIS_F8p0,DECISION_GRADE_PHYSICAL_SCREEN,11,3525.0,1.8190794413357282e-12,5.8003012228036e-20,0.1017360129330966
PRI_CROSSSTREAM_OFFAXIS_F8p0,DECISION_GRADE_PHYSICAL_SCREEN,12,3825.0,1.721559320126313e-12,5.802177540532524e-20,0.08329440248386548
PRI_CROSSSTREAM_OFFAXIS_F8p0,DECISION_GRADE_PHYSICAL_SCREEN,13,4125.0,1.5761517071982663e-12,5.805143390580181e-20,0.0681956888727957
PRI_CROSSSTREAM_OFFAXIS_F8p0,DECISION_GRADE_PHYSICAL_SCREEN,14,4425.0,1.3484646752981998e-12,5.810243955362908e-20,0.05583390770749578
PRI_CROSSSTREAM_OFFAXIS_F8p0,DECISION_GRADE_PHYSICAL_SCREEN,15,4725.0,9.658874262087407e-13,5.820375766977713e-20,0.045712937304644555
PRI_CROSSSTREAM_OFFAXIS_F8p0,DECISION_GRADE_PHYSICAL_SCREEN,16,5025.0,1.86195504708578e-12,1.5272217939124613e-20,0.0374265875848382
PRI_CROSSSTREAM_OFFAXIS_F8p0,DECISION_GRADE_PHYSICAL_SCREEN,17,5325.0,1.692607027510806e-12,5.802751517931545e-20,0.03064229823847363
PRI_CROSSSTREAM_OFFAXIS_F8p0,DECISION_GRADE_PHYSICAL_SCREEN,18,5625.0,1.4468592840310333e-12,5.80796628229187e-20,0.025087791912825633
PRI_CROSSSTREAM_OFFAXIS_F8p0,DECISION_GRADE_PHYSICAL_SCREEN,19,5925.0,1.0566628731145429e-12,5.817764626580815e-20,0.020540146765851433
PRI_CROSSSTREAM_OFFAXIS_F8p0,DECISION_GRADE_PHYSICAL_SCREEN,20,6225.0,1.9553040058628347e-12,1.5267802923663075e-20,0.016816849829937818
PRI_CROSSSTREAM_OFFAXIS_F8p0,DECISION_GRADE_PHYSICAL_SCREEN,21,6525.0,1.6923254078643289e-12,5.802757140864517e-20,0.013768472125664318
PRI_CROSSSTREAM_OFFAXIS_F8p0,DECISION_GRADE_PHYSICAL_SCREEN,22,6825.0,1.3309738460186306e-12,5.810661369997681e-20,0.01127267155217835
PRI_CROSSSTREAM_OFFAXIS_F8p0,DECISION_GRADE_PHYSICAL_SCREEN,23,7125.0,7.633534951093072e-13,5.826768001815613e-20,0.009229282869115722
PRI_CROSSSTREAM_OFFAXIS_F8p0,DECISION_GRADE_PHYSICAL_SCREEN,24,7425.0,1.2815311238162136e-12,1.5309371067570517e-20,0.007556297713800833
PRI_CROSSSTREAM_OFFAXIS_F8p0,DECISION_GRADE_PHYSICAL_SCREEN,25,7725.0,6.148660705192243e-13,5.832040907887464e-20,0.006186573317701589
PRI_CROSSSTREAM_OFFAXIS_F8p0,DECISION_GRADE_PHYSICAL_SCREEN,26,8025.0,9.413510008202645e-13,1.5341961839576816e-20,0.0050651378313739705
PRI_CROSSSTREAM_OFFAXIS_F8p0,DECISION_GRADE_PHYSICAL_SCREEN,27,8325.0,1.4782400688968948e-12,1.5294646581401134e-20,0.004146984111124587
PRI_CROSSSTREAM_OFFAXIS_F8p0,DECISION_GRADE_PHYSICAL_SCREEN,28,8625.0,7.580765534713603e-13,5.82694619242831e-20,0.0033952634243034577
PRI_CROSSSTREAM_OFFAXIS_F8p0,DECISION_GRADE_PHYSICAL_SCREEN,29,8925.0,1.074049640870752e-12,1.5327984911786386e-20,0.002779806580278098
PRI_CROSSSTREAM_OFFAXIS_F8p0,DECISION_GRADE_PHYSICAL_SCREEN,30,9225.0,1.5119641348328243e-12,1.5292365348369925e-20,0.002275913134882216
PRI_CROSSSTREAM_OFFAXIS_F8p0,DECISION_GRADE_PHYSICAL_SCREEN,31,9525.0,6.122857533409906e-13,5.832137561108045e-20,0.0018633600748621873
PRI_CROSSSTREAM_OFFAXIS_F8p0,DECISION_GRADE_PHYSICAL_SCREEN,32,9825.0,7.055632793944942e-13,1.53721459998259e-20,0.0015255901973473633
PRI_CROSSSTREAM_OFFAXIS_F8p0,DECISION_GRADE_PHYSICAL_SCREEN,33,10125.0,7.921014789994754e-13,1.5360137581399685e-20,0.001249047611162594
PRI_CROSSSTREAM_OFFAXIS_F8p0,DECISION_GRADE_PHYSICAL_SCREEN,34,10425.0,8.535932038495315e-13,1.5352294707142012e-20,0.0010226336913174048
PRI_CROSSSTREAM_OFFAXIS_F8p0,DECISION_GRADE_PHYSICAL_SCREEN,35,10725.0,8.701743452905563e-13,1.535026838066575e-20,0.0008372616522152152
PRI_CROSSSTREAM_OFFAXIS_F8p0,DECISION_GRADE_PHYSICAL_SCREEN,36,11025.0,8.258123458340129e-13,1.5355772251375325e-20,0.0006854918630414784
PRI_CROSSSTREAM_OFFAXIS_F8p0,DECISION_GRADE_PHYSICAL_SCREEN,37,11325.0,7.133602989073248e-13,1.5371013051476912e-20,0.0005612332692567785
PRI_CROSSSTREAM_OFFAXIS_F8p0,DECISION_GRADE_PHYSICAL_SCREEN,38,11625.0,5.371567587671535e-13,1.5399579029886145e-20,0.00045949893719102
PRI_CROSSSTREAM_OFFAXIS_F8p0,DECISION_GRADE_PHYSICAL_SCREEN,39,11925.0,8.101544781634796e-13,5.932203341069716e-20,0.0003762059108849361
PRI_CROSSSTREAM_OFFAXIS_F8p0,DECISION_GRADE_PHYSICAL_SCREEN,40,12225.0,5.231683399573226e-13,1.5402153659025763e-20,0.0003080113487312119
BND_CENTER_F0p0_ABSORBING,DECISION_GRADE_PHYSICAL_SCREEN,1,525.0,0.0020976551765812413,0.00026893432687439335,0.818624937891224
BND_CENTER_F0p0_ABSORBING,DECISION_GRADE_PHYSICAL_SCREEN,2,825.0,7.423949533032468e-05,3.366776005836948e-07,0.6702480743900928
BND_CENTER_F0p0_ABSORBING,DECISION_GRADE_PHYSICAL_SCREEN,3,1125.0,2.6274839297822356e-06,4.2171109605002695e-10,0.5487527290448504
BND_CENTER_F0p0_ABSORBING,DECISION_GRADE_PHYSICAL_SCREEN,4,1425.0,9.29919514496882e-08,5.282327999585135e-13,0.449280735127472
BND_CENTER_F0p0_ABSORBING,DECISION_GRADE_PHYSICAL_SCREEN,5,1725.0,3.291172675049408e-09,6.616616618548784e-16,0.3678399546143733
BND_CENTER_F0p0_ABSORBING,DECISION_GRADE_PHYSICAL_SCREEN,6,2025.0,1.1648123766617268e-10,8.287939782703857e-19,0.30116188305359654
BND_CENTER_F0p0_ABSORBING,DECISION_GRADE_PHYSICAL_SCREEN,7,2325.0,4.122505887539659e-12,1.0381430549589804e-21,0.2465704953108542
BND_CENTER_F0p0_ABSORBING,DECISION_GRADE_PHYSICAL_SCREEN,8,2625.0,1.4590379646911118e-13,1.3003726268042606e-24,0.20187484731266664
BND_CENTER_F0p0_ABSORBING,DECISION_GRADE_PHYSICAL_SCREEN,9,2925.0,5.163829574737925e-15,1.628840033623621e-27,0.16528114576780215
BND_CENTER_F0p0_ABSORBING,DECISION_GRADE_PHYSICAL_SCREEN,10,3225.0,1.8275834160753926e-16,2.0402766102940232e-30,0.13532075694406434
BND_CENTER_F0p0_ABSORBING,DECISION_GRADE_PHYSICAL_SCREEN,11,3525.0,6.468186245056938e-18,2.555639940438e-33,0.11079126523989635
BND_CENTER_F0p0_ABSORBING,DECISION_GRADE_PHYSICAL_SCREEN,12,3825.0,2.2892215442940895e-19,3.201181385018536e-36,0.09070821602432276
BND_CENTER_F0p0_ABSORBING,DECISION_GRADE_PHYSICAL_SCREEN,13,4125.0,8.102016671002774e-21,4.0097832631434414e-39,0.07426560601595404
BND_CENTER_F0p0_ABSORBING,DECISION_GRADE_PHYSICAL_SCREEN,14,4425.0,2.8674670785281574e-22,5.0226337978321596e-42,0.06080353554123476
BND_CENTER_F0p0_ABSORBING,DECISION_GRADE_PHYSICAL_SCREEN,15,4725.0,1.014854422093547e-23,6.291325144429252e-45,0.04978172444347896
BND_CENTER_F0p0_ABSORBING,DECISION_GRADE_PHYSICAL_SCREEN,16,5025.0,3.5917744470547854e-25,7.88048137015511e-48,0.04075782874313011
BND_CENTER_F0p0_ABSORBING,DECISION_GRADE_PHYSICAL_SCREEN,17,5325.0,1.2712014056067775e-26,9.871050247713059e-51,0.033369687820686326
BND_CENTER_F0p0_ABSORBING,DECISION_GRADE_PHYSICAL_SCREEN,18,5625.0,4.499038114550067e-28,1.2364426538953699e-53,0.027320789639407674
BND_CENTER_F0p0_ABSORBING,DECISION_GRADE_PHYSICAL_SCREEN,19,5925.0,1.5923003126725223e-29,1.548761679868885e-56,0.022368370676157368
BND_CENTER_F0p0_ABSORBING,DECISION_GRADE_PHYSICAL_SCREEN,20,6225.0,5.635471896842491e-31,1.9399708781263626e-59,0.01831367296881777
BND_CENTER_F0p0_ABSORBING,DECISION_GRADE_PHYSICAL_SCREEN,21,6525.0,1.9945071446226028e-32,2.429997498580273e-62,0.014993967261384052
BND_CENTER_F0p0_ABSORBING,DECISION_GRADE_PHYSICAL_SCREEN,22,6825.0,7.058962980863204e-34,3.0438023115116876e-65,0.01227602210753957
BND_CENTER_F0p0_ABSORBING,DECISION_GRADE_PHYSICAL_SCREEN,23,7125.0,2.49830934421775e-35,3.8126510488084115e-68,0.010050756824907827
BND_CENTER_F0p0_ABSORBING,DECISION_GRADE_PHYSICAL_SCREEN,24,7425.0,8.842020557873048e-37,4.775707004690625e-71,0.008228863704260451
BND_CENTER_F0p0_ABSORBING,DECISION_GRADE_PHYSICAL_SCREEN,25,7725.0,3.1293693764063905e-38,5.982025919151244e-74,0.006737223777565231
BND_CENTER_F0p0_ABSORBING,DECISION_GRADE_PHYSICAL_SCREEN,26,8025.0,1.1075469266207884e-39,7.493054758646246e-77,0.005515972297060866
BND_CENTER_F0p0_ABSORBING,DECISION_GRADE_PHYSICAL_SCREEN,27,8325.0,3.9198319121911657e-41,9.385761675876752e-80,0.004516096152729929
BND_CENTER_F0p0_ABSORBING,DECISION_GRADE_PHYSICAL_SCREEN,28,8625.0,1.387307557857825e-42,1.1756556581240339e-82,0.0036974668040971512
BND_CENTER_F0p0_ABSORBING,DECISION_GRADE_PHYSICAL_SCREEN,29,8925.0,4.909961200386238e-44,1.4726202030374303e-85,0.0030272297809992993
BND_CENTER_F0p0_ABSORBING,DECISION_GRADE_PHYSICAL_SCREEN,30,9225.0,1.7377342790897483e-45,1.844596457651897e-88,0.0024784861183376507
BND_CENTER_F0p0_ABSORBING,DECISION_GRADE_PHYSICAL_SCREEN,31,9525.0,6.150192031020577e-47,2.3105319922705433e-91,0.0020292128061599086
BND_CENTER_F0p0_ABSORBING,DECISION_GRADE_PHYSICAL_SCREEN,32,9825.0,2.1766769795346533e-48,2.8941604355575274e-94,0.0016613789289427867
BND_CENTER_F0p0_ABSORBING,DECISION_GRADE_PHYSICAL_SCREEN,33,10125.0,7.703698761500102e-50,3.625210408151648e-97,0.0013602220216412187
BND_CENTER_F0p0_ABSORBING,DECISION_GRADE_PHYSICAL_SCREEN,34,10425.0,2.7264943382010616e-51,4.5409198266644646e-100,0.00111365560013157
BND_CENTER_F0p0_ABSORBING,DECISION_GRADE_PHYSICAL_SCREEN,35,10725.0,9.649613265504823e-53,5.6879327130443e-103,0.0009117840881652321
BND_CENTER_F0p0_ABSORBING,DECISION_GRADE_PHYSICAL_SCREEN,36,11025.0,3.4151927208931547e-54,7.124675128185226e-106,0.0007465056731480414
BND_CENTER_F0p0_ABSORBING,DECISION_GRADE_PHYSICAL_SCREEN,37,11325.0,1.2087055719151046e-55,8.924331254089825e-109,0.0006111871519534816
BND_CENTER_F0p0_ABSORBING,DECISION_GRADE_PHYSICAL_SCREEN,38,11625.0,4.2778527567151236e-57,1.1178571219009537e-111,0.0005003977171904611
BND_CENTER_F0p0_ABSORBING,DECISION_GRADE_PHYSICAL_SCREEN,39,11925.0,1.5140183542912061e-58,1.4002220551954718e-114,0.00040969099983384906
BND_CENTER_F0p0_ABSORBING,DECISION_GRADE_PHYSICAL_SCREEN,40,12225.0,5.358416260429746e-60,1.7539109117287974e-117,0.00033542662082323857
BND_CENTER_F0p0_ROBIN_LEAKY,DECISION_GRADE_PHYSICAL_SCREEN,1,525.0,0.06407841343340699,0.10951960807517898,0.912663193462286
BND_CENTER_F0p0_ROBIN_LEAKY,DECISION_GRADE_PHYSICAL_SCREEN,2,825.0,0.018357870113833136,0.009589807507379287,0.7578567907918226
BND_CENTER_F0p0_ROBIN_LEAKY,DECISION_GRADE_PHYSICAL_SCREEN,3,1125.0,0.005261466886703544,0.0007917482074713732,0.6213771690899829
BND_CENTER_F0p0_ROBIN_LEAKY,DECISION_GRADE_PHYSICAL_SCREEN,4,1425.0,0.0015079990138619308,6.506204482868873e-05,0.5088143323864955
BND_CENTER_F0p0_ROBIN_LEAKY,DECISION_GRADE_PHYSICAL_SCREEN,5,1725.0,0.00043221270253079294,5.344748765873959e-06,0.41658799796289203
BND_CENTER_F0p0_ROBIN_LEAKY,DECISION_GRADE_PHYSICAL_SCREEN,6,2025.0,0.0001238781496661094,4.390569341633216e-07,0.3410739027751537
BND_CENTER_F0p0_ROBIN_LEAKY,DECISION_GRADE_PHYSICAL_SCREEN,7,2325.0,3.5505213188769785e-05,3.606743287673716e-08,0.2792477341394047
BND_CENTER_F0p0_ROBIN_LEAKY,DECISION_GRADE_PHYSICAL_SCREEN,8,2625.0,1.01762932775308e-05,2.9628527364275035e-09,0.22862871102416674
BND_CENTER_F0p0_ROBIN_LEAKY,DECISION_GRADE_PHYSICAL_SCREEN,9,2925.0,2.9166688884302798e-06,2.4339129902065913e-10,0.18718535702782158
BND_CENTER_F0p0_ROBIN_LEAKY,DECISION_GRADE_PHYSICAL_SCREEN,10,3225.0,8.359583718495686e-07,1.9994017987831934e-11,0.1532544083472119
BND_CENTER_F0p0_ROBIN_LEAKY,DECISION_GRADE_PHYSICAL_SCREEN,11,3525.0,2.395974415779602e-07,1.6424612172314516e-12,0.1254740971604942
BND_CENTER_F0p0_ROBIN_LEAKY,DECISION_GRADE_PHYSICAL_SCREEN,12,3825.0,6.867200096801798e-08,1.3492429996092763e-13,0.10272950206014415
BND_CENTER_F0p0_ROBIN_LEAKY,DECISION_GRADE_PHYSICAL_SCREEN,13,4125.0,1.9682362586305734e-08,1.1083711807045215e-14,0.08410780258504046
BND_CENTER_F0p0_ROBIN_LEAKY,DECISION_GRADE_PHYSICAL_SCREEN,14,4425.0,5.64124230539794e-09,9.105006852115453e-16,0.06886164455018545
BND_CENTER_F0p0_ROBIN_LEAKY,DECISION_GRADE_PHYSICAL_SCREEN,15,4725.0,1.616859490864207e-09,7.479547578636011e-17,0.05637914610076172
BND_CENTER_F0p0_ROBIN_LEAKY,DECISION_GRADE_PHYSICAL_SCREEN,16,5025.0,4.634147004733038e-10,6.144271267077979e-18,0.046159340744970204
BND_CENTER_F0p0_ROBIN_LEAKY,DECISION_GRADE_PHYSICAL_SCREEN,17,5325.0,1.3282117947148308e-10,5.047373388303271e-19,0.03779207180971263
BND_CENTER_F0p0_ROBIN_LEAKY,DECISION_GRADE_PHYSICAL_SCREEN,18,5625.0,3.806842057064125e-11,4.146297748569215e-20,0.03094153141314319
BND_CENTER_F0p0_ROBIN_LEAKY,DECISION_GRADE_PHYSICAL_SCREEN,19,5925.0,1.0910945456973771e-11,3.406085442321917e-21,0.025332783315268753
BND_CENTER_F0p0_ROBIN_LEAKY,DECISION_GRADE_PHYSICAL_SCREEN,20,6225.0,3.127230627920936e-12,2.798018556293158e-22,0.020740728761271324
BND_CENTER_F0p0_ROBIN_LEAKY,DECISION_GRADE_PHYSICAL_SCREEN,21,6525.0,8.963083390685333e-13,2.2985060046019846e-23,0.01698107247810183
BND_CENTER_F0p0_ROBIN_LEAKY,DECISION_GRADE_PHYSICAL_SCREEN,22,6825.0,2.568945927783756e-13,1.8881682686877116e-24,0.013902926258068101
BND_CENTER_F0p0_ROBIN_LEAKY,DECISION_GRADE_PHYSICAL_SCREEN,23,7125.0,7.362960816291357e-14,1.5510855328379587e-25,0.011382753285255745
BND_CENTER_F0p0_ROBIN_LEAKY,DECISION_GRADE_PHYSICAL_SCREEN,24,7425.0,2.110328263273803e-14,1.2741800453258032e-26,0.009319410169338307
BND_CENTER_F0p0_ROBIN_LEAKY,DECISION_GRADE_PHYSICAL_SCREEN,25,7725.0,6.04849800221455e-15,1.046708742706121e-27,0.007630087706184956
BND_CENTER_F0p0_ROBIN_LEAKY,DECISION_GRADE_PHYSICAL_SCREEN,26,8025.0,1.7335847090461309e-15,8.5984645268659e-29,0.0062469874537358595
BND_CENTER_F0p0_ROBIN_LEAKY,DECISION_GRADE_PHYSICAL_SCREEN,27,8325.0,4.968697918620813e-16,7.063435051533645e-30,0.005114600742465864
BND_CENTER_F0p0_ROBIN_LEAKY,DECISION_GRADE_PHYSICAL_SCREEN,28,8625.0,1.4240987981539617e-16,5.802444677342824e-31,0.004187480917572282
BND_CENTER_F0p0_ROBIN_LEAKY,DECISION_GRADE_PHYSICAL_SCREEN,29,8925.0,4.081667712788818e-17,4.766570937226051e-32,0.0034284194051436333
BND_CENTER_F0p0_ROBIN_LEAKY,DECISION_GRADE_PHYSICAL_SCREEN,30,9225.0,1.169863449026067e-17,3.915625182662239e-33,0.002806952401440413
BND_CENTER_F0p0_ROBIN_LEAKY,DECISION_GRADE_PHYSICAL_SCREEN,31,9525.0,3.352993397965942e-18,3.2165933903044692e-34,0.002298138253485359
BND_CENTER_F0p0_ROBIN_LEAKY,DECISION_GRADE_PHYSICAL_SCREEN,32,9825.0,9.610151284034763e-19,2.6423553215366285e-35,0.001881556462953386
BND_CENTER_F0p0_ROBIN_LEAKY,DECISION_GRADE_PHYSICAL_SCREEN,33,10125.0,2.7544046987405695e-19,2.1706323423713955e-36,0.0015404881398725695
BND_CENTER_F0p0_ROBIN_LEAKY,DECISION_GRADE_PHYSICAL_SCREEN,34,10425.0,7.894511772200614e-20,1.78312308240541e-37,0.0012612450148655684
BND_CENTER_F0p0_ROBIN_LEAKY,DECISION_GRADE_PHYSICAL_SCREEN,35,10725.0,2.2626782531234768e-20,1.4647933991130744e-38,0.0010326200808367372
BND_CENTER_F0p0_ROBIN_LEAKY,DECISION_GRADE_PHYSICAL_SCREEN,36,11025.0,6.485154528727462e-21,1.2032931003230696e-39,0.0008454378164269083
BND_CENTER_F0p0_ROBIN_LEAKY,DECISION_GRADE_PHYSICAL_SCREEN,37,11325.0,1.8587366190229263e-21,9.884767955411394e-41,0.0006921859401238071
BND_CENTER_F0p0_ROBIN_LEAKY,DECISION_GRADE_PHYSICAL_SCREEN,38,11625.0,5.327400917884852e-22,8.120102866549665e-42,0.0005667139160275556
BND_CENTER_F0p0_ROBIN_LEAKY,DECISION_GRADE_PHYSICAL_SCREEN,39,11925.0,1.526908129393791e-22,6.670472272164119e-43,0.00046398611124901266
BND_CENTER_F0p0_ROBIN_LEAKY,DECISION_GRADE_PHYSICAL_SCREEN,40,12225.0,4.376333734864665e-23,5.479635056965345e-44,0.00037987969828062843
BND_CENTER_F0p666667_ABSORBING,DECISION_GRADE_PHYSICAL_SCREEN,1,525.0,0.0015769419357262024,0.00016047870887154927,0.8154057615051963
BND_CENTER_F0p666667_ABSORBING,DECISION_GRADE_PHYSICAL_SCREEN,2,825.0,4.469158906363352e-05,1.2870530677255438e-07,0.6676056527954812
BND_CENTER_F0p666667_ABSORBING,DECISION_GRADE_PHYSICAL_SCREEN,3,1125.0,1.268446505482012e-06,1.0363806130646142e-10,0.5465892852038332
BND_CENTER_F0p666667_ABSORBING,DECISION_GRADE_PHYSICAL_SCREEN,4,1425.0,3.601496017098232e-08,8.354140609248304e-14,0.44750945710439155
BND_CENTER_F0p666667_ABSORBING,DECISION_GRADE_PHYSICAL_SCREEN,5,1725.0,1.0226948191714714e-09,6.737340139086064e-17,0.36638975482460145
BND_CENTER_F0p666667_ABSORBING,DECISION_GRADE_PHYSICAL_SCREEN,6,2025.0,2.9977034874213724e-11,7.192152020530291e-20,0.2999745598876031
BND_CENTER_F0p666667_ABSORBING,DECISION_GRADE_PHYSICAL_SCREEN,7,2325.0,7.939321671068626e-12,2.413903885803021e-20,0.24559839732101346
BND_CENTER_F0p666667_ABSORBING,DECISION_GRADE_PHYSICAL_SCREEN,8,2625.0,7.644636431525519e-12,2.4096807925333764e-20,0.20107896079337872
BND_CENTER_F0p666667_ABSORBING,DECISION_GRADE_PHYSICAL_SCREEN,9,2925.0,7.803103347180346e-12,2.4106066520067527e-20,0.16462952899850095
BND_CENTER_F0p666667_ABSORBING,DECISION_GRADE_PHYSICAL_SCREEN,10,3225.0,7.728616907486716e-12,2.4101718213844648e-20,0.1347872582558161
BND_CENTER_F0p666667_ABSORBING,DECISION_GRADE_PHYSICAL_SCREEN,11,3525.0,7.789064139246422e-12,2.4105244141492933e-20,0.11035447345710078
BND_CENTER_F0p666667_ABSORBING,DECISION_GRADE_PHYSICAL_SCREEN,12,3825.0,7.77381618432392e-12,2.4104356716894022e-20,0.09035060115905628
BND_CENTER_F0p666667_ABSORBING,DECISION_GRADE_PHYSICAL_SCREEN,13,4125.0,7.80348712220743e-12,2.4106080426476575e-20,0.07397281572800253
BND_CENTER_F0p666667_ABSORBING,DECISION_GRADE_PHYSICAL_SCREEN,14,4425.0,7.809289497528616e-12,2.4106416596814233e-20,0.060563819128286296
BND_CENTER_F0p666667_ABSORBING,DECISION_GRADE_PHYSICAL_SCREEN,15,4725.0,7.83076347180132e-12,2.4107658381468832e-20,0.04958546124418052
BND_CENTER_F0p666667_ABSORBING,DECISION_GRADE_PHYSICAL_SCREEN,16,5025.0,7.845594406387061e-12,2.4108513703091606e-20,0.040597142026167
BND_CENTER_F0p666667_ABSORBING,DECISION_GRADE_PHYSICAL_SCREEN,17,5325.0,7.866829875027225e-12,2.4109735105192555e-20,0.0332381286638975
BND_CENTER_F0p666667_ABSORBING,DECISION_GRADE_PHYSICAL_SCREEN,18,5625.0,7.887382264242602e-12,2.4110913552537814e-20,0.02721307811189565
BND_CENTER_F0p666667_ABSORBING,DECISION_GRADE_PHYSICAL_SCREEN,19,5925.0,7.911694536201767e-12,2.4112302953532154e-20,0.022280183936122272
BND_CENTER_F0p666667_ABSORBING,DECISION_GRADE_PHYSICAL_SCREEN,20,6225.0,7.937693616265528e-12,2.4113783225921838e-20,0.018241471772737338
BND_CENTER_F0p666667_ABSORBING,DECISION_GRADE_PHYSICAL_SCREEN,21,6525.0,7.967076675798944e-12,2.4115449333368012e-20,0.014934853921743992
BND_CENTER_F0p666667_ABSORBING,DECISION_GRADE_PHYSICAL_SCREEN,22,6825.0,7.999463858149129e-12,2.411727743810213e-20,0.01222762419845911
BND_CENTER_F0p666667_ABSORBING,DECISION_GRADE_PHYSICAL_SCREEN,23,7125.0,8.035729748431188e-12,2.411931416827807e-20,0.01001113196835898
BND_CENTER_F0p666667_ABSORBING,DECISION_GRADE_PHYSICAL_SCREEN,24,7425.0,8.076116982970327e-12,2.4121569643293612e-20,0.008196421615617608
BND_CENTER_F0p666667_ABSORBING,DECISION_GRADE_PHYSICAL_SCREEN,25,7725.0,8.121310390647157e-12,2.4124077785040912e-20,0.006710662441899252
BND_CENTER_F0p666667_ABSORBING,DECISION_GRADE_PHYSICAL_SCREEN,26,8025.0,8.171829541471022e-12,2.4126862014986447e-20,0.005494225714708303
BND_CENTER_F0p666667_ABSORBING,DECISION_GRADE_PHYSICAL_SCREEN,27,8325.0,8.22836997918157e-12,2.4129953978977402e-20,0.004498291556983542
BND_CENTER_F0p666667_ABSORBING,DECISION_GRADE_PHYSICAL_SCREEN,28,8625.0,8.289823783258247e-12,2.4133286102710932e-20,0.003682889634013463
BND_CENTER_F0p666667_ABSORBING,DECISION_GRADE_PHYSICAL_SCREEN,29,8925.0,8.358890114073447e-12,2.413699599927528e-20,0.003015295003558935
BND_CENTER_F0p666667_ABSORBING,DECISION_GRADE_PHYSICAL_SCREEN,30,9225.0,8.43569332734809e-12,2.41410786407976e-20,0.002468714749016083
BND_CENTER_F0p666667_ABSORBING,DECISION_GRADE_PHYSICAL_SCREEN,31,9525.0,8.521319593686735e-12,2.4145577975522353e-20,0.0020212126855966594
BND_CENTER_F0p666667_ABSORBING,DECISION_GRADE_PHYSICAL_SCREEN,32,9825.0,8.616314682040153e-12,2.4150506226216233e-20,0.0016548289842093227
BND_CENTER_F0p666667_ABSORBING,DECISION_GRADE_PHYSICAL_SCREEN,33,10125.0,8.721517292934156e-12,2.4155887766591543e-20,0.0013548593804569705
BND_CENTER_F0p666667_ABSORBING,DECISION_GRADE_PHYSICAL_SCREEN,34,10425.0,8.837574934378993e-12,2.416173359379644e-20,0.0011092650408763033
BND_CENTER_F0p666667_ABSORBING,DECISION_GRADE_PHYSICAL_SCREEN,35,10725.0,8.965210435048916e-12,2.416805495068544e-20,0.0009081894022797343
BND_CENTER_F0p666667_ABSORBING,DECISION_GRADE_PHYSICAL_SCREEN,36,11025.0,9.104612312532337e-12,2.4174833460967835e-20,0.0007435625932659289
BND_CENTER_F0p666667_ABSORBING,DECISION_GRADE_PHYSICAL_SCREEN,37,11325.0,9.251969596906734e-12,2.4181860042647716e-20,0.0006087775619452311
BND_CENTER_F0p666667_ABSORBING,DECISION_GRADE_PHYSICAL_SCREEN,38,11625.0,9.414893055329966e-12,2.4189467588735495e-20,0.0004984249117483969
BND_CENTER_F0p666667_ABSORBING,DECISION_GRADE_PHYSICAL_SCREEN,39,11925.0,9.590084030235654e-12,2.4197464627605375e-20,0.0004080758033485916
BND_CENTER_F0p666667_ABSORBING,DECISION_GRADE_PHYSICAL_SCREEN,40,12225.0,9.780365863668499e-12,2.4205942165726204e-20,0.0003341042097884949
BND_CENTER_F0p666667_ROBIN_LEAKY,DECISION_GRADE_PHYSICAL_SCREEN,1,525.0,0.04660150866824283,0.07163001970101737,0.9001226460673065
BND_CENTER_F0p666667_ROBIN_LEAKY,DECISION_GRADE_PHYSICAL_SCREEN,2,825.0,0.009758468553277848,0.0033760991519082763,0.7425194777990527
BND_CENTER_F0p666667_ROBIN_LEAKY,DECISION_GRADE_PHYSICAL_SCREEN,3,1125.0,0.0020393591284251,0.00014777977995751083,0.6081737294864751
BND_CENTER_F0p666667_ROBIN_LEAKY,DECISION_GRADE_PHYSICAL_SCREEN,4,1425.0,0.000426521022753689,6.4599023737939915e-06,0.4979414780909334
BND_CENTER_F0p666667_ROBIN_LEAKY,DECISION_GRADE_PHYSICAL_SCREEN,5,1725.0,8.925294241722068e-05,2.827575297560029e-07,0.4076804801472259
BND_CENTER_F0p666667_ROBIN_LEAKY,DECISION_GRADE_PHYSICAL_SCREEN,6,2025.0,1.8682026544940008e-05,1.2385992657521677e-08,0.3337805674956256
BND_CENTER_F0p666667_ROBIN_LEAKY,DECISION_GRADE_PHYSICAL_SCREEN,7,2325.0,3.910954810157793e-06,5.42759363402286e-10,0.2732764163072964
BND_CENTER_F0p666667_ROBIN_LEAKY,DECISION_GRADE_PHYSICAL_SCREEN,8,2625.0,8.187831456216434e-07,2.3788113296879935e-11,0.2237398061619926
BND_CENTER_F0p666667_ROBIN_LEAKY,DECISION_GRADE_PHYSICAL_SCREEN,9,2925.0,1.7142254406751403e-07,1.0426746871844762e-12,0.18318265999429484
BND_CENTER_F0p666667_ROBIN_LEAKY,DECISION_GRADE_PHYSICAL_SCREEN,10,3225.0,3.588997182356264e-08,4.570407771546074e-14,0.14997727716803427
BND_CENTER_F0p666667_ROBIN_LEAKY,DECISION_GRADE_PHYSICAL_SCREEN,11,3525.0,7.514173375130818e-09,2.003421961470117e-15,0.1227910090803733
BND_CENTER_F0p666667_ROBIN_LEAKY,DECISION_GRADE_PHYSICAL_SCREEN,12,3825.0,1.5732244806950505e-09,8.783484514959187e-17,0.1005327753355795
BND_CENTER_F0p666667_ROBIN_LEAKY,DECISION_GRADE_PHYSICAL_SCREEN,13,4125.0,3.293832321785754e-10,3.865821876565095e-18,0.08230927485951857
BND_CENTER_F0p666667_ROBIN_LEAKY,DECISION_GRADE_PHYSICAL_SCREEN,14,4425.0,6.896347722191115e-11,1.8564794012674421e-19,0.06738913459103622
BND_CENTER_F0p666667_ROBIN_LEAKY,DECISION_GRADE_PHYSICAL_SCREEN,15,4725.0,1.4449001387765266e-11,2.8756096178533895e-20,0.05517355691299257
BND_CENTER_F0p666667_ROBIN_LEAKY,DECISION_GRADE_PHYSICAL_SCREEN,16,5025.0,3.054803086865268e-12,2.3214440808007373e-20,0.0451722878013653
BND_CENTER_F0p666667_ROBIN_LEAKY,DECISION_GRADE_PHYSICAL_SCREEN,17,5325.0,8.263404532319274e-13,2.305684865687229e-20,0.036983941209867144
BND_CENTER_F0p666667_ROBIN_LEAKY,DECISION_GRADE_PHYSICAL_SCREEN,18,5625.0,4.764278691415572e-13,2.2997279616275953e-20,0.030279890038546333
BND_CENTER_F0p666667_ROBIN_LEAKY,DECISION_GRADE_PHYSICAL_SCREEN,19,5925.0,5.196993118355593e-13,2.3038537483141064e-20,0.02479107717437752
BND_CENTER_F0p666667_ROBIN_LEAKY,DECISION_GRADE_PHYSICAL_SCREEN,20,6225.0,4.707417842740014e-13,2.30057520609111e-20,0.020297217284592477
BND_CENTER_F0p666667_ROBIN_LEAKY,DECISION_GRADE_PHYSICAL_SCREEN,21,6525.0,5.11910575603858e-13,2.3033751174631385e-20,0.016617955992801827
BND_CENTER_F0p666667_ROBIN_LEAKY,DECISION_GRADE_PHYSICAL_SCREEN,22,6825.0,4.809828751817681e-13,2.3012750013913205e-20,0.0136056316246034
BND_CENTER_F0p666667_ROBIN_LEAKY,DECISION_GRADE_PHYSICAL_SCREEN,23,7125.0,5.088110774400295e-13,2.3031653250461016e-20,0.011139349026113146
BND_CENTER_F0p666667_ROBIN_LEAKY,DECISION_GRADE_PHYSICAL_SCREEN,24,7425.0,4.89719687528923e-13,2.301869423662479e-20,0.009120127616948099
BND_CENTER_F0p666667_ROBIN_LEAKY,DECISION_GRADE_PHYSICAL_SCREEN,25,7725.0,5.088603564068881e-13,2.3031686648924038e-20,0.007466928951991218
BND_CENTER_F0p666667_ROBIN_LEAKY,DECISION_GRADE_PHYSICAL_SCREEN,26,8025.0,4.979490128278179e-13,2.3024286103302172e-20,0.006113404364043555
BND_CENTER_F0p666667_ROBIN_LEAKY,DECISION_GRADE_PHYSICAL_SCREEN,27,8325.0,5.116602485449656e-13,2.3033582705404283e-20,0.005005232158843601
BND_CENTER_F0p666667_ROBIN_LEAKY,DECISION_GRADE_PHYSICAL_SCREEN,28,8625.0,5.065293183131816e-13,2.303010716334965e-20,0.0040979374947401545
BND_CENTER_F0p666667_ROBIN_LEAKY,DECISION_GRADE_PHYSICAL_SCREEN,29,8925.0,5.170859168364732e-13,2.3037252997433078e-20,0.003355107451135105
BND_CENTER_F0p666667_ROBIN_LEAKY,DECISION_GRADE_PHYSICAL_SCREEN,30,9225.0,5.161823759202849e-13,2.3036642173074793e-20,0.0027469296501253927
BND_CENTER_F0p666667_ROBIN_LEAKY,DECISION_GRADE_PHYSICAL_SCREEN,31,9525.0,5.251771639292594e-13,2.3042716010963608e-20,0.0022489957810994
BND_CENTER_F0p666667_ROBIN_LEAKY,DECISION_GRADE_PHYSICAL_SCREEN,32,9825.0,5.275081603728093e-13,2.3044287342490662e-20,0.0018413220095287158
BND_CENTER_F0p666667_ROBIN_LEAKY,DECISION_GRADE_PHYSICAL_SCREEN,33,10125.0,5.360508576500285e-13,2.3050035508557457e-20,0.0015075469555205082
BND_CENTER_F0p666667_ROBIN_LEAKY,DECISION_GRADE_PHYSICAL_SCREEN,34,10425.0,5.409847805173206e-13,2.3053347474749285e-20,0.0012342750541937246
BND_CENTER_F0p666667_ROBIN_LEAKY,DECISION_GRADE_PHYSICAL_SCREEN,35,10725.0,5.498339159548004e-13,2.305927175476305e-20,0.0010105389446253951
BND_CENTER_F0p666667_ROBIN_LEAKY,DECISION_GRADE_PHYSICAL_SCREEN,36,11025.0,5.56966631353143e-13,2.306403114670868e-20,0.0008273593111477786
BND_CENTER_F0p666667_ROBIN_LEAKY,DECISION_GRADE_PHYSICAL_SCREEN,37,11325.0,5.666229968000324e-13,2.3070450314912678e-20,0.0006773845118821011
BND_CENTER_F0p666667_ROBIN_LEAKY,DECISION_GRADE_PHYSICAL_SCREEN,38,11625.0,5.75694176593266e-13,2.3076453486993973e-20,0.0005545955315365938
BND_CENTER_F0p666667_ROBIN_LEAKY,DECISION_GRADE_PHYSICAL_SCREEN,39,11925.0,5.864752065541982e-13,2.3083551934097378e-20,0.00045406441718863906
BND_CENTER_F0p666667_ROBIN_LEAKY,DECISION_GRADE_PHYSICAL_SCREEN,40,12225.0,5.973217204580794e-13,2.309065134805502e-20,0.0003717565022307694
HYP_CENTER_D80,DECISION_GRADE_PHYSICAL_SCREEN,1,525.0,0.07330633618117523,0.26499357695872783,0.9471903650862556
HYP_CENTER_D80,DECISION_GRADE_PHYSICAL_SCREEN,2,825.0,0.02677918639931601,0.0400347629707312,0.802236750647555
HYP_CENTER_D80,DECISION_GRADE_PHYSICAL_SCREEN,3,1125.0,0.009923902948399647,0.00555881051905832,0.6604609606139401
HYP_CENTER_D80,DECISION_GRADE_PHYSICAL_SCREEN,4,1425.0,0.003685853719527304,0.0007676143131676882,0.5412264078379417
HYP_CENTER_D80,DECISION_GRADE_PHYSICAL_SCREEN,5,1725.0,0.0013694521866275055,0.00010596606041225981,0.4431847992782008
HYP_CENTER_D80,DECISION_GRADE_PHYSICAL_SCREEN,6,2025.0,0.000508841766616772,1.4628841361788216e-05,0.36285808646171175
HYP_CENTER_D80,DECISION_GRADE_PHYSICAL_SCREEN,7,2325.0,0.00018907112365272998,2.0196362817831958e-06,0.2970843219860398
HYP_CENTER_D80,DECISION_GRADE_PHYSICAL_SCREEN,8,2625.0,7.025386164970407e-05,2.788362321249539e-07,0.2432322427166072
HYP_CENTER_D80,DECISION_GRADE_PHYSICAL_SCREEN,9,2925.0,2.6104570156001506e-05,3.849755557968086e-08,0.1991417409946023
HYP_CENTER_D80,DECISION_GRADE_PHYSICAL_SCREEN,10,3225.0,9.699820483826008e-06,5.315229298078885e-09,0.1630434708510635
HYP_CENTER_D80,DECISION_GRADE_PHYSICAL_SCREEN,11,3525.0,3.60422042298737e-06,7.338611581455144e-10,0.13348870412677438
HYP_CENTER_D80,DECISION_GRADE_PHYSICAL_SCREEN,12,3825.0,1.339242730945241e-06,1.0132291978988419e-10,0.10929130731958055
HYP_CENTER_D80,DECISION_GRADE_PHYSICAL_SCREEN,13,4125.0,4.976310197267408e-07,1.3989515436197506e-11,0.08948015435526106
HYP_CENTER_D80,DECISION_GRADE_PHYSICAL_SCREEN,14,4425.0,1.8490800372760354e-07,1.9315163249174755e-12,0.07326015416200757
HYP_CENTER_D80,DECISION_GRADE_PHYSICAL_SCREEN,15,4725.0,6.870748474627802e-08,2.6668252136849786e-13,0.059980341187833894
HYP_CENTER_D80,DECISION_GRADE_PHYSICAL_SCREEN,16,5025.0,2.5530095336048627e-08,3.682061239237002e-14,0.04910774991061223
HYP_CENTER_D80,DECISION_GRADE_PHYSICAL_SCREEN,17,5325.0,9.486387306414194e-09,5.083790436346124e-15,0.04020602506628388
HYP_CENTER_D80,DECISION_GRADE_PHYSICAL_SCREEN,18,5625.0,3.5249201644021205e-09,7.019147729238431e-16,0.03291790918079125
HYP_CENTER_D80,DECISION_GRADE_PHYSICAL_SCREEN,19,5925.0,1.3097781151134207e-09,9.691281196603775e-17,0.02695090457334189
HYP_CENTER_D80,DECISION_GRADE_PHYSICAL_SCREEN,20,6225.0,4.866830050995193e-10,1.3380675850753895e-17,0.02206553439746504
HYP_CENTER_D80,DECISION_GRADE_PHYSICAL_SCREEN,21,6525.0,1.8084005762932986e-10,1.8474595217087346e-18,0.018065731594304663
HYP_CENTER_D80,DECISION_GRADE_PHYSICAL_SCREEN,22,6825.0,6.719594952804251e-11,2.5507731098494506e-19,0.014790970033109748
HYP_CENTER_D80,DECISION_GRADE_PHYSICAL_SCREEN,23,7125.0,2.4968448416021747e-11,3.5218328395199747e-20,0.012109822033961807
HYP_CENTER_D80,DECISION_GRADE_PHYSICAL_SCREEN,24,7425.0,9.277693405426286e-12,4.8625676215596975e-21,0.009914683713505889
HYP_CENTER_D80,DECISION_GRADE_PHYSICAL_SCREEN,25,7725.0,3.4473746073540746e-12,6.713709926208198e-22,0.008117456463288675
HYP_CENTER_D80,DECISION_GRADE_PHYSICAL_SCREEN,26,8025.0,1.2809640473352406e-12,9.269568002156097e-23,0.00664601124326607
HYP_CENTER_D80,DECISION_GRADE_PHYSICAL_SCREEN,27,8325.0,4.759763815691289e-13,1.2798421766731201e-23,0.005441293790163963
HYP_CENTER_D80,DECISION_GRADE_PHYSICAL_SCREEN,28,8625.0,1.7686172876214155e-13,1.7670683255928774e-24,0.004454954562539488
HYP_CENTER_D80,DECISION_GRADE_PHYSICAL_SCREEN,29,8925.0,6.571769591735496e-14,2.439777754299811e-25,0.003647408303916146
HYP_CENTER_D80,DECISION_GRADE_PHYSICAL_SCREEN,30,9225.0,2.4419163984889667e-14,3.368582532620002e-26,0.0029862453474481508
HYP_CENTER_D80,DECISION_GRADE_PHYSICAL_SCREEN,31,9525.0,9.073592149716999e-15,4.650976206829714e-27,0.0024449309021918443
HYP_CENTER_D80,DECISION_GRADE_PHYSICAL_SCREEN,32,9825.0,3.3715353463716145e-15,6.421567372715367e-28,0.002001740118775158
HYP_CENTER_D80,DECISION_GRADE_PHYSICAL_SCREEN,33,10125.0,1.2527839475983214e-15,8.866209091847444e-29,0.001638886194911194
HYP_CENTER_D80,DECISION_GRADE_PHYSICAL_SCREEN,34,10425.0,4.6550531379785e-16,1.2241507268866682e-29,0.0013418065285687503
HYP_CENTER_D80,DECISION_GRADE_PHYSICAL_SCREEN,35,10725.0,1.7297092415041917e-16,1.690175571921507e-30,0.0010985782696200455
HYP_CENTER_D80,DECISION_GRADE_PHYSICAL_SCREEN,36,11025.0,6.427196363796677e-17,2.3336125211721463e-31,0.000899439814001126
HYP_CENTER_D80,DECISION_GRADE_PHYSICAL_SCREEN,37,11325.0,2.388196357388332e-17,3.2220010096062966e-32,0.0007363990362654618
HYP_CENTER_D80,DECISION_GRADE_PHYSICAL_SCREEN,38,11625.0,8.87398099984594e-18,4.448592219968584e-33,0.0006029125375275216
HYP_CENTER_D80,DECISION_GRADE_PHYSICAL_SCREEN,39,11925.0,3.2973644961044634e-18,6.142137349058438e-34,0.0004936230358900647
HYP_CENTER_D80,DECISION_GRADE_PHYSICAL_SCREEN,40,12225.0,1.2252237885535732e-18,8.480402192325937e-35,0.0004041443599109124
HYP_CENTER_D240,DECISION_GRADE_PHYSICAL_SCREEN,1,525.0,0.11673286606121962,0.213059468761177,0.9366698324350432
HYP_CENTER_D240,DECISION_GRADE_PHYSICAL_SCREEN,2,825.0,0.043372860469057986,0.03394320464268795,0.7917812686777533
HYP_CENTER_D240,DECISION_GRADE_PHYSICAL_SCREEN,3,1125.0,0.016116192208152153,0.004788342945589103,0.6519847205887316
HYP_CENTER_D240,DECISION_GRADE_PHYSICAL_SCREEN,4,1425.0,0.005988387827372989,0.0006631085431792403,0.5343210470199703
HYP_CENTER_D240,DECISION_GRADE_PHYSICAL_SCREEN,5,1725.0,0.0022251441178981453,9.159273490063485e-05,0.4375371408705227
HYP_CENTER_D240,DECISION_GRADE_PHYSICAL_SCREEN,6,2025.0,0.0008268115792829776,1.2646856165377415e-05,0.3582350652661457
HYP_CENTER_D240,DECISION_GRADE_PHYSICAL_SCREEN,7,2325.0,0.00030722390093787944,1.7461553013474958e-06,0.2932994389147547
HYP_CENTER_D240,DECISION_GRADE_PHYSICAL_SCREEN,8,2625.0,0.00011415723963468247,2.410905831747821e-07,0.2401334602275758
HYP_CENTER_D240,DECISION_GRADE_PHYSICAL_SCREEN,9,2925.0,4.2418169280805024e-05,3.3287197582597763e-08,0.19660467492681635
HYP_CENTER_D240,DECISION_GRADE_PHYSICAL_SCREEN,10,3225.0,1.5761602973497155e-05,4.595938065175765e-09,0.16096629717826763
HYP_CENTER_D240,DECISION_GRADE_PHYSICAL_SCREEN,11,3525.0,5.8566442774605246e-06,6.345576647840017e-10,0.13178805820830344
HYP_CENTER_D240,DECISION_GRADE_PHYSICAL_SCREEN,12,3825.0,2.1761925010563178e-06,8.761289283822967e-11,0.10789893621251628
HYP_CENTER_D240,DECISION_GRADE_PHYSICAL_SCREEN,13,4125.0,8.086224085675184e-07,1.2096645304513165e-11,0.08834017731110606
HYP_CENTER_D240,DECISION_GRADE_PHYSICAL_SCREEN,14,4425.0,3.004652388705565e-07,1.6701746027376534e-12,0.07232681989827866
HYP_CENTER_D240,DECISION_GRADE_PHYSICAL_SCREEN,15,4725.0,1.1164587925006912e-07,2.305997450797312e-13,0.059216191723234717
HYP_CENTER_D240,DECISION_GRADE_PHYSICAL_SCREEN,16,5025.0,4.148500644356244e-08,3.1838742427483856e-14,0.048482117243999166
HYP_CENTER_D240,DECISION_GRADE_PHYSICAL_SCREEN,17,5325.0,1.541486159393628e-08,4.3959623798587364e-15,0.03969380036199791
HYP_CENTER_D240,DECISION_GRADE_PHYSICAL_SCREEN,18,5625.0,5.7278037366871215e-09,6.069586696457329e-16,0.03249853506290609
HYP_CENTER_D240,DECISION_GRADE_PHYSICAL_SCREEN,19,5925.0,2.128319623398326e-09,8.381381741515075e-17,0.026607550085984366
HYP_CENTER_D240,DECISION_GRADE_PHYSICAL_SCREEN,20,6225.0,7.908374000391761e-10,1.1583615460164513e-17,0.02178441951945811
HYP_CENTER_D240,DECISION_GRADE_PHYSICAL_SCREEN,21,6525.0,2.9386599572678103e-10,1.6109048138483718e-18,0.017835574198532628
HYP_CENTER_D240,DECISION_GRADE_PHYSICAL_SCREEN,22,6825.0,1.0921884962082525e-10,2.343785532557963e-19,0.01460253309514284
HYP_CENTER_D240,DECISION_GRADE_PHYSICAL_SCREEN,23,7125.0,4.065096463297093e-11,4.6261691051368204e-20,0.01195554291783245
HYP_CENTER_D240,DECISION_GRADE_PHYSICAL_SCREEN,24,7425.0,1.5287709847469145e-11,2.3026582990359975e-20,0.009788370656573094
HYP_CENTER_D240,DECISION_GRADE_PHYSICAL_SCREEN,25,7725.0,6.153810697036909e-12,2.0401951723270282e-20,0.008014040079062508
HYP_CENTER_D240,DECISION_GRADE_PHYSICAL_SCREEN,26,8025.0,3.3002166920208486e-12,2.0065334514401563e-20,0.006561341069127978
HYP_CENTER_D240,DECISION_GRADE_PHYSICAL_SCREEN,27,8325.0,2.689957184299344e-12,2.0020839170062194e-20,0.00537197171472864
HYP_CENTER_D240,DECISION_GRADE_PHYSICAL_SCREEN,28,8625.0,2.6107540993167705e-12,2.0016456303984065e-20,0.004398198447513396
HYP_CENTER_D240,DECISION_GRADE_PHYSICAL_SCREEN,29,8925.0,2.6184667170397328e-12,2.0017846339990056e-20,0.0036009403271190536
HYP_CENTER_D240,DECISION_GRADE_PHYSICAL_SCREEN,30,9225.0,2.6417090324309063e-12,2.0020364130574447e-20,0.002948200585811057
HYP_CENTER_D240,DECISION_GRADE_PHYSICAL_SCREEN,31,9525.0,2.670489656227522e-12,2.0023366512479998e-20,0.0024137824858460337
HYP_CENTER_D240,DECISION_GRADE_PHYSICAL_SCREEN,32,9825.0,2.7040618191889346e-12,2.0026817555992944e-20,0.0019762379524031664
HYP_CENTER_D240,DECISION_GRADE_PHYSICAL_SCREEN,33,10125.0,2.74267470511407e-12,2.003073262871721e-20,0.0016180067870323331
HYP_CENTER_D240,DECISION_GRADE_PHYSICAL_SCREEN,34,10425.0,2.786955650334123e-12,2.003515464204921e-20,0.001324711915232268
HYP_CENTER_D240,DECISION_GRADE_PHYSICAL_SCREEN,35,10725.0,2.8375379562009373e-12,2.00401202915526e-20,0.0010845823839694905
HYP_CENTER_D240,DECISION_GRADE_PHYSICAL_SCREEN,36,11025.0,2.895219686236301e-12,2.0045675340126013e-20,0.0008879809520024538
HYP_CENTER_D240,DECISION_GRADE_PHYSICAL_SCREEN,37,11325.0,2.960928077875929e-12,2.0051869187918494e-20,0.0007270173135518721
HYP_CENTER_D240,DECISION_GRADE_PHYSICAL_SCREEN,38,11625.0,3.0358565037647917e-12,2.0058765244259585e-20,0.0005952314326250555
HYP_CENTER_D240,DECISION_GRADE_PHYSICAL_SCREEN,39,11925.0,3.121597413214305e-12,2.0066448723998752e-20,0.0004873342790887977
HYP_CENTER_D240,DECISION_GRADE_PHYSICAL_SCREEN,40,12225.0,3.2204662277325966e-12,2.0075048140906247e-20,0.0003989955613190867
HYP_CENTER_K0p00165,DECISION_GRADE_PHYSICAL_SCREEN,1,525.0,0.28736903610450504,0.7871740525798523,0.9927624627998212
HYP_CENTER_K0p00165,DECISION_GRADE_PHYSICAL_SCREEN,2,825.0,0.17510921862928946,0.5078391308371896,0.9407978161452673
HYP_CENTER_K0p00165,DECISION_GRADE_PHYSICAL_SCREEN,3,1125.0,0.10673841528669459,0.2597532748348123,0.844124124052826
HYP_CENTER_K0p00165,DECISION_GRADE_PHYSICAL_SCREEN,4,1425.0,0.06506407004225576,0.11222953402173995,0.7258611439876332
HYP_CENTER_K0p00165,DECISION_GRADE_PHYSICAL_SCREEN,5,1725.0,0.039661032783558814,0.04438769289255459,0.6086429662436039
HYP_CENTER_K0p00165,DECISION_GRADE_PHYSICAL_SCREEN,6,2025.0,0.024176180516686817,0.016897891647407508,0.5038837779076002
HYP_CENTER_K0p00165,DECISION_GRADE_PHYSICAL_SCREEN,7,2325.0,0.014737088867959809,0.006336605091818705,0.41464889887060963
HYP_CENTER_K0p00165,DECISION_GRADE_PHYSICAL_SCREEN,8,2625.0,0.00898329886646326,0.002362608205988126,0.3402723802880549
HYP_CENTER_K0p00165,DECISION_GRADE_PHYSICAL_SCREEN,9,2925.0,0.00547595722063259,0.0008790100759129711,0.2788844133466077
HYP_CENTER_K0p00165,DECISION_GRADE_PHYSICAL_SCREEN,10,3225.0,0.003337984111434402,0.0003267745525370951,0.22844019347264288
HYP_CENTER_K0p00165,DECISION_GRADE_PHYSICAL_SCREEN,11,3525.0,0.002034737979598683,0.00012144320699304236,0.1870715070202405
HYP_CENTER_K0p00165,DECISION_GRADE_PHYSICAL_SCREEN,12,3825.0,0.001240317070686282,4.512842034448542e-05,0.15317624474654962
HYP_CENTER_K0p00165,DECISION_GRADE_PHYSICAL_SCREEN,13,4125.0,0.0007560612007701554,1.6769077172385905e-05,0.12541569428920524
HYP_CENTER_K0p00165,DECISION_GRADE_PHYSICAL_SCREEN,14,4425.0,0.0004608729118055681,6.231054549672829e-06,0.10268376375101791
HYP_CENTER_K0p00165,DECISION_GRADE_PHYSICAL_SCREEN,15,4725.0,0.0002809347189216453,2.315322410215089e-06,0.08407112733509513
HYP_CENTER_K0p00165,DECISION_GRADE_PHYSICAL_SCREEN,16,5025.0,0.00017124963148603471,8.603209138648547e-07,0.06883190429398432
HYP_CENTER_K0p00165,DECISION_GRADE_PHYSICAL_SCREEN,17,5325.0,0.00010438879323480432,3.196753466774885e-07,0.056354903443392265
HYP_CENTER_K0p00165,DECISION_GRADE_PHYSICAL_SCREEN,18,5625.0,6.363237140268472e-05,1.187839279929941e-07,0.046139532147783234
HYP_CENTER_K0p00165,DECISION_GRADE_PHYSICAL_SCREEN,19,5925.0,3.8788442369107256e-05,4.413734173688102e-08,0.037775868620894076
HYP_CENTER_K0p00165,DECISION_GRADE_PHYSICAL_SCREEN,20,6225.0,2.3644306007489523e-05,1.640040778335997e-08,0.030928270833349984
HYP_CENTER_K0p00165,DECISION_GRADE_PHYSICAL_SCREEN,21,6525.0,1.4412881065363224e-05,6.094009309434326e-09,0.025321928503012105
HYP_CENTER_K0p00165,DECISION_GRADE_PHYSICAL_SCREEN,22,6825.0,8.785672987763986e-06,2.2643918216962353e-09,0.020731842347784864
HYP_CENTER_K0p00165,DECISION_GRADE_PHYSICAL_SCREEN,23,7125.0,5.355490654359192e-06,8.413952213103416e-10,0.01697379717868347
HYP_CENTER_K0p00165,DECISION_GRADE_PHYSICAL_SCREEN,24,7425.0,3.2645512971944537e-06,3.126428523180603e-10,0.013896969850956242
HYP_CENTER_K0p00165,DECISION_GRADE_PHYSICAL_SCREEN,25,7725.0,1.989975496146122e-06,1.1617079655561664e-10,0.011377876630315925
HYP_CENTER_K0p00165,DECISION_GRADE_PHYSICAL_SCREEN,26,8025.0,1.2130311686832043e-06,4.316636018023426e-11,0.009315417516362
HYP_CENTER_K0p00165,DECISION_GRADE_PHYSICAL_SCREEN,27,8325.0,7.394285100729209e-07,1.6039613279610418e-11,0.007626818803755756
HYP_CENTER_K0p00165,DECISION_GRADE_PHYSICAL_SCREEN,28,8625.0,4.507341077659079e-07,5.959946427762424e-12,0.006244311104775779
HYP_CENTER_K0p00165,DECISION_GRADE_PHYSICAL_SCREEN,29,8925.0,2.7475439902025676e-07,2.214577172303736e-12,0.0051124095340047936
HYP_CENTER_K0p00165,DECISION_GRADE_PHYSICAL_SCREEN,30,9225.0,1.6748228829443006e-07,8.228852576985632e-13,0.004185686908093214
HYP_CENTER_K0p00165,DECISION_GRADE_PHYSICAL_SCREEN,31,9525.0,1.0209233043169777e-07,3.0576498114659096e-13,0.003426950594513772
HYP_CENTER_K0p00165,DECISION_GRADE_PHYSICAL_SCREEN,32,9825.0,6.223251448924461e-08,1.1361513992488719e-13,0.0028057498410451864
HYP_CENTER_K0p00165,DECISION_GRADE_PHYSICAL_SCREEN,33,10125.0,3.793513032053955e-08,4.221673774329888e-14,0.002297153680321432
HYP_CENTER_K0p00165,DECISION_GRADE_PHYSICAL_SCREEN,34,10425.0,2.3124151807895027e-08,1.5686755716400855e-14,0.0018807503626306547
HYP_CENTER_K0p00165,DECISION_GRADE_PHYSICAL_SCREEN,35,10725.0,1.4095810197996162e-08,5.828832781971438e-15,0.001539828160750227
HYP_CENTER_K0p00165,DECISION_GRADE_PHYSICAL_SCREEN,36,11025.0,8.59239581146909e-09,2.165858397645779e-15,0.0012607046696624393
HYP_CENTER_K0p00165,DECISION_GRADE_PHYSICAL_SCREEN,37,11325.0,5.23767451064622e-09,8.047824966195294e-16,0.0010321776836019257
HYP_CENTER_K0p00165,DECISION_GRADE_PHYSICAL_SCREEN,38,11625.0,3.192734003577369e-09,2.990384170863455e-16,0.0008450756122057912
HYP_CENTER_K0p00165,DECISION_GRADE_PHYSICAL_SCREEN,39,11925.0,1.9461977633164348e-09,1.1111570550941465e-16,0.0006918893923891211
HYP_CENTER_K0p00165,DECISION_GRADE_PHYSICAL_SCREEN,40,12225.0,1.1863455363628469e-09,4.128800617376839e-17,0.0005664711232774262
HYP_CENTER_K0p0066,DECISION_GRADE_PHYSICAL_SCREEN,1,525.0,0.015004940245524387,0.006291771807031582,0.84174805904783
HYP_CENTER_K0p0066,DECISION_GRADE_PHYSICAL_SCREEN,2,825.0,0.0020699041436160284,0.00011960391285527383,0.6896232020789871
HYP_CENTER_K0p0066,DECISION_GRADE_PHYSICAL_SCREEN,3,1125.0,0.00028577398876206085,2.2793167887746123e-06,0.5646241163757474
HYP_CENTER_K0p0066,DECISION_GRADE_PHYSICAL_SCREEN,4,1425.0,3.945599214820043e-05,4.344667885744473e-08,0.46227528694033243
HYP_CENTER_K0p0066,DECISION_GRADE_PHYSICAL_SCREEN,5,1725.0,5.447627022681887e-06,8.281983070333376e-10,0.3784789968322093
HYP_CENTER_K0p0066,DECISION_GRADE_PHYSICAL_SCREEN,6,2025.0,7.52148002207316e-07,1.5787810894781086e-11,0.3098723941583068
HYP_CENTER_K0p0066,DECISION_GRADE_PHYSICAL_SCREEN,7,2325.0,1.0384840912403614e-07,3.009631471954711e-13,0.25370205862840706
HYP_CENTER_K0p0066,DECISION_GRADE_PHYSICAL_SCREEN,8,2625.0,1.43382656941922e-08,5.737282256591065e-15,0.20771367751829098
HYP_CENTER_K0p0066,DECISION_GRADE_PHYSICAL_SCREEN,9,2925.0,1.9796731421462107e-09,1.0937037355206397e-16,0.17006157561914784
HYP_CENTER_K0p0066,DECISION_GRADE_PHYSICAL_SCREEN,10,3225.0,2.7333194649959574e-10,2.084939233309799e-18,0.13923464187629309
HYP_CENTER_K0p0066,DECISION_GRADE_PHYSICAL_SCREEN,11,3525.0,3.77387326123062e-11,3.9745429705698004e-20,0.11399568319792054
HYP_CENTER_K0p0066,DECISION_GRADE_PHYSICAL_SCREEN,12,3825.0,5.2105579871901595e-12,7.5767163044982645e-22,0.09333177155227253
HYP_CENTER_K0p0066,DECISION_GRADE_PHYSICAL_SCREEN,13,4125.0,7.194177650108817e-13,1.4443580599704503e-23,0.07641359160909426
HYP_CENTER_K0p0066,DECISION_GRADE_PHYSICAL_SCREEN,14,4425.0,9.932946200204889e-14,2.7533962561723544e-25,0.06256215740350708
HYP_CENTER_K0p0066,DECISION_GRADE_PHYSICAL_SCREEN,15,4725.0,1.371434305461119e-14,5.248830736272063e-27,0.051221562245156595
HYP_CENTER_K0p0066,DECISION_GRADE_PHYSICAL_SCREEN,16,5025.0,1.8935288854192753e-15,1.0005906010478295e-28,0.04193666823080778
HYP_CENTER_K0p0066,DECISION_GRADE_PHYSICAL_SCREEN,17,5325.0,2.6143808901708623e-16,1.9074372978104068e-30,0.03433483996219073
HYP_CENTER_K0p0066,DECISION_GRADE_PHYSICAL_SCREEN,18,5625.0,3.609655755358843e-17,3.636169520571042e-32,0.028110989379056397
HYP_CENTER_K0p0066,DECISION_GRADE_PHYSICAL_SCREEN,19,5925.0,4.983824170917867e-18,6.9316715149462246e-34,0.023015331504081995
HYP_CENTER_K0p0066,DECISION_GRADE_PHYSICAL_SCREEN,20,6225.0,6.881128021672689e-19,1.3213924631771545e-35,0.018843359694676452
HYP_CENTER_K0p0066,DECISION_GRADE_PHYSICAL_SCREEN,21,6525.0,9.500720977893696e-20,2.5189855549351586e-37,0.015427638073341741
HYP_CENTER_K0p0066,DECISION_GRADE_PHYSICAL_SCREEN,22,6825.0,1.3117572993205253e-20,4.801970953244781e-39,0.012631081738001627
HYP_CENTER_K0p0066,DECISION_GRADE_PHYSICAL_SCREEN,23,7125.0,1.8111332985413524e-21,9.154052110655588e-41,0.010341455063543618
HYP_CENTER_K0p0066,DECISION_GRADE_PHYSICAL_SCREEN,24,7425.0,2.500617931979412e-22,1.7450474161668568e-42,0.008466867292097174
HYP_CENTER_K0p0066,DECISION_GRADE_PHYSICAL_SCREEN,25,7725.0,3.45258410674326e-23,3.326603833866213e-44,0.006932084634270054
HYP_CENTER_K0p0066,DECISION_GRADE_PHYSICAL_SCREEN,26,8025.0,4.7669565436974476e-24,6.341542908789894e-46,0.005675510873016227
HYP_CENTER_K0p0066,DECISION_GRADE_PHYSICAL_SCREEN,27,8325.0,6.581700542824724e-25,1.2088955725541648e-47,0.00464671529116685
HYP_CENTER_K0p0066,DECISION_GRADE_PHYSICAL_SCREEN,28,8625.0,9.087303741564967e-26,2.3045314466222984e-49,0.0038044087096760085
HYP_CENTER_K0p0066,DECISION_GRADE_PHYSICAL_SCREEN,29,8925.0,1.2546770968102961e-26,4.393154635557372e-51,0.003114786407889472
HYP_CENTER_K0p0066,DECISION_GRADE_PHYSICAL_SCREEN,30,9225.0,1.732323098280427e-27,8.374720891835342e-53,0.002550171421408409
HYP_CENTER_K0p0066,DECISION_GRADE_PHYSICAL_SCREEN,31,9525.0,2.3918052895562133e-28,1.596482615214047e-54,0.002087903768327654
HYP_CENTER_K0p0066,DECISION_GRADE_PHYSICAL_SCREEN,32,9825.0,3.3023473212518546e-29,3.0433930558396396e-56,0.0017094310245972563
HYP_CENTER_K0p0066,DECISION_GRADE_PHYSICAL_SCREEN,33,10125.0,4.559525759809134e-30,5.801654965776823e-58,0.0013995637501033778
HYP_CENTER_K0p0066,DECISION_GRADE_PHYSICAL_SCREEN,34,10425.0,6.295302441562162e-31,1.105976116930997e-59,0.0011458658831027828
HYP_CENTER_K0p0066,DECISION_GRADE_PHYSICAL_SCREEN,35,10725.0,8.691876067478889e-32,2.108334912084843e-61,0.0009381556373991082
HYP_CENTER_K0p0066,DECISION_GRADE_PHYSICAL_SCREEN,36,11025.0,1.2000806994376125e-32,4.019142939406832e-63,0.0007680968715121259
HYP_CENTER_K0p0066,DECISION_GRADE_PHYSICAL_SCREEN,37,11325.0,1.6569422688287392e-33,7.661738120823635e-65,0.0006288645300499647
HYP_CENTER_K0p0066,DECISION_GRADE_PHYSICAL_SCREEN,38,11625.0,2.2877275532536432e-34,1.4605658946965868e-66,0.0005148707302718387
HYP_CENTER_K0p0066,DECISION_GRADE_PHYSICAL_SCREEN,39,11925.0,3.1586479845284536e-35,2.7842934581031033e-68,0.00042154050073327297
HYP_CENTER_K0p0066,DECISION_GRADE_PHYSICAL_SCREEN,40,12225.0,4.361121181574323e-36,5.3077304413206025e-70,0.0003451281716182221
