ConditionID,DecisionGrade,Drive,Windows,InitialMass_molecules,InjectedMass_molecules,RemainingMass_molecules,DecayLoss_molecules,BoundaryLoss_molecules,MassResidual_molecules,MassResidualFraction,MinAHL_uM,PeakAHL_uM,MeanAHL_uM,PlumeCoverage_H_ge_0p10,WallInteriorRatio,WallMassFraction,MeanH,VarH,MeanR,VarR,MeanL,VarL,WeakFraction_H_lt_0p05,SaturatedFraction_H_gt_0p90,Lag1MeanC,Lag1MeanR,Lag1MeanL,NearProbeWindowEnd_uM,MiddleProbeWindowEnd_uM,FarProbeWindowEnd_uM,MemoryR2Delay1to10,LinearMemorySumPositiveR2,NumericalFailure,C_t37_s,C_t14_s,C_t5_s,C_t1_s,R_t37_s,R_t14_s,R_t5_s,R_t1_s,L_t37_s,L_t14_s,L_t5_s,L_t1_s,CResidual30,RResidual30,LResidual30,Exclusions,EligibleForPromotion
PRI_CENTER_F0p0,DECISION_GRADE_PHYSICAL_SCREEN,SINGLE_PULSE,12,3220247566.9440455,9600000000.0,97766.40885388973,12820149800.535206,0.0,-1.33514404296875e-05,1.0414339005522087e-15,3.2462952354259054e-05,75.67930333468303,0.3528192023105044,0.18489583333333334,0.7593120566440494,0.09125298420945875,0.0785194129023377,0.03422702383036608,0.08006670181960898,0.03446480024627324,0.22996109009761276,0.02850923915315434,0.7864583333333334,0.007166666666666667,1.0,0.9928363699894807,0.9936023166929958,2.2776983|0.67595149|0.24184575|0.089370399|0.033187985|0.01233261|0.004582983|0.0017030566|0.00063284658|0.00023515816|8.7380947e-05|3.2469107e-05,1.8583406|0.6609356|0.24297948|0.089895687|0.033324757|0.012365195|0.0045905935|0.0017048257|0.00063325731|0.0002352535|8.7403074e-05|3.2474243e-05,1.2728141|0.63178794|0.24221014|0.090056117|0.033381195|0.012379382|0.0045939478|0.0017056076|0.00063343901|0.00023529568|8.7412864e-05|3.2476515e-05,,nan,False,144.22410053010114,420.18904993382546,731.5364565553073,1219.215289950199,431.0849499164239,606.7482325389996,772.6601565678397,1020.744308807076,1978.5798710342533,3436.381690946072,4980.810791115622,7394.967619069922,3.359913962319982e-14,3.067042771736026e-26,0.0029522379171854386,,True
PRI_CENTER_F0p0,DECISION_GRADE_PHYSICAL_SCREEN,STEP_ON_OFF,12,3220247566.9440455,38400000000.0,16650732.8868822,41603596834.057175,0.0,-7.62939453125e-06,1.8330968644476485e-16,0.005518566998990027,76.63163595462616,1.1393401800238212,0.483725,0.7112619902545979,0.08597486847128596,0.2523479239856624,0.09036803527099811,0.25431278209805175,0.08988404642091086,0.35519169114799903,0.024111520966610265,0.448,0.0337875,0.7399463569452022,0.7242293420153739,0.8541202733381852,0.41215607|0.14836066|1.9204178|2.4135138|2.5876768|2.6519073|0.81021097|0.29148112|0.10780387|0.040037901|0.014878143|0.0055289142,0.40500693|0.14907825|1.5085106|1.9856493|2.1605854|2.2252495|0.79587678|0.29290793|0.10840482|0.040192666|0.014914929|0.005537501,0.39026485|0.14874175|0.93782258|1.386086|1.5601322|1.6249183|0.76637698|0.29223123|0.10859663|0.040256946|0.014930968|0.0055412869,,nan,False,144.22410053010114,420.18904993382546,731.5364565553073,1219.215289950199,431.0849499164239,606.7482325389996,772.6601565678397,1020.744308807076,1978.5798710342533,3436.381690946072,4980.810791115622,7394.967619069922,3.359913962319982e-14,3.067042771736026e-26,0.0029522379171854386,,True
PRI_CENTER_F0p0,DECISION_GRADE_PHYSICAL_SCREEN,ALTERNATING_BINARY,12,3220247566.9440455,57600000000.0,1744818139.0471318,59075429427.89694,0.0,-3.0517578125e-05,5.017667527809666e-16,0.43066772406405307,75.67930333468303,1.6154338042123493,0.9665791666666667,0.6961861168006513,0.08430618223094745,0.3834849658829975,0.058232633436508384,0.3855112160167055,0.056302681277320826,0.4071323636811826,0.02582672089275008,0.0,0.0369,-0.989636762608301,-0.9918603237467017,0.49214002139626917,2.2776983|0.67595149|2.107388|0.61696122|2.0857004|0.60891308|2.0827099|0.60780173|2.0822969|0.60764826|2.0822399|0.60762707,1.8583406|0.6609356|1.6963131|0.60175303|1.6744608|0.59365987|1.6714595|0.59254598|1.6710459|0.59239237|1.6709888|0.59237117,1.2728141|0.63178794|1.1247594|0.57310231|1.1028672|0.56499109|1.0998612|0.56387609|1.0994473|0.56372242|1.0993902|0.56370122,,nan,False,144.22410053010114,420.18904993382546,731.5364565553073,1219.215289950199,431.0849499164239,606.7482325389996,772.6601565678397,1020.744308807076,1978.5798710342533,3436.381690946072,4980.810791115622,7394.967619069922,3.359913962319982e-14,3.067042771736026e-26,0.0029522379171854386,,True
PRI_CENTER_F0p0,DECISION_GRADE_PHYSICAL_SCREEN,FIXED_RANDOM,64,3220247566.9440455,306282950400.0,4831359041.307407,304671838925.6366,0.0,0.0,0.0,0.18596394766805377,73.28238352492482,1.5607847286730974,0.88618828125,0.6885852405174155,0.08346256014991696,0.38634519423895625,0.06010213933394217,0.3875294277388438,0.05894740070961827,0.38681822709299923,0.031287483682931876,0.04433046875,0.02991015625,0.3831117300619506,0.37901752683502865,0.9367417398386476,2.1971218|1.8533399|1.2069258|1.6655572|1.4570687|1.4767734|1.7508056|2.2199367|1.8696052|0.83485386|1.9028482|0.8357766|1.9586822|1.4137069|0.58765231|1.3988328|1.8520248|2.3506442|1.6214145|0.69990499|0.78549753|0.26087682|1.4001084|0.56431521|0.32635485|1.4992381|0.91079057|0.41345061|1.223396|0.68056242|0.29272681|1.0847418|1.4563924|2.1757204|1.3965224|1.8844323|1.4722784|1.0032436|1.3651905|0.68329938|1.9005122|1.4658679|1.0772371|1.1209772|0.59861855|0.46476041|1.7997738|1.7931353|1.2313151|1.4793606|0.93618853|0.34839401|0.94293248|1.7366798|1.7090038|1.8247635|1.1682212|1.5401775|0.56556853|1.6457893|2.1760864|1.6569461|2.2816098|1.9988458,1.7955682|1.5738137|1.0578719|1.3785022|1.2359206|1.2427225|1.4561024|1.8363804|1.590819|0.76944952|1.543432|0.76203838|1.5859543|1.2151821|0.54950706|1.133757|1.5242295|1.9422827|1.4051087|0.65193646|0.66399442|0.252568|1.1114151|0.51802535|0.29530121|1.1910617|0.7936385|0.38265018|0.98350571|0.60033921|0.27425918|0.8670368|1.1961238|1.7819748|1.2172362|1.5608962|1.261207|0.87644854|1.1304328|0.61501249|1.5285806|1.2510752|0.93311277|0.94406794|0.53637269|0.40377901|1.4327544|1.4982861|1.0698195|1.2338604|0.82014341|0.33416657|0.76176683|1.4074898|1.4325781|1.5275477|1.0229237|1.2781106|0.53427206|1.325244|1.7899178|1.4211704|1.8845245|1.6948111,1.234695|1.1787025|0.84470569|0.97678732|0.92374866|0.9133802|1.0427279|1.298926|1.196665|0.67210783|1.0429431|0.65310619|1.0668805|0.93319321|0.49153634|0.76477084|1.0653303|1.3699923|1.0969267|0.57966709|0.49347157|0.23842245|0.71086207|0.44880745|0.25023662|0.76328472|0.62590499|0.33663055|0.64996322|0.4848242|0.24621586|0.56464884|0.83178717|1.2313379|0.9609171|1.1078303|0.96215765|0.69558783|0.80188347|0.51558572|1.0111894|0.94671909|0.72815553|0.69530052|0.4462169|0.31728843|0.92299194|1.083367|0.83951678|0.88949745|0.65416847|0.31116931|0.50984131|0.94830686|1.0433659|1.1096754|0.81508854|0.91109377|0.48543728|0.87948098|1.2492514|1.0866309|1.3286524|1.2655423,0.99999212|0.98905782|0.67631616|0.10596351|0.18391696|-0.11074334|0.18096993|0.010262439|-0.38879099|-0.36002488,3.146478945248984,False,144.22410053010114,420.18904993382546,731.5364565553073,1219.215289950199,431.0849499164239,606.7482325389996,772.6601565678397,1020.744308807076,1978.5798710342533,3436.381690946072,4980.810791115622,7394.967619069922,3.359913962319982e-14,3.067042771736026e-26,0.0029522379171854386,,True
PRI_CENTER_F0p25,DECISION_GRADE_PHYSICAL_SCREEN,SINGLE_PULSE,12,2999173786.710497,9600000000.0,32808.7957160352,11920728548.921007,678412428.9937929,-1.8477439880371094e-05,1.466559648527187e-15,6.481564630281078e-06,75.05615601650102,0.32766576511665335,0.1632,0.737206431445828,0.08883235722082669,0.07207440320879578,0.032925127022226094,0.07351419566634747,0.0331397054794034,0.2155966157584362,0.02971772310833245,0.8028125,0.006925,0.9999951451363243,0.9938462732511874,0.9941023498860636,2.101392|0.58685176|0.19280281|0.064903064|0.021919042|0.007405116|0.0025017331|0.00084515643|0.0002855118|9.6450727e-05|3.258245e-05|1.1006776e-05,2.0775412|0.68198255|0.22854649|0.076923572|0.025934128|0.0087509591|0.002954254|0.00099760656|0.00033692985|0.00011380447|3.844165e-05|1.2985477e-05,1.5718104|0.70106403|0.24304805|0.082067986|0.02765882|0.0093282004|0.0031480745|0.0010628458|0.00035892223|0.00012122473|4.0946542e-05|1.3831315e-05,,nan,False,141.12397645244596,400.15553514625896,684.617551728447,1129.0101053080245,414.27079787864494,579.1315347365593,732.0154633616756,958.6375872735142,1958.7103898917642,3416.505244821009,4960.934308006256,7375.091183812706,1.9039945705699587e-15,1.0602944438162424e-28,0.0029133759541321164,,True
PRI_CENTER_F0p25,DECISION_GRADE_PHYSICAL_SCREEN,STEP_ON_OFF,12,2999173786.710497,38400000000.0,8865035.255097419,39418834328.25441,1971474423.2010183,-2.956390380859375e-05,7.141182082740991e-16,0.0017489591112985054,75.95857944449324,1.0782211347112296,0.4496041666666667,0.6931192245629029,0.08396597449374207,0.2355562166622866,0.09046103795600333,0.23742852515217894,0.09002331450684456,0.33424340926358703,0.02914330889504429,0.4854583333333333,0.03241666666666667,0.7311702411337927,0.712634358265537,0.854853993817503,0.35138785|0.11592394|1.7890492|2.2341191|2.3791448|2.4279108|0.69437395|0.22900945|0.077131239|0.026050213|0.0088007829|0.0029732285,0.40969323|0.13740392|1.7141093|2.2280257|2.3999759|2.4578134|0.80945845|0.27145612|0.091390838|0.030815941|0.010399043|0.0035107913,0.42363189|0.14619974|1.1975299|1.7196776|1.9023503|1.9640662|0.83668123|0.28882795|0.097497036|0.032862567|0.011084393|0.0037410035,,nan,False,141.12397645244596,400.15553514625896,684.617551728447,1129.0101053080245,414.27079787864494,579.1315347365593,732.0154633616756,958.6375872735142,1958.7103898917642,3416.505244821009,4960.934308006256,7375.091183812706,1.9039945705699587e-15,1.0602944438162424e-28,0.0029133759541321164,,True
PRI_CENTER_F0p25,DECISION_GRADE_PHYSICAL_SCREEN,ALTERNATING_BINARY,12,2999173786.710497,57600000000.0,1526618811.9350617,56371446250.333,2701108724.4424644,-2.8133392333984375e-05,4.642537278314193e-16,0.22166986803268984,75.05615601650102,1.5397868424574077,0.8623375,0.6801229621585391,0.08252150040718832,0.3590571405059469,0.06663974912891868,0.36108175533577563,0.06467520601035662,0.38326419517606525,0.03278188066319612,0.04399583333333333,0.03590416666666667,-0.991685370723191,-0.9938766639044929,0.4278572006367011,2.101392|0.58685176|1.942807|0.53583089|1.9256809|0.53004893|1.9237276|0.52938899|1.9235046|0.52931367|1.9234792|0.52930507,2.0775412|0.68198255|1.8963945|0.62150221|1.8760673|0.61465406|1.8737574|0.61387446|1.8734942|0.61378557|1.8734642|0.61377543,1.5718104|0.70106403|1.3912265|0.63693227|1.3695339|0.62962558|1.367071|0.62879469|1.3667905|0.62869999|1.3667586|0.62868919,,nan,False,141.12397645244596,400.15553514625896,684.617551728447,1129.0101053080245,414.27079787864494,579.1315347365593,732.0154633616756,958.6375872735142,1958.7103898917642,3416.505244821009,4960.934308006256,7375.091183812706,1.9039945705699587e-15,1.0602944438162424e-28,0.0029133759541321164,,True
PRI_CENTER_F0p25,DECISION_GRADE_PHYSICAL_SCREEN,FIXED_RANDOM,64,2999173786.710497,306282950400.0,4495920489.827413,291151164595.6888,13635039101.193586,0.0007495880126953125,2.423638335601943e-15,0.09237750965595881,72.66877334453794,1.489845533246947,0.81653671875,0.6728009196291901,0.08170568139407243,0.3642290583622338,0.06661588027378208,0.36544746899201375,0.06540250407992214,0.3651778419221252,0.037099028944836514,0.08262578125,0.0289328125,0.3535251161044682,0.3464095475792255,0.9321950635102677,2.0258058|1.6923574|1.0836149|1.5219678|1.3257314|1.3455194|1.6032608|2.0400848|1.703332|0.7325291|1.7485261|0.7425285|1.8048537|1.2854133|0.5113735|1.2844742|1.7065508|2.1651577|1.4694593|0.60825052|0.70368474|0.21937405|1.2978852|0.50448151|0.28511578|1.391963|0.82846409|0.36162368|1.1289989|0.61403693|0.25274852|1.0029814|1.3456054|2.011049|1.2658288|1.7257553|1.335837|0.89875918|1.24651|0.60692854|1.7566306|1.3381724|0.97164405|1.0177532|0.53049425|0.41273257|1.6713298|1.6509257|1.1145303|1.3503326|0.8405484|0.29555404|0.86483309|1.6081902|1.5699521|1.6715189|1.051231|1.4066047|0.49202983|1.5168973|2.007686|1.5084102|2.0943033|1.8223654,2.0055035|1.7314528|1.1375999|1.5205913|1.3539352|1.3642162|1.6100326|2.0404775|1.7449097|0.80388452|1.7173868|0.80851337|1.7711775|1.3290243|0.56845577|1.2604776|1.7003918|2.1645378|1.5293849|0.67340924|0.71353485|0.2519172|1.2533503|0.55346596|0.30687737|1.3457959|0.86768282|0.39808706|1.1012633|0.64954651|0.28114409|0.97384364|1.3391289|1.9961447|1.3246637|1.7262268|1.3759022|0.94025503|1.245758|0.65254746|1.7150115|1.3756324|1.0096388|1.0317337|0.56760284|0.42875786|1.6190568|1.6675495|1.1623133|1.3582483|0.88227927|0.33603141|0.84596164|1.5821999|1.5893673|1.6885957|1.1031885|1.4085245|0.55284757|1.481253|2.0000336|1.5564187|2.090799|1.8611432,1.5222182|1.4157663|0.98169085|1.1799301|1.1030954|1.0941917|1.2636818|1.5865488|1.430914|0.75370779|1.2794887|0.7469653|1.316521|1.1111046|0.54501502|0.93710156|1.3101981|1.6808969|1.2964037|0.64135714|0.57315398|0.25467771|0.89425636|0.51788794|0.27815651|0.9630693|0.74444959|0.37538927|0.80637607|0.5684993|0.26998953|0.70473702|1.0287465|1.5242804|1.1351712|1.3429901|1.1415327|0.80591862|0.96734495|0.58937185|1.2583889|1.1361174|0.85339673|0.82748172|0.50819355|0.36254873|1.1643649|1.3252704|0.98938685|1.0703592|0.7609996|0.33456345|0.62402038|1.1826602|1.2697683|1.3431581|0.95111006|1.0987137|0.53930783|1.0876776|1.540226|1.2958353|1.6190323|1.5162354,0.99999585|0.99368756|0.75211495|0.10832963|0.22021371|-0.10540378|0.18250477|-0.036506363|-0.41341022|-0.35361724,3.256846453962101,False,141.12397645244596,400.15553514625896,684.617551728447,1129.0101053080245,414.27079787864494,579.1315347365593,732.0154633616756,958.6375872735142,1958.7103898917642,3416.505244821009,4960.934308006256,7375.091183812706,1.9039945705699587e-15,1.0602944438162424e-28,0.0029133759541321164,,True
PRI_CENTER_F0p5,DECISION_GRADE_PHYSICAL_SCREEN,SINGLE_PULSE,12,2720123856.4721923,9600000000.0,6780.699536808919,10858097261.276062,1462019814.4965928,7.152557373046875e-07,5.805588853142402e-17,7.845302490359408e-07,74.28203438681093,0.2979406781704609,0.13659583333333333,0.7265386061377254,0.08765958172898954,0.06493357365613797,0.03157333223784751,0.06624918948631352,0.03175174504307627,0.19961824587204807,0.03045584634682419,0.832025,0.006570833333333333,0.9999821841189581,0.9949703491179253,0.9948341520032727,1.8323339|0.4569802|0.13171897|0.038687651|0.011387729|0.0033525837|0.00098698775|0.00029055743|8.5535154e-05|2.5179665e-05|7.4123946e-06|2.1818611e-06,2.1834381|0.63091276|0.18453222|0.05414714|0.015912571|0.0046800433|0.0013770287|0.00040526057|0.00011928303|3.5111868e-05|1.0335701e-05|3.0427432e-06,1.8297246|0.70364222|0.2115782|0.062206493|0.01827213|0.0053715894|0.0015800863|0.00046495323|0.00013684201|4.0278561e-05|1.1856357e-05|3.4901665e-06,,nan,False,138.06511799221678,378.9474146314701,633.0422723846486,1027.4331045594372,396.7353904823896,549.7175140559158,687.7819863808128,889.8596445853785,1935.7110227024614,3393.5028500181224,4937.931913630472,7352.088788090684,1.1920578271163817e-11,2.3009438822253787e-20,0.0028690403482157733,,True
PRI_CENTER_F0p5,DECISION_GRADE_PHYSICAL_SCREEN,STEP_ON_OFF,12,2720123856.4721923,38400000000.0,3571570.1320936466,36738221149.99862,4378331136.341474,2.86102294921875e-06,6.957719678094872e-17,0.0004128233649552319,75.07695757892266,1.0032046348071344,0.3944,0.6848423378369979,0.08304656352200031,0.21612409009466418,0.09092435884254818,0.21789275553850262,0.09051210117505275,0.3103320059806598,0.03406159033909045,0.5364375,0.0306625,0.7190232255035844,0.6979575892634855,0.8564689769283379,0.26709035|0.077200569|1.5879257|1.9516999|2.0560256|2.0866496|0.53041986|0.15329394|0.045038386|0.013257404|0.0039030077|0.0011490258,0.36952388|0.10813492|1.8456519|2.3460203|2.4922304|2.535113|0.73379792|0.21472516|0.063020655|0.01852244|0.0054479688|0.0016030317,0.4138303|0.12401836|1.4523529|2.0062287|2.1737868|2.2230602|0.82163525|0.24626427|0.072395473|0.021267588|0.0062527445|0.001839377,,nan,False,138.06511799221678,378.9474146314701,633.0422723846486,1027.4331045594372,396.7353904823896,549.7175140559158,687.7819863808128,889.8596445853785,1935.7110227024614,3393.5028500181224,4937.931913630472,7352.088788090684,1.1920578271163817e-11,2.3009438822253787e-20,0.0028690403482157733,,True
PRI_CENTER_F0p5,DECISION_GRADE_PHYSICAL_SCREEN,ALTERNATING_BINARY,12,2720123856.4721923,57600000000.0,1259214783.3543952,52976534469.55281,6084374603.56491,7.724761962890625e-05,1.280627669344843e-15,0.10531767522418027,74.28203438681093,1.4447784757986921,0.7341708333333333,0.6735202160822437,0.0817858893707546,0.3309348647209275,0.07595279086765598,0.33294611972490235,0.0738997357263757,0.35612452052253596,0.03894512895866795,0.15527916666666666,0.03435,-0.993971704933371,-0.9959193256118886,0.3537925480021159,1.8323339|0.4569802|1.6969625|0.41846729|1.6856681|0.41514319|1.6846894|0.41485508|1.6846046|0.41483011|1.6845973|0.41482795,2.1834381|0.63091276|1.9984465|0.57692497|1.9826215|0.57227689|1.9812548|0.57187484|1.9811365|0.57184001|1.9811262|0.571837,1.8297246|0.70364222|1.6274725|0.64183035|1.6092861|0.6364914|1.6077173|0.63603001|1.6075815|0.63599006|1.6075698|0.6359866,,nan,False,138.06511799221678,378.9474146314701,633.0422723846486,1027.4331045594372,396.7353904823896,549.7175140559158,687.7819863808128,889.8596445853785,1935.7110227024614,3393.5028500181224,4937.931913630472,7352.088788090684,1.1920578271163817e-11,2.3009438822253787e-20,0.0028690403482157733,,True
PRI_CENTER_F0p5,DECISION_GRADE_PHYSICAL_SCREEN,FIXED_RANDOM,64,2720123856.4721923,306282950400.0,4067443846.6575565,274158825493.984,30776804915.83041,0.000217437744140625,7.036750189745748e-16,0.042491502530811076,71.8877464717997,1.4006565880319468,0.7193140625,0.6662150693224717,0.08097064825972705,0.3390578442871431,0.07351238942840946,0.3403184617044578,0.07216797802820897,0.3407043349401461,0.04227436919369295,0.17683828125,0.0273171875,0.31382972448360247,0.3038667908344606,0.9263790404253861,1.7647279|1.447559|0.90305912|1.3101339|1.1305552|1.1507207|1.3819137|1.7667264|1.4526933|0.58717232|1.5204721|0.60685142|1.5742564|1.0921138|0.40423195|1.1164146|1.484188|1.8796381|1.2406335|0.48029633|0.59076742|0.16555462|1.1441779|0.41455564|0.22831171|1.2282729|0.70196159|0.28807449|0.98770902|0.51443436|0.19774128|0.88039695|1.1737761|1.754998|1.0672509|1.4878585|1.1327859|0.74818503|1.0723982|0.49743641|1.5392489|1.1434668|0.81612056|0.86689883|0.43401205|0.34113743|1.4747434|1.4295984|0.93878594|1.1586089|0.70120137|0.22494471|0.75173628|1.410155|1.3550712|1.438252|0.87852029|1.2092794|0.38842009|1.3251444|1.7483143|1.2828871|1.8113109|1.5566833,2.1050916|1.7752948|1.1304537|1.5723426|1.3834354|1.398831|1.6671903|2.1253869|1.7827313|0.7647502|1.7994391|0.78635251|1.8627694|1.3516363|0.53271667|1.3199998|1.7808909|2.2613026|1.5433457|0.63018388|0.7155549|0.22535675|1.3372396|0.54167477|0.29118725|1.4374604|0.8793994|0.37598035|1.1630284|0.64969588|0.26043025|1.0330689|1.4076997|2.0994468|1.334507|1.7880691|1.3961526|0.9332338|1.2873014|0.63646002|1.8146364|1.408736|1.0125784|1.0527953|0.55238807|0.42201213|1.7290562|1.7361137|1.1695325|1.3984759|0.87800737|0.30269457|0.88621567|1.6749982|1.647951|1.7442573|1.0999501|1.4540265|0.51796433|1.5613552|2.0979616|1.5845425|2.1743034|1.9053553,1.7685693|1.5895072|1.0578969|1.3407681|1.2327898|1.2284251|1.4387388|1.8218094|1.5986263|0.77325942|1.4834755|0.78690955|1.5348516|1.2342205|0.55033739|1.0857364|1.517005|1.9382762|1.4250136|0.64607342|0.62386712|0.24599553|1.0677329|0.55017219|0.2832761|1.1516554|0.82348402|0.38176621|0.94666569|0.61856758|0.26888687|0.83345036|1.1975185|1.775593|1.245339|1.5295207|1.2638774|0.86698194|1.0982426|0.6220194|1.4813134|1.2736494|0.93011665|0.92274399|0.53449796|0.38549656|1.3916465|1.5202542|1.0832647|1.2085641|0.82195481|0.32439741|0.72365348|1.3924519|1.4479342|1.5234048|1.0295824|1.2453662|0.54592303|1.2730109|1.7872872|1.4408542|1.8546645|1.6987608,0.99999808|0.99689661|0.82667394|0.12420559|0.26360949|-0.10831678|0.1784039|-0.10645079|-0.42954264|-0.3425604,3.3897876112582965,False,138.06511799221678,378.9474146314701,633.0422723846486,1027.4331045594372,396.7353904823896,549.7175140559158,687.7819863808128,889.8596445853785,1935.7110227024614,3393.5028500181224,4937.931913630472,7352.088788090684,1.1920578271163817e-11,2.3009438822253787e-20,0.0028690403482157733,,True
PRI_CENTER_F0p666667,DECISION_GRADE_PHYSICAL_SCREEN,SINGLE_PULSE,12,2515871364.790735,9600000000.0,1794.34155865609,10127540748.51835,1988328821.9308023,2.384185791015625e-05,1.9678203236328307e-15,1.4458864914153076e-07,73.70303316968,0.2774981680420947,0.12291666666666666,0.722531494827453,0.08721827653407924,0.06017891757654462,0.030415553530464268,0.061407324293247335,0.030558185879904366,0.18867806727772105,0.030144614573296633,0.8522125,0.006370833333333333,0.999972701646609,0.9959152477873592,0.9953945216492448,1.6266061|0.36582455|0.094200993|0.024649514|0.0064608047|0.0016936002|0.00044393768|0.00011636497|3.0501171e-05|7.9948015e-06|2.0955472e-06|5.4927137e-07,2.1897308|0.56613003|0.14753102|0.038553292|0.010089648|0.0026425245|0.00069235753|0.0001814379|4.7552095e-05|1.2463321e-05|3.2667004e-06|8.5622959e-07,1.9681591|0.66928931|0.17869192|0.046760502|0.012231019|0.0032020378|0.00083876298|0.00021977872|5.7597154e-05|1.5095649e-05|3.956586e-06|1.0370474e-06,,nan,False,135.83663506813758,363.37596207372945,596.7343523933627,957.1060929157226,382.74619303688456,526.3729358600111,653.8240422157587,838.9814637699404,1918.2623015137392,3376.0534068624897,4920.482599019445,7334.639461293784,5.072290621561873e-13,2.2269122146548883e-20,0.0028358584132568243,,True
PRI_CENTER_F0p666667,DECISION_GRADE_PHYSICAL_SCREEN,STEP_ON_OFF,12,2515871364.790735,38400000000.0,1661805.552226466,34829712169.84485,6084497389.393764,-0.00010204315185546875,2.4939747939299608e-15,0.00013380024323974093,74.40645266954998,0.9497729757052642,0.3589791666666667,0.6821066892881076,0.08274227698029538,0.20321595870891582,0.0903888252714595,0.20491398356589427,0.08997067939098724,0.2940990297261984,0.035985842997649974,0.5816208333333334,0.029179166666666666,0.7093770670873246,0.6868071454896327,0.8570499523238524,0.21000842|0.054192294|1.4307812|1.7319476|1.8092218|1.8294346|0.41813475|0.10789124|0.028237863|0.007401433|0.0019401634|0.00050856678,0.32549257|0.084855091|1.8864175|2.3513182|2.4723855|2.5040116|0.64804862|0.16894079|0.044156714|0.011557256|0.0030270529|0.00079312713,0.38604228|0.10279525|1.6090154|2.1556475|2.3022465|2.3406106|0.76852637|0.20465842|0.053552939|0.014009337|0.0036678738|0.00096082626,,nan,False,135.83663506813758,363.37596207372945,596.7343523933627,957.1060929157226,382.74619303688456,526.3729358600111,653.8240422157587,838.9814637699404,1918.2623015137392,3376.0534068624897,4920.482599019445,7334.639461293784,5.072290621561873e-13,2.2269122146548883e-20,0.0028358584132568243,,True
PRI_CENTER_F0p666667,DECISION_GRADE_PHYSICAL_SCREEN,ALTERNATING_BINARY,12,2515871364.790735,57600000000.0,1071115855.2865043,50507402859.20984,8537352650.294393,-4.76837158203125e-06,7.931967837738168e-17,0.061661472730971806,73.70303316968,1.375650655695898,0.6638875,0.6718133333749533,0.08159553387914827,0.3114208817552558,0.08084869870735029,0.3134137302131018,0.07871788957239481,0.337282906082399,0.04114914640033775,0.2288,0.03309583333333333,-0.99540177324343,-0.9970436465867734,0.30177692664748645,1.6266061|0.36582455|1.5107986|0.33628177|1.5030758|0.3342577|1.5025452|0.33411862|1.5025088|0.33410906|1.5025063|0.33410841,2.1897308|0.56613003|2.0117693|0.51982823|1.9996798|0.51666571|1.9988517|0.51644877|1.9987949|0.51643387|1.9987909|0.51643284,1.9681591|0.66928931|1.7608087|0.61325456|1.7461412|0.60941992|1.7451376|0.60915709|1.7450687|0.60913905|1.745064|0.60913781,,nan,False,135.83663506813758,363.37596207372945,596.7343523933627,957.1060929157226,382.74619303688456,526.3729358600111,653.8240422157587,838.9814637699404,1918.2623015137392,3376.0534068624897,4920.482599019445,7334.639461293784,5.072290621561873e-13,2.2269122146548883e-20,0.0028358584132568243,,True
PRI_CENTER_F0p666667,DECISION_GRADE_PHYSICAL_SCREEN,FIXED_RANDOM,64,2515871364.790735,306282950400.0,3751383112.976361,261789242173.52136,43258196478.29354,-0.00057220458984375,1.853001208274017e-15,0.0242966716222089,71.29700359922218,1.3357017003623246,0.67174921875,0.6644582359997226,0.08077437287003879,0.3216652608945868,0.07674167426478477,0.3229546459004172,0.07527723265036282,0.32378410124196033,0.04409860743653159,0.236659375,0.02620703125,0.2832996484860912,0.27270241086802455,0.9218765791211219,1.5654204|1.2637171|0.77245684|1.1527923|0.98595799|1.0062302|1.2157972|1.5594107|1.2657268|0.48570079|1.3493872|0.50980826|1.3994371|0.94822209|0.33029131|0.99073578|1.3143181|1.6612676|1.0712639|0.39245771|0.51138755|0.13057858|1.0260236|0.34885603|0.18937937|1.1015397|0.60701456|0.2369211|0.8804092|0.44117891|0.16039007|0.78685135|1.041223|1.5573067|0.91976147|1.3095716|0.9829591|0.64024275|0.94344305|0.41967229|1.3730084|0.99705278|0.70271435|0.75631063|0.36607256|0.29128467|1.3222485|1.2597033|0.80897887|1.0161234|0.60056026|0.17823898|0.66773414|1.257005|1.1911939|1.2622863|0.75285398|1.0627917|0.31675034|1.1801071|1.5492181|1.114361|1.5977288|1.3584297,2.1092107|1.7446799|1.0850326|1.5600357|1.3580212|1.3774214|1.6537694|2.1165307|1.7479587|0.70779013|1.8043535|0.7403968|1.8715255|1.3199482|0.48671834|1.3235514|1.7805815|2.255375|1.4974654|0.57564471|0.69627674|0.19891321|1.3584491|0.5111211|0.26995044|1.4603747|0.85481062|0.34572718|1.1725682|0.62564891|0.23600302|1.0450534|1.4103421|2.1041847|1.2919884|1.7745886|1.3624521|0.89614207|1.2769801|0.60182011|1.8309817|1.3825409|0.97918265|1.0339062|0.52207855|0.40417287|1.7559588|1.7251526|1.1320437|1.3819649|0.84408602|0.26800788|0.88970715|1.6884052|1.6328551|1.7250079|1.058055|1.4405499|0.4727627|1.5723413|2.0991966|1.5480345|2.1635733|1.8716496,1.8998243|1.6626587|1.0740379|1.4203827|1.2875582|1.288029|1.5237307|1.9399257|1.6670485|0.75420519|1.5957527|0.78318209|1.6555766|1.2808066|0.52964029|1.1678959|1.6246166|2.0683227|1.4665446|0.62117184|0.64355082|0.22935708|1.1714909|0.54947633|0.27580163|1.2636046|0.84996034|0.36950534|1.0266332|0.63128632|0.25625078|0.90852889|1.2861329|1.9079194|1.2784128|1.6208585|1.3100421|0.88050228|1.1631829|0.62130735|1.6081276|1.3301148|0.95277614|0.96398766|0.53323197|0.38988624|1.5258437|1.6139827|1.1113534|1.2731756|0.83641667|0.30249756|0.77995797|1.5090378|1.5311101|1.60662|1.0483241|1.3166143|0.52607059|1.3781009|1.9160798|1.4956533|1.9726819|1.7757924,0.99999881|0.99827819|0.87164359|0.14402681|0.2842427|-0.098841076|0.19003724|-0.16469961|-0.4545034|-0.33117359,3.4882273323251223,False,135.83663506813758,363.37596207372945,596.7343523933627,957.1060929157226,382.74619303688456,526.3729358600111,653.8240422157587,838.9814637699404,1918.2623015137392,3376.0534068624897,4920.482599019445,7334.639461293784,5.072290621561873e-13,2.2269122146548883e-20,0.0028358584132568243,,True
PRI_CENTER_F1p0,DECISION_GRADE_PHYSICAL_SCREEN,SINGLE_PULSE,12,2096652594.0706604,9600000000.0,63.95493167208775,8744283984.037634,2952368546.0780888,5.7220458984375e-06,4.892037146882652e-16,2.48625112525635e-09,72.4447549486807,0.2387679552046409,0.10055833333333333,0.7163703628730386,0.08653891449035658,0.05126354917872639,0.02762150166714962,0.05231545030572303,0.027670854698685275,0.16713083417500751,0.02788530268000286,0.8810041666666667,0.005820833333333333,0.9999628168292911,0.9979985515615124,0.9966049121637396,1.2094928|0.20736783|0.04010105|0.0078478457|0.0015373759|0.00030117524|5.899866e-05|1.1557453e-05|2.2638606e-06|4.4358537e-07|8.6772316e-08|1.7118375e-08,2.0670932|0.40212535|0.078375596|0.015311476|0.0029954346|0.00058640805|0.00011483719|2.2491932e-05|4.4058098e-06|8.628207e-07|1.6921015e-07|3.2949396e-08,2.1474459|0.53807731|0.10684882|0.02088468|0.0040834587|0.00079913631|0.00015646963|3.064383e-05|6.0021931e-06|1.175649e-06|2.3034065e-07|4.5069769e-08,,nan,False,130.86502294165697,330.11030886959537,524.2167405167705,820.8089365988126,350.73594346831396,474.58627237360173,581.3633405063126,734.4815472000673,1881.0705549070935,3338.8614607430627,4883.290615439343,7297.447497790102,3.823117357662747e-12,2.4770990103253175e-20,0.002766408854243004,,True
PRI_CENTER_F1p0,DECISION_GRADE_PHYSICAL_SCREEN,STEP_ON_OFF,12,2096652594.0706604,38400000000.0,245500.54778134523,31054904754.81564,9441502338.707232,9.5367431640625e-06,2.354946039529901e-16,9.541816955781989e-06,72.95278286583634,0.8440147734096191,0.30606666666666665,0.6786247071366265,0.08235468342029281,0.17907114847336655,0.08692690259704935,0.1806323729385412,0.0864329065935567,0.2625830866488864,0.036622415550190246,0.6515541666666667,0.0262875,0.6878179207199779,0.6633279885718976,0.8565528115844713,0.11479667|0.022225533|1.0990461|1.2806905|1.3157564|1.3226178|0.2292659|0.044386899|0.008687437|0.0017018529|0.00033339549|6.5310319e-05,0.22277806|0.043430713|1.852801|2.2046701|2.2732246|2.2866145|0.44491847|0.086736592|0.016947252|0.0033156746|0.00064912173|0.00012712044,0.29864435|0.059211376|1.8603755|2.3299307|2.4233853|2.4416506|0.59641981|0.11825263|0.023114556|0.0045198645|0.00088458546|0.00017320462,,nan,False,130.86502294165697,330.11030886959537,524.2167405167705,820.8089365988126,350.73594346831396,474.58627237360173,581.3633405063126,734.4815472000673,1881.0705549070935,3338.8614607430627,4883.290615439343,7297.447497790102,3.823117357662747e-12,2.4770990103253175e-20,0.002766408854243004,,True
PRI_CENTER_F1p0,DECISION_GRADE_PHYSICAL_SCREEN,ALTERNATING_BINARY,12,2096652594.0706604,57600000000.0,714444527.9289765,45494672646.58775,13487535419.55404,-0.0001087188720703125,1.821188749218259e-15,0.019608687616796735,72.4447549486807,1.2352121772275844,0.5444583333333334,0.6703118985758868,0.08142802515223369,0.2728896790570729,0.08683464480113137,0.2748147066258819,0.08454163129594973,0.2997321114756223,0.041367731454535185,0.343025,0.030975,-0.9976470674614,-0.998583828637379,0.18805084645996034,1.2094928|0.20736783|1.1347972|0.19299015|1.1319845|0.19243916|1.1318766|0.19241802|1.1318725|0.19241721|1.1318723|0.19241718,2.0670932|0.40212535|1.9226907|0.37400612|1.9172003|0.3729323|1.9169901|0.37289114|1.916982|0.37288956|1.9169817|0.3728895,2.1474459|0.53807731|1.9556503|0.49975062|1.9481599|0.49828656|1.9478734|0.49823047|1.9478624|0.49822832|1.947862|0.49822824,,nan,False,130.86502294165697,330.11030886959537,524.2167405167705,820.8089365988126,350.73594346831396,474.58627237360173,581.3633405063126,734.4815472000673,1881.0705549070935,3338.8614607430627,4883.290615439343,7297.447497790102,3.823117357662747e-12,2.4770990103253175e-20,0.002766408854243004,,True
PRI_CENTER_F1p0,DECISION_GRADE_PHYSICAL_SCREEN,FIXED_RANDOM,64,2096652594.0706604,306282950400.0,3100192574.881683,236647693878.98468,68631716540.204994,-0.00064849853515625,2.1029229198687274e-15,0.007307705070088001,70.00669990748449,1.2035782210048502,0.59388359375,0.6628948569576821,0.08059963989909916,0.2870353683499794,0.07959334039032649,0.2883741787356619,0.07782965111343843,0.2900244633943008,0.04407240633253156,0.32569140625,0.0241421875,0.21813174470870222,0.20870324536712395,0.9115684314473413,1.1622107|0.90363183|0.52954097|0.84433881|0.70562479|0.72524441|0.88744524|1.1447769|0.90228191|0.30725052|1.0073869|0.33271844|1.0464943|0.66957571|0.20257866|0.74006146|0.97082343|1.2211999|0.74736559|0.24169991|0.36512994|0.073870697|0.78129341|0.226611|0.12206123|0.83810313|0.42273804|0.1478276|0.66265397|0.3022318|0.09714656|0.59540657|0.77078534|1.1542141|0.6375995|0.95807145|0.695337|0.44062171|0.69098386|0.27823009|1.0333978|0.71004914|0.48906962|0.54391936|0.24355163|0.20128177|1.0047551|0.9174627|0.56187411|0.73816204|0.41299371|0.10184202|0.50050775|0.94158629|0.8638484|0.91479792|0.51756387|0.77625362|0.19235516|0.88686042|1.1450071|0.78751018|1.1730042|0.97224234,1.9874335|1.5731525|0.93264411|1.4466304|1.2257711|1.2533872|1.5272885|1.9677899|1.5704952|0.55805812|1.7118288|0.60411989|1.7789394|1.1733649|0.37158869|1.2565993|1.6675849|2.1001121|1.3128959|0.44112657|0.62672616|0.14046824|1.3200492|0.41530104|0.21657669|1.4176207|0.74822899|0.26845947|1.1234446|0.5377556|0.17764536|1.0077834|1.3242038|1.9784752|1.1247784|1.6432462|1.2134805|0.77360825|1.1841225|0.49900593|1.7540472|1.2408946|0.85596773|0.93844916|0.43437502|0.35040561|1.7017935|1.5889756|0.98744069|1.2691449|0.72827002|0.19042413|0.84827987|1.6079215|1.4964209|1.5796576|0.91247756|1.3314166|0.35810056|1.5036346|1.9673055|1.3771192|2.0117543|1.6894254,2.0675924|1.7068003|1.0388558|1.5122205|1.323366|1.3373156|1.6134355|2.0727527|1.7032846|0.66317037|1.7538308|0.7169479|1.8242195|1.2919712|0.45034054|1.2849965|1.7533448|2.2144639|1.4537713|0.52943804|0.65824548|0.1818479|1.3330359|0.50185958|0.24540965|1.4355492|0.84198886|0.31906147|1.1443782|0.6120359|0.21409157|1.0223277|1.3928138|2.0700456|1.2569501|1.7221763|1.3239789|0.85579167|1.2383896|0.5776744|1.7918945|1.3579332|0.94023756|0.99747767|0.49708527|0.38039074|1.7290854|1.7033087|1.094487|1.3378614|0.8132343|0.23939323|0.86347244|1.6669207|1.6049969|1.6820619|1.0185314|1.3954224|0.44611046|1.5319209|2.0697614|1.509369|2.1078937|1.8251935,0.99999984|0.99959371|0.93627233|0.18719799|0.3152097|-0.060755635|0.18793667|-0.29050654|-0.47854011|-0.3240208,3.62621024753701,False,130.86502294165697,330.11030886959537,524.2167405167705,820.8089365988126,350.73594346831396,474.58627237360173,581.3633405063126,734.4815472000673,1881.0705549070935,3338.8614607430627,4883.290615439343,7297.447497790102,3.823117357662747e-12,2.4770990103253175e-20,0.002766408854243004,,True
PRI_CENTER_F2p0,DECISION_GRADE_PHYSICAL_SCREEN,SINGLE_PULSE,12,1013309360.2270513,9600000000.0,1.4421759567636903e-05,5798421534.578992,4814887825.648031,1.239776611328125e-05,1.168133867815196e-15,-8.684347619902015e-09,68.31883496728335,0.1560601348422425,0.059929166666666665,0.6814053901737972,0.08266423886465059,0.03190954550786723,0.01942535136981565,0.03250201119238904,0.019161514289750308,0.11406023980567226,0.017455268901537844,0.9310958333333333,0.0048916666666666666,0.9999919406061589,0.9999887836264396,0.9993604020775033,0.33825013|0.015847379|0.00081228429|4.1861457e-05|2.1577605e-06|1.1123087e-07|5.7192947e-09|3.0878936e-10|1.8167606e-12|1.422794e-11|-1.3419891e-11|1.347568e-11,1.1379018|0.058720547|0.0030134603|0.00015499825|7.9823315e-06|4.112473e-07|2.1238179e-08|1.0491692e-09|9.978334e-11|-4.0681882e-11|4.3789327e-11|-4.3675014e-11,1.8703985|0.1176756|0.0060905656|0.00031310485|1.6117516e-05|8.3027989e-07|4.2807175e-08|2.1838964e-09|1.3496815e-10|-1.551145e-11|2.169837e-11|-2.140197e-11,,nan,True,113.8249947966805,239.08799897522664,350.5856814699396,516.055249220533,257.9514942823957,334.72711720564564,397.1322220718078,483.7695859201631,1781.920120635898,3239.711039169149,4784.140136606662,7198.297034693539,5.677762592682237e-13,2.944601594088973e-20,0.002589460975262759,NUMERICAL_OR_MASS_BALANCE,False
PRI_CENTER_F2p0,DECISION_GRADE_PHYSICAL_SCREEN,STEP_ON_OFF,12,1013309360.2270513,38400000000.0,40.70258983374935,22137439866.78887,17275869452.735615,-2.6702880859375e-05,6.775092295680591e-16,1.8221113258648958e-10,68.43432311278573,0.5935562392907162,0.20939583333333334,0.6563286409571971,0.07986503274720676,0.12276349772495478,0.06789645931506982,0.1239600991175003,0.06671816930432745,0.1844724825082997,0.026973460774094023,0.7685166666666666,0.0201,0.6311977432362043,0.6194932601306979,0.8491439832000424,0.0081321326|0.00041688435|0.33013948|0.3455496|0.34633935|0.34638005|0.01626415|0.00083376285|4.296858e-05|2.2148251e-06|1.1417205e-07|5.8709105e-09,0.030133523|0.0015465039|1.1078479|1.1649465|1.1678765|1.1680272|0.060266629|0.003092986|0.00015909382|8.1933566e-06|4.2212258e-07|2.1798602e-08,0.060400614|0.003125627|1.8101586|1.9245561|1.9304782|1.9307826|0.12080038|0.0062512101|0.0003213744|1.6543529e-05|8.5223296e-07|4.3938541e-08,,nan,False,113.8249947966805,239.08799897522664,350.5856814699396,516.055249220533,257.9514942823957,334.72711720564564,397.1322220718078,483.7695859201631,1781.920120635898,3239.711039169149,4784.140136606662,7198.297034693539,5.677762592682237e-13,2.944601594088973e-20,0.002589460975262759,NUMERICAL_OR_MASS_BALANCE,False
PRI_CENTER_F2p0,DECISION_GRADE_PHYSICAL_SCREEN,ALTERNATING_BINARY,12,1013309360.2270513,57600000000.0,106823655.28169206,32994437403.511665,25512048301.433712,-1.9073486328125e-05,3.2541220648202474e-16,0.0003150830686262144,68.31883496728335,0.8841801981854588,0.32884583333333334,0.6527486676311554,0.0794640221261753,0.18145409434042545,0.08428959059801824,0.18302668133965608,0.08156148735640927,0.20694279574408936,0.02908335854781298,0.6181291666666666,0.028120833333333334,-0.9998690157942982,-0.9998782533282297,-0.20076371464623033,0.33825013|0.015847379|0.33093028|0.015472357|0.33091096|0.01547136|0.3309109|0.015471358|0.3309109|0.015471358|0.3309109|0.015471358,1.1379018|0.058720547|1.1107818|0.057329041|1.1107102|0.057325356|1.11071|0.057325346|1.11071|0.057325346|1.11071|0.057325346,1.8703985|0.1176756|1.8160885|0.11486308|1.8159439|0.11485564|1.8159435|0.11485562|1.8159435|0.11485562|1.8159435|0.11485562,,nan,False,113.8249947966805,239.08799897522664,350.5856814699396,516.055249220533,257.9514942823957,334.72711720564564,397.1322220718078,483.7695859201631,1781.920120635898,3239.711039169149,4784.140136606662,7198.297034693539,5.677762592682237e-13,2.944601594088973e-20,0.002589460975262759,NUMERICAL_OR_MASS_BALANCE,False
PRI_CENTER_F2p0,DECISION_GRADE_PHYSICAL_SCREEN,FIXED_RANDOM,64,1013309360.2270513,306282950400.0,1451239173.017312,173610767495.40262,132234253091.80614,0.0009613037109375,3.128263623148466e-15,0.0001452807966793096,65.84211687800696,0.8715530420761514,0.422078125,0.6469284425101535,0.07881132316201021,0.19845761625790628,0.07294353273892988,0.19976160508303475,0.07008361923435384,0.2035288084992914,0.03142712499415644,0.5126828125,0.01998984375,0.06641379539573361,0.06031528533597758,0.8748363943909058,0.32399168|0.22755869|0.12284823|0.23223282|0.17990772|0.19011214|0.23864444|0.3102266|0.22713212|0.055868988|0.28961026|0.062077549|0.3003248|0.16213346|0.033281807|0.21355545|0.26472063|0.33025368|0.17735773|0.041582211|0.098780406|0.007940998|0.23177077|0.039213943|0.026172864|0.2474261|0.096143792|0.026532673|0.1929891|0.066165321|0.016195202|0.17496198|0.21011682|0.3178788|0.14733573|0.26189766|0.17225176|0.10430854|0.18990948|0.056981753|0.29927538|0.17503998|0.11823496|0.14371998|0.051808407|0.050035657|0.29475063|0.23895386|0.13263828|0.19901777|0.095486413|0.013217879|0.1458311|0.26508956|0.22428347|0.24117029|0.11963227|0.21216621|0.027674047|0.25799099|0.31184445|0.19261881|0.32118855|0.24739158,1.0900551|0.76892165|0.41598457|0.78132427|0.60751685|0.64091386|0.8039347|1.044935|0.76727084|0.19121592|0.97276972|0.2130491|1.0088311|0.54897971|0.11435779|0.71718|0.89180849|1.1125675|0.60057371|0.1424625|0.3321693|0.028265015|0.77788528|0.13537712|0.088488098|0.83071225|0.32667251|0.090627097|0.64805014|0.22518502|0.055443415|0.58738555|0.70794385|1.0701459|0.49962283|0.88127766|0.58231273|0.35286237|0.63899332|0.19432424|1.0052178|0.5922722|0.39964367|0.48422421|0.1762106|0.16876212|0.98990896|0.80667186|0.44902053|0.67002637|0.32368454|0.045932098|0.48958568|0.89193816|0.75696628|0.81297628|0.40540675|0.71393592|0.096342111|0.86620385|1.0506663|0.65148359|1.080978|0.83543016,1.7922211|1.2771702|0.69439605|1.2845836|1.0075522|1.0588194|1.3258113|1.7226963|1.2736212|0.3271101|1.593101|0.36666886|1.6524471|0.91623933|0.19736483|1.1740143|1.4708242|1.8348814|1.0025463|0.24427398|0.54547828|0.052525096|1.2715503|0.23603515|0.14719636|1.3590057|0.54960554|0.15434274|1.0606003|0.38029924|0.094912108|0.96080421|1.1679268|1.7620554|0.83678444|1.4495067|0.96828106|0.58769138|1.0508153|0.32971335|1.6461724|0.98690584|0.66432307|0.79882872|0.29716666|0.2791241|1.6206525|1.3369233|0.74909001|1.1033642|0.54167288|0.081251365|0.80083025|1.4666916|1.2538529|1.3428101|0.67793955|1.1742768|0.17105081|1.4171695|1.7332263|1.0845467|1.778696|1.385669,1|0.99996717|0.98813671|0.31356026|0.31306481|0.076230617|0.19272424|-0.63273863|-0.47685965|-0.3452386,3.8836838095725046,False,113.8249947966805,239.08799897522664,350.5856814699396,516.055249220533,257.9514942823957,334.72711720564564,397.1322220718078,483.7695859201631,1781.920120635898,3239.711039169149,4784.140136606662,7198.297034693539,5.677762592682237e-13,2.944601594088973e-20,0.002589460975262759,NUMERICAL_OR_MASS_BALANCE,False
PRI_CENTER_F3p333333,DECISION_GRADE_PHYSICAL_SCREEN,SINGLE_PULSE,12,229923233.87804565,9600000000.0,-2.325368320473546e-17,3893312514.713348,5936610719.164693,4.76837158203125e-06,4.850873672743891e-16,-1.1242473554973558e-08,62.659771187865395,0.10263019994201078,0.03230416666666667,0.6033542869031719,0.07389521440783683,0.019431856032693474,0.01315507545657046,0.01962272896361965,0.01260676311946254,0.07449526439478074,0.009207458418507933,0.9631666666666666,0.004395833333333333,0.9999999594526794,0.9999999999558936,0.9999909421476826,0.028682237|8.698088e-05|2.8162355e-07|9.1523083e-10|4.6090964e-12|1.7516253e-12|1.7826522e-12|1.8653721e-12|1.8972581e-12|1.9098941e-12|1.9154563e-12|1.9185058e-12,0.21798229|0.00070847418|2.2895148e-06|7.4069909e-09|1.1979001e-11|-1.2716916e-11|-1.3093019e-11|-1.3701074e-11|-1.3935276e-11|-1.4028087e-11|-1.4068941e-11|-1.409134e-11,0.65939097|0.0024738007|8.0167198e-06|2.594319e-08|7.1439109e-11|-1.3190338e-11|-1.3776303e-11|-1.4416736e-11|-1.4663174e-11|-1.4760833e-11|-1.4803821e-11|-1.4827389e-11,,nan,True,90.44582528836428,161.34894067774934,222.540688165532,311.0177941678735,177.15465012797245,222.9461611226404,258.80550714637394,306.9945134311406,1695.9176785123084,3153.708596705047,4698.137693212823,7112.294591555215,1.3619477771689352e-12,3.710478531206289e-20,0.0024451703040818742,NUMERICAL_OR_MASS_BALANCE,False
PRI_CENTER_F3p333333,DECISION_GRADE_PHYSICAL_SCREEN,STEP_ON_OFF,12,229923233.87804565,38400000000.0,5.795506390516644e-07,15449930587.433626,23179992646.44437,4.9591064453125e-05,1.2837474243188283e-15,-1.1242058210816086e-08,62.66607027316799,0.4066557504158142,0.12970416666666668,0.5958849476570957,0.07304723813894691,0.07769880831402627,0.04825716382728368,0.07827525597046488,0.04602955968667053,0.12137929934745119,0.015054948727298529,0.8515666666666667,0.017683333333333332,0.6087211160077078,0.6083055329392971,0.8475482312972223,4.3560959e-05|1.4103935e-07|0.028638677|0.028725516|0.028725797|0.028725798|8.712192e-05|2.8208119e-07|9.1671412e-10|4.6121695e-12|1.7498693e-12|1.7808587e-12,0.00035481041|1.1466239e-06|0.21762748|0.2183348|0.21833709|0.2183371|0.0007096208|2.2932295e-06|7.4190498e-09|1.2030897e-11|-1.2703777e-11|-1.3079845e-11,0.0012389078|4.0148686e-06|0.65815207|0.66062185|0.66062985|0.66062988|0.0024778156|8.0297179e-06|2.5985344e-08|7.1589289e-11|-1.3176202e-11|-1.376244e-11,,nan,True,90.44582528836428,161.34894067774934,222.540688165532,311.0177941678735,177.15465012797245,222.9461611226404,258.80550714637394,306.9945134311406,1695.9176785123084,3153.708596705047,4698.137693212823,7112.294591555215,1.3619477771689352e-12,3.710478531206289e-20,0.0024451703040818742,NUMERICAL_OR_MASS_BALANCE,False
PRI_CENTER_F3p333333,DECISION_GRADE_PHYSICAL_SCREEN,ALTERNATING_BINARY,12,229923233.87804565,57600000000.0,1614691.6427216309,23154063708.59034,34674244833.6451,-0.0001220703125,2.110850329271897e-15,3.1910840537268766e-07,62.659771187865395,0.6093306545699845,0.19280416666666667,0.5950351245607537,0.07295066134953376,0.11573665575032845,0.06740446346961117,0.1165638724879499,0.06390724446306523,0.1370712169934729,0.01653179123434583,0.7803333333333333,0.0261875,-0.999999522674177,-0.9999986561626868,-0.4088761150938399,0.028682237|8.698088e-05|0.028638958|8.6840754e-05|0.028638957|8.6840752e-05|0.028638957|8.6840752e-05|0.028638957|8.6840752e-05|0.028638957|8.6840752e-05,0.21798229|0.00070847418|0.21762976|0.00070733498|0.21762976|0.00070733497|0.21762976|0.00070733497|0.21762976|0.00070733497|0.21762976|0.00070733497,0.65939097|0.0024738007|0.65816008|0.0024698118|0.65816006|0.0024698118|0.65816006|0.0024698118|0.65816006|0.0024698118|0.65816006|0.0024698118,,nan,False,90.44582528836428,161.34894067774934,222.540688165532,311.0177941678735,177.15465012797245,222.9461611226404,258.80550714637394,306.9945134311406,1695.9176785123084,3153.708596705047,4698.137693212823,7112.294591555215,1.3619477771689352e-12,3.710478531206289e-20,0.0024451703040818742,NUMERICAL_OR_MASS_BALANCE,False
PRI_CENTER_F3p333333,DECISION_GRADE_PHYSICAL_SCREEN,FIXED_RANDOM,64,229923233.87804565,306282950400.0,324029774.9056993,122885784593.94653,183303059265.02573,9.1552734375e-05,2.9869131853938847e-16,9.225726871820274e-07,60.331972939257554,0.6061370940741923,0.25163203125,0.5932369718748618,0.07274624680349683,0.1288806377515727,0.06045459174677831,0.12957247691296286,0.05651575312053431,0.13508251712079597,0.017832891431513575,0.697046875,0.01755703125,0.013488788943052341,-0.0015116060387077807,0.8417533032749681,0.027445275|0.018507607|0.0097848671|0.019674181|0.014723181|0.015803632|0.019976783|0.026002414|0.018520849|0.0039762382|0.024905837|0.0042854947|0.025810014|0.012924802|0.0022635447|0.018395451|0.022154443|0.027640278|0.014126057|0.0029249615|0.0084064539|0.0003130533|0.020073717|0.0025227927|0.002114982|0.021364452|0.0074017263|0.0019298504|0.016638827|0.0050074083|0.0011483406|0.015115026|0.017564283|0.026774929|0.01157012|0.022152177|0.013945767|0.0083880694|0.016074472|0.0042200563|0.025741249|0.014048633|0.0095845638|0.012014501|0.0039459886|0.0041399802|0.025379149|0.019610741|0.010591869|0.016755226|0.007525049|0.00077866026|0.012598257|0.02244387|0.018447679|0.020063819|0.0094571998|0.01794516|0.0015926608|0.02227018|0.026074226|0.015520049|0.027124287|0.020238186,0.20858252|0.14068617|0.074386601|0.1495218|0.11191515|0.12011739|0.15183126|0.1976274|0.1407844|0.030246411|0.18926793|0.032607044|0.19613936|0.098259295|0.017222257|0.13979218|0.16838376|0.21007726|0.10739075|0.022250402|0.063886128|0.0023928373|0.15254222|0.019204135|0.01607609|0.1623536|0.05628166|0.014677341|0.12644291|0.03807923|0.0087346229|0.11486214|0.13349735|0.20349381|0.087966562|0.16835524|0.10601163|0.063764675|0.12216502|0.032095149|0.1956167|0.10679926|0.072857097|0.091314978|0.030005765|0.03146656|0.19286494|0.14906554|0.080520899|0.12734178|0.057211167|0.0059295631|0.095736402|0.17057354|0.14022248|0.15249704|0.071899208|0.13638229|0.012132469|0.16923543|0.1981769|0.11798122|0.20614522|0.15383644,0.63096406|0.42578201|0.22517478|0.45229897|0.33868257|0.36343075|0.45935275|0.59789827|0.42606245|0.091685551|0.57243271|0.098898266|0.59321695|0.29745516|0.052233105|0.42278764|0.50944094|0.63557446|0.32509183|0.06745317|0.19323914|0.0073335261|0.46132395|0.058309195|0.048646728|0.49101645|0.17045447|0.044472949|0.38241272|0.11535187|0.026473238|0.34738095|0.4038991|0.61561168|0.26633892|0.50927596|0.32085767|0.19299912|0.36955007|0.097248228|0.59163553|0.32328104|0.22049775|0.27626675|0.090882609|0.095207212|0.58331266|0.45109914|0.24373894|0.38523116|0.17321231|0.018019207|0.28953638|0.51599635|0.42432197|0.46139675|0.21767032|0.41255851|0.036898416|0.5118226|0.59958651|0.35710158|0.62360655|0.46554754,1|0.99998001|-0.0015214776|0.20835556|0.27084456|-0.050109691|-0.14922086|-0.47981209|0.0013199022|-0.14375097,2.480500034176124,False,90.44582528836428,161.34894067774934,222.540688165532,311.0177941678735,177.15465012797245,222.9461611226404,258.80550714637394,306.9945134311406,1695.9176785123084,3153.708596705047,4698.137693212823,7112.294591555215,1.3619477771689352e-12,3.710478531206289e-20,0.0024451703040818742,NUMERICAL_OR_MASS_BALANCE,False
PRI_CENTER_F8p0,DECISION_GRADE_PHYSICAL_SCREEN,SINGLE_PULSE,12,7845.734356120172,9600000000.0,5.0358556268191485e-18,1832396021.0450315,7767611824.689323,9.5367431640625e-07,9.934099343783383e-17,-1.5233698656078964e-08,46.89121147999998,0.04761047843382197,0.013416666666666667,0.42805432706220903,0.053575782006600646,0.008450519096608017,0.006129397600465478,0.008487436225007196,0.005503102639080008,0.0333334612321159,0.0030472985486909637,0.9851291666666666,0.0030708333333333334,1.0,1.0,0.9999999999997072,3.086955e-08|4.4658028e-13|4.7344425e-13|4.9799869e-13|5.2032005e-13|5.4041061e-13|5.58286e-13|5.7397861e-13|5.875356e-13|5.9901573e-13|6.0848568e-13|6.1601669e-13,2.225166e-06|-3.1155697e-11|-3.3023448e-11|-3.4735907e-11|-3.6292836e-11|-3.7694172e-11|-3.8940998e-11|-4.0035573e-11|-4.0981187e-11|-4.1781937e-11|-4.2442476e-11|-4.2967771e-11,4.1688598e-05|-2.6803289e-10|-2.8407874e-10|-2.9880893e-10|-3.1220208e-10|-3.2425679e-10|-3.3498237e-10|-3.4439824e-10|-3.525327e-10|-3.5942099e-10|-3.6510315e-10|-3.696219e-10,,nan,True,41.63561172715316,64.71608663933493,83.65636301532071,109.61245589336501,75.85168383656838,95.48492438534613,112.4150068499015,137.13171413125988,1586.9351249697013,3044.726045594942,4589.1551487447305,7003.312045261733,9.824883504894745e-13,5.681677545511904e-20,0.00227381660203214,NUMERICAL_OR_MASS_BALANCE|KNOWN_DEAD_FLOW_ANCHOR,False
PRI_CENTER_F8p0,DECISION_GRADE_PHYSICAL_SCREEN,STEP_ON_OFF,12,7845.734356120172,38400000000.0,1.7030714341722467e-17,7329583023.433691,31070424822.300694,-2.6702880859375e-05,6.9538738030079e-16,-1.523615215096865e-08,46.89121147552293,0.19044186098093419,0.05366666666666667,0.4280538901899756,0.05357573025665014,0.033802077080152204,0.02366065539979592,0.033949686972260994,0.021147978464887765,0.05408981015485923,0.005143604782620362,0.9405166666666667,0.012283333333333334,0.6071428572502359,0.6071428584128542,0.8551324756550706,-2.9676103e-14|-8.233867e-13|3.086955e-08|3.0869551e-08|3.0869551e-08|3.086955e-08|4.4583838e-13|4.731003e-13|4.9810921e-13|5.2093502e-13|5.4157291e-13|5.6003118e-13,2.0709038e-12|5.7432457e-11|2.225166e-06|2.225166e-06|2.225166e-06|2.225166e-06|-3.110394e-11|-3.2999458e-11|-3.4743616e-11|-3.6335731e-11|-3.7775244e-11|-3.9062726e-11,1.7819242e-11|4.9405317e-10|4.1688598e-05|4.1688598e-05|4.1688598e-05|4.1688598e-05|-2.6758763e-10|-2.8387237e-10|-2.9887524e-10|-3.1257106e-10|-3.249542e-10|-3.3602951e-10,,nan,True,41.63561172715316,64.71608663933493,83.65636301532071,109.61245589336501,75.85168383656838,95.48492438534613,112.4150068499015,137.13171413125988,1586.9351249697013,3044.726045594942,4589.1551487447305,7003.312045261733,9.824883504894745e-13,5.681677545511904e-20,0.00227381660203214,NUMERICAL_OR_MASS_BALANCE|KNOWN_DEAD_FLOW_ANCHOR,False
PRI_CENTER_F8p0,DECISION_GRADE_PHYSICAL_SCREEN,ALTERNATING_BINARY,12,7845.734356120172,57600000000.0,3.752793376092073e-06,10994374358.359442,46605633487.3749,1.52587890625e-05,2.649094962515705e-16,-1.523645107963137e-08,46.89121148062969,0.28566278267901224,0.0805,0.42805384195752805,0.053575724543247626,0.050703112844275,0.03463404678777653,0.0509245178671655,0.030857522875539462,0.0615652759441547,0.0058799923930601605,0.910775,0.018425,-0.9999999999999999,-1.0,-0.27848882540142206,3.086955e-08|4.4658028e-13|3.086955e-08|4.4574558e-13|3.0869551e-08|4.4738923e-13|3.086955e-08|4.463407e-13|3.086955e-08|4.4600685e-13|3.086955e-08|4.4605498e-13,2.225166e-06|-3.1155697e-11|2.225166e-06|-3.1097467e-11|2.225166e-06|-3.1212133e-11|2.225166e-06|-3.1138983e-11|2.225166e-06|-3.1115689e-11|2.225166e-06|-3.1119051e-11,4.1688598e-05|-2.6803289e-10|4.1688598e-05|-2.6753194e-10|4.1688598e-05|-2.6851841e-10|4.1688598e-05|-2.678891e-10|4.1688598e-05|-2.6768868e-10|4.1688598e-05|-2.6771762e-10,,nan,True,41.63561172715316,64.71608663933493,83.65636301532071,109.61245589336501,75.85168383656838,95.48492438534613,112.4150068499015,137.13171413125988,1586.9351249697013,3044.726045594942,4589.1551487447305,7003.312045261733,9.824883504894745e-13,5.681677545511904e-20,0.00227381660203214,NUMERICAL_OR_MASS_BALANCE|KNOWN_DEAD_FLOW_ANCHOR,False
PRI_CENTER_F8p0,DECISION_GRADE_PHYSICAL_SCREEN,FIXED_RANDOM,64,7845.734356120172,306282950400.0,11043.67137205043,58461619786.16149,247821327415.902,-0.000518798828125,1.6938546992508857e-15,1.652321371828726e-14,45.14648330700152,0.2848100068347235,0.109175,0.4280537371197251,0.05357571212462468,0.05851933064787265,0.03403118823775148,0.058786093641924074,0.029926674624794203,0.06180464392144031,0.00667652523973872,0.872653125,0.011846875,0.009916350499633887,0.003291442993615488,0.8397287051041957,2.9536234e-08|1.9859593e-08|1.0486592e-08|2.117476e-08|1.5805779e-08|1.6986569e-08|2.1481264e-08|2.7962629e-08|1.9878578e-08|4.2254621e-09|2.6832928e-08|4.5379534e-09|2.7806522e-08|1.3847264e-08|2.3976403e-09|1.9821006e-08|2.3820093e-08|2.9720957e-08|1.5136096e-08|3.106664e-09|9.051748e-09|3.1001718e-10|2.1636383e-08|2.6537531e-09|2.2715083e-09|2.3021777e-08|7.9084961e-09|2.0560077e-09|1.7928645e-08|5.3431206e-09|1.2214614e-09|1.6288702e-08|1.8883098e-08|2.8803206e-08|1.2383895e-08|2.3839943e-08|1.4959707e-08|8.9959051e-09|1.7299214e-08|4.4962797e-09|2.773262e-08|1.505886e-08|1.0285262e-08|1.291908e-08|4.2141331e-09|4.4496051e-09|2.7342583e-08|2.1055419e-08|1.1352852e-08|1.8025791e-08|8.0564845e-09|8.1476314e-10|1.3577093e-08|2.4151014e-08|1.9811344e-08|2.1566433e-08|1.0128322e-08|1.9312123e-08|1.6580997e-09|2.3999754e-08|2.8032548e-08|1.6643794e-08|2.9186452e-08|2.1726028e-08,2.1290565e-06|1.4315355e-06|7.5590077e-07|1.5263365e-06|1.1393241e-06|1.224439e-06|1.5484302e-06|2.0156264e-06|1.432904e-06|3.0457805e-07|1.9341942e-06|3.2710349e-07|2.0043737e-06|9.9814821e-07|1.7282409e-07|1.4287541e-06|1.71702e-06|2.1423719e-06|1.0910513e-06|2.2393087e-07|6.5247261e-07|2.2338963e-08|1.5596116e-06|1.9128274e-07|1.6373199e-07|1.6594749e-06|5.7006345e-07|1.4819813e-07|1.2923467e-06|3.8514273e-07|8.8039922e-08|1.1741346e-06|1.3611467e-06|2.0762177e-06|8.9266407e-07|1.7184507e-06|1.0783367e-06|6.4844727e-07|1.2469756e-06|3.240995e-07|1.9990467e-06|1.0854839e-06|7.4138821e-07|9.312418e-07|3.0376141e-07|3.2073504e-07|1.9709317e-06|1.517734e-06|8.183435e-07|1.2993493e-06|5.8073091e-07|5.8722796e-08|9.7867357e-07|1.7408738e-06|1.4280576e-06|1.5545694e-06|7.300754e-07|1.3920721e-06|1.195157e-07|1.7299704e-06|2.0206664e-06|1.1997307e-06|2.1038431e-06|1.5660735e-06,3.9887983e-05|2.6819896e-05|1.4161854e-05|2.8595997e-05|2.1345304e-05|2.2939936e-05|2.9009923e-05|3.7762865e-05|2.6845535e-05|5.7063123e-06|3.6237228e-05|6.1283267e-06|3.7552045e-05|1.8700369e-05|3.2378917e-06|2.6767786e-05|3.2168461e-05|4.0137448e-05|2.0440912e-05|4.1953882e-06|1.2224125e-05|4.1856139e-07|2.9219409e-05|3.5837288e-06|3.0675515e-06|3.1090351e-05|1.0680186e-05|2.7765235e-06|2.4212189e-05|7.2156924e-06|1.649465e-06|2.1997481e-05|2.550116e-05|3.8898045e-05|1.672412e-05|3.2195266e-05|2.0202703e-05|1.214871e-05|2.3362159e-05|6.072047e-06|3.7452243e-05|2.0336607e-05|1.3889961e-05|1.7446876e-05|5.6910125e-06|6.0090137e-06|3.6925507e-05|2.8434829e-05|1.5331721e-05|2.4343383e-05|1.0880041e-05|1.1002129e-06|1.8335511e-05|3.2615363e-05|2.6754737e-05|2.9124942e-05|1.3678016e-05|2.6080548e-05|2.2391572e-06|3.2411088e-05|3.7857289e-05|2.2477025e-05|3.9415609e-05|2.9340472e-05,0.91020016|-0.26066249|-0.66475466|-0.041644807|0.23075273|-0.16992357|0.046283163|0.019642819|-0.0030145867|-0.30711757,1.2068788790013938,False,41.63561172715316,64.71608663933493,83.65636301532071,109.61245589336501,75.85168383656838,95.48492438534613,112.4150068499015,137.13171413125988,1586.9351249697013,3044.726045594942,4589.1551487447305,7003.312045261733,9.824883504894745e-13,5.681677545511904e-20,0.00227381660203214,NUMERICAL_OR_MASS_BALANCE|KNOWN_DEAD_FLOW_ANCHOR,False
PRI_UPSTREAM_CENTER_F0p0,DECISION_GRADE_PHYSICAL_SCREEN,SINGLE_PULSE,12,3220247566.9440455,9600000000.0,97766.40885388973,12820149800.53515,0.0,4.1961669921875e-05,3.2730779731640843e-15,3.229881908631701e-05,76.09257751866413,0.3528192023105044,0.138225,0.8907032474504949,0.10537939801772826,0.07043553434483057,0.03633787501706018,0.07187202132591614,0.03681820808693373,0.2080012258374284,0.04846196988309478,0.8232791666666667,0.01265,1.0,0.9825755194055898,0.9930638667727392,3.2171765|0.97541158|0.31600045|0.10684485|0.0372586|0.01327821|0.0048024965|0.0017540065|0.00064467175|0.00023790268|8.8017927e-05|3.2616945e-05,1.2477411|0.55784019|0.22097454|0.084896026|0.032170463|0.012097638|0.0045285155|0.001690419|0.00062991372|0.00023447748|8.7222968e-05|3.2432442e-05,0.28098049|0.27940179|0.15375728|0.069151317|0.028508102|0.011247175|0.0043311043|0.0016446001|0.00061927949|0.00023200936|8.665014e-05|3.2299494e-05,,nan,False,177.24129067024526,439.54296783823565,733.9472164778645,1211.8099889552013,483.45659515661833,652.6119840487322,808.1500881723728,1043.7253117783669,2008.7895529081081,3466.588096616113,5011.017148536967,7425.174059485287,3.247056515464155e-14,3.243814647595526e-26,0.0030122915479103927,,True
PRI_UPSTREAM_CENTER_F0p0,DECISION_GRADE_PHYSICAL_SCREEN,STEP_ON_OFF,12,3220247566.9440455,38400000000.0,16650732.886882199,41603596834.057236,0.0,-6.866455078125e-05,1.6497871780028837e-15,0.00524364476237208,77.42772270705319,1.139340180023821,0.38507916666666664,0.8631909734201136,0.10245791080606677,0.21736644569183106,0.09723488985755169,0.21908440390232506,0.09711175646237728,0.31328449554619753,0.06156898295606937,0.5140958333333333,0.057075,0.739946356945202,0.7280006903244526,0.8711673931232985,0.58289695|0.19038232|2.6990437|3.4419923|3.6786535|3.757645|1.1506518|0.37528279|0.12752499|0.044630382|0.015944889|0.0057765458,0.34725143|0.13666266|0.95284047|1.3414728|1.4977316|1.5581651|0.68066031|0.26814509|0.1027682|0.038890717|0.014613113|0.0054674723,0.18900086|0.098599927|0.1354222|0.29051532|0.39005576|0.43718563|0.36509538|0.19223693|0.085002221|0.034758998|0.013653702|0.0052447747,,nan,False,177.24129067024526,439.54296783823565,733.9472164778645,1211.8099889552013,483.45659515661833,652.6119840487322,808.1500881723728,1043.7253117783669,2008.7895529081081,3466.588096616113,5011.017148536967,7425.174059485287,3.247056515464155e-14,3.243814647595526e-26,0.0030122915479103927,,True
PRI_UPSTREAM_CENTER_F0p0,DECISION_GRADE_PHYSICAL_SCREEN,ALTERNATING_BINARY,12,3220247566.9440455,57600000000.0,1744818139.0471315,59075429427.89694,0.0,-3.0517578125e-05,5.017667527809666e-16,0.18668473385934808,76.09257751866413,1.6154338042123493,0.6660833333333334,0.8551364524477403,0.10159899904484943,0.3458158836436541,0.0958036214748667,0.3474801205564796,0.09474205783584717,0.3669467006315235,0.08089307741026634,0.2265875,0.0608125,-0.989636762608301,-0.9920059061633981,0.5969366590234398,3.2171765|0.97541158|2.95028|0.89187412|2.9227744|0.88246883|2.9194685|0.88128426|2.9190385|0.88112684|2.9189806|0.88110544,1.2477411|0.55784019|1.1214642|0.50607355|1.1012839|0.49836565|1.0983718|0.49727246|1.097963|0.49711997|1.0979062|0.49709883,0.28098049|0.27940179|0.24573691|0.24995318|0.23080244|0.24346652|0.22817399|0.24243918|0.22778049|0.24229024|0.22772451|0.24226929,,nan,False,177.24129067024526,439.54296783823565,733.9472164778645,1211.8099889552013,483.45659515661833,652.6119840487322,808.1500881723728,1043.7253117783669,2008.7895529081081,3466.588096616113,5011.017148536967,7425.174059485287,3.247056515464155e-14,3.243814647595526e-26,0.0030122915479103927,,True
PRI_UPSTREAM_CENTER_F0p0,DECISION_GRADE_PHYSICAL_SCREEN,FIXED_RANDOM,64,3220247566.9440455,306282950400.0,4831359041.307407,304671838925.6386,0.0,-0.00201416015625,6.5077200154329876e-15,0.08690809318840445,73.85331472555835,1.5607847286730974,0.640109375,0.8501617042322451,0.10106768400729556,0.3480202031088775,0.10001406066274766,0.34891752175540675,0.09945821666049369,0.3492784352564955,0.07931586495388056,0.25056640625,0.04676875,0.3831117300619505,0.3557209867052837,0.9372832182172248,3.1033967|2.6362394|1.7050696|2.3384846|2.0627742|2.0840205|2.4726619|3.1414357|2.6533806|1.1771503|2.664474|1.195035|2.75011|2.0142947|0.82631645|1.9562196|2.6257931|3.3342663|2.3063673|0.97954183|1.0862373|0.36216056|1.9645727|0.81691507|0.45151293|2.1079748|1.3083126|0.58054514|1.7152621|0.97404975|0.40758149|1.5210905|2.0698343|3.0861088|1.992839|2.6525923|2.0861863|1.4116482|1.9161971|0.96888734|2.6715369|2.0916202|1.5212516|1.5745142|0.84353701|0.64518133|2.5346732|2.5587222|1.7496568|2.0809265|1.3244269|0.48215491|1.3155039|2.4595274|2.433948|2.5844415|1.6550709|2.1633548|0.80259984|2.3056273|3.0891608|2.3586327|3.2181963|2.8346495,1.2088472|1.1189688|0.79055302|0.95132801|0.88023078|0.87654497|1.008144|1.2589005|1.1362319|0.61427031|1.0333166|0.59541344|1.0564674|0.87856478|0.44702482|0.75885226|1.0349819|1.3267059|1.0289048|0.52931955|0.47823628|0.21518329|0.71619089|0.40519722|0.23298137|0.76730286|0.58186908|0.30772138|0.64809377|0.44881428|0.22482371|0.56572175|0.80796483|1.2000582|0.89670426|1.0764586|0.91077107|0.6537336|0.78088487|0.4750495|1.0059929|0.89423651|0.68614799|0.66892519|0.41347103|0.3015236|0.92506732|1.0369912|0.7867755|0.86055022|0.61195484|0.28221118|0.5080999|0.93272532|0.99785363|1.0660754|0.76200433|0.88541495|0.43766785|0.87623863|1.2130955|1.0248541|1.2919081|1.2048628,0.2770077|0.33076668|0.29655549|0.26241251|0.26924582|0.26106359|0.27227302|0.31758145|0.34751939|0.28420939|0.24495361|0.24731264|0.2374244|0.2778071|0.21884844|0.18140578|0.24296381|0.32213905|0.34652087|0.26118526|0.17224619|0.12025616|0.12619009|0.16173566|0.11068073|0.13175576|0.187706|0.14699229|0.13695545|0.15940866|0.11506323|0.11102288|0.17991186|0.26631202|0.30482775|0.29109936|0.29481696|0.24760103|0.21683989|0.19602081|0.20574558|0.26627966|0.24301157|0.20878717|0.17332306|0.12094439|0.15901625|0.26064233|0.27102984|0.24749814|0.2268439|0.15620229|0.12112041|0.18706874|0.26354478|0.29492586|0.27918775|0.24839366|0.21247749|0.19093175|0.27861694|0.32219599|0.33357289|0.36206669,0.99998345|0.98826532|0.68207836|0.10982958|0.20275864|-0.13804195|0.1863317|0.016355557|-0.39278285|-0.40708673,3.1856026108192843,False,177.24129067024526,439.54296783823565,733.9472164778645,1211.8099889552013,483.45659515661833,652.6119840487322,808.1500881723728,1043.7253117783669,2008.7895529081081,3466.588096616113,5011.017148536967,7425.174059485287,3.247056515464155e-14,3.243814647595526e-26,0.0030122915479103927,,True
PRI_UPSTREAM_CENTER_F0p25,DECISION_GRADE_PHYSICAL_SCREEN,SINGLE_PULSE,12,3144348805.1307745,9600000000.0,39017.191216119434,12450578709.312344,293731078.6272188,-2.4437904357910156e-06,1.9175482978048784e-16,7.728508707580435e-06,75.3273533009397,0.34248906878997964,0.1493625,0.8178495257149253,0.09760130958382693,0.07107838760673021,0.03478923021265673,0.07253147424033618,0.035160045176126566,0.21278620231861614,0.04022664300516779,0.7997,0.009666666666666667,0.9999547867954102,0.9883003669651704,0.9933242401566736,2.7409589|0.73186031|0.21318094|0.065528116|0.020879169|0.0068086523|0.0022524078|0.00075160979|0.00025209453|8.4808175e-05|2.8580536e-05|9.6414557e-06,1.546544|0.63710792|0.22950684|0.079981193|0.027480942|0.0093727531|0.0031836014|0.0010788405|0.00036510357|0.00012346447|4.1732684e-05|1.4102637e-05,0.42202457|0.39940464|0.1976519|0.079494454|0.029356146|0.010405326|0.0036102495|0.0012381339|0.00042186961|0.00014321634|4.8517238e-05|1.6416383e-05,,nan,False,163.0918781122177,417.35735792037815,704.1324126581177,1158.6889558023454,444.27198729966875,603.3765339394806,754.6518054239742,985.5399215111911,1972.9793102000006,3430.7734117929454,4975.2025331906725,7389.359424752521,2.214315295556148e-15,1.5424770764693155e-28,0.0029412205796332806,,True
PRI_UPSTREAM_CENTER_F0p25,DECISION_GRADE_PHYSICAL_SCREEN,STEP_ON_OFF,12,3144348805.1307745,38400000000.0,10493715.977670116,40788806738.66408,745048350.4890332,-4.291534423828125e-06,1.033000768397678e-16,0.002150852354480893,76.4836581287402,1.1165667260881114,0.427875,0.7902397827430906,0.09461815068949785,0.22523233592158828,0.0949383172247098,0.22700008036837335,0.09470129236691735,0.3237223535077165,0.04713208089624741,0.49314583333333334,0.046408333333333336,0.7364916029995165,0.7209144952743354,0.863410055287881,0.42897637|0.12609244|2.3509865|2.9302301|3.0960077|3.1463278|0.85024368|0.24963243|0.077155704|0.024673588|0.0080644468|0.0026715637,0.38799866|0.13888941|1.2068173|1.6733266|1.8436433|1.9033336|0.76535741|0.27416564|0.095319712|0.032711255|0.011149099|0.0037855185,0.26128009|0.12315555|0.20940367|0.4548175|0.59227801|0.64983493|0.51072278|0.24220881|0.095912435|0.035169014|0.012420957|0.0043012801,,nan,False,163.0918781122177,417.35735792037815,704.1324126581177,1158.6889558023454,444.27198729966875,603.3765339394806,754.6518054239742,985.5399215111911,1972.9793102000006,3430.7734117929454,4975.2025331906725,7389.359424752521,2.214315295556148e-15,1.5424770764693155e-28,0.0029412205796332806,,True
PRI_UPSTREAM_CENTER_F0p25,DECISION_GRADE_PHYSICAL_SCREEN,ALTERNATING_BINARY,12,3144348805.1307745,57600000000.0,1664422577.7988849,58133065227.04146,946861000.2904426,-6.794929504394531e-06,1.118610971728879e-16,0.25718245294211184,75.3273533009397,1.58909467128355,0.7487916666666666,0.7820168002189446,0.09372586378456507,0.3520943778856379,0.08345707199468154,0.3539103630229378,0.08196668712210348,0.37583777489160397,0.05966901136796279,0.07994583333333333,0.04571666666666667,-0.9903174754972258,-0.9928777468921136,0.5903792739997437,2.7409589|0.73186031|2.5251635|0.67129599|2.5070387|0.6656249|2.5052108|0.66502451|2.5050113|0.66495778|2.5049889|0.66495023,1.546544|0.63710792|1.3880522|0.57819971|1.3672612|0.57100969|1.3648002|0.5701721|1.364516|0.57007587|1.3644834|0.57006486,0.42202457|0.39940464|0.35839637|0.35574354|0.33909332|0.34832492|0.33641182|0.34738488|0.33608761|0.34727406|0.33604992|0.34726128,,nan,False,163.0918781122177,417.35735792037815,704.1324126581177,1158.6889558023454,444.27198729966875,603.3765339394806,754.6518054239742,985.5399215111911,1972.9793102000006,3430.7734117929454,4975.2025331906725,7389.359424752521,2.214315295556148e-15,1.5424770764693155e-28,0.0029412205796332806,,True
PRI_UPSTREAM_CENTER_F0p25,DECISION_GRADE_PHYSICAL_SCREEN,FIXED_RANDOM,64,3144348805.1307745,306282950400.0,4720749291.6785555,299971949966.013,4734599947.438381,0.000888824462890625,2.8724823736427676e-15,0.11526876654297247,73.0560609093641,1.5361537449341305,0.7119234375,0.777318672977632,0.09321527374377007,0.3572837999331406,0.08610101797683246,0.3583047882781747,0.08532407121120601,0.35839853509951625,0.06093314527806177,0.13747734375,0.03633359375,0.3725299186372795,0.35287296335444057,0.935582578143235,2.6410998|2.1930845|1.3807663|1.9669629|1.7127496|1.737253|2.0791409|2.6540715|2.2015156|0.91492896|2.2689564|0.9449228|2.347797|1.6624979|0.63324121|1.6655573|2.2280869|2.8226848|1.8909832|0.75098193|0.89246145|0.26613012|1.6982915|0.64735026|0.35195253|1.8234571|1.0740553|0.44852076|1.4703598|0.7907213|0.30972976|1.3088433|1.7610345|2.6282936|1.6300504|2.2332699|1.7210676|1.1431705|1.6108182|0.77001106|2.2921404|1.7365575|1.242529|1.3085636|0.67028238|0.52032623|2.1912394|2.1562007|1.4310539|1.7429046|1.0736452|0.35708949|1.1209313|2.1072953|2.0445463|2.1669331|1.3435502|1.8167807|0.61332687|1.9733277|2.6240571|1.9490353|2.7174672|2.356881,1.4965041|1.3609263|0.93576715|1.1577814|1.0638495|1.0615677|1.2319394|1.5485267|1.376427|0.70588114|1.2707864|0.69609616|1.3063365|1.0611676|0.50874062|0.93195903|1.2797963|1.6389518|1.2360626|0.60096395|0.5623067|0.2357646|0.89704365|0.47838769|0.26526475|0.9641685|0.7036357|0.35212887|0.80393582|0.5359039|0.25319204|0.70465217|1.0042517|1.4926324|1.0778039|1.3153139|1.0958197|0.77088846|0.94901065|0.55440951|1.2518211|1.0873206|0.8176427|0.80505781|0.48060268|0.35035353|1.1628068|1.2800407|0.94323418|1.0452874|0.72449815|0.31191922|0.62261958|1.1649163|1.2265503|1.3034358|0.90528806|1.0764668|0.49882631|1.0841305|1.5036451|1.2400935|1.5854338|1.4612878,0.41508169|0.49088607|0.42354428|0.37678861|0.39044389|0.37793575|0.39907279|0.4730579|0.51082873|0.39732881|0.35229821|0.3528698|0.34847174|0.40846541|0.3039159|0.25903666|0.36561546|0.48758444|0.50790844|0.36045188|0.23146874|0.15859247|0.18752442|0.23714768|0.15091226|0.20009476|0.28096728|0.20533802|0.20048761|0.2327822|0.15740845|0.1633222|0.27613876|0.40951081|0.45016791|0.42535156|0.42751001|0.34875809|0.30967349|0.27611114|0.30598348|0.39657344|0.34889567|0.29703272|0.24137433|0.16358787|0.2430147|0.39903144|0.39677214|0.3579645|0.32274708|0.20979819|0.16977581|0.28669413|0.39932043|0.43841091|0.40152708|0.35714181|0.29613194|0.27739191|0.42342211|0.47675853|0.49250741|0.5314865,0.99999281|0.99323625|0.75187627|0.099232811|0.22412807|-0.089321502|0.1954202|-0.022900338|-0.40847207|-0.37847024,3.263886402201452,False,163.0918781122177,417.35735792037815,704.1324126581177,1158.6889558023454,444.27198729966875,603.3765339394806,754.6518054239742,985.5399215111911,1972.9793102000006,3430.7734117929454,4975.2025331906725,7389.359424752521,2.214315295556148e-15,1.5424770764693155e-28,0.0029412205796332806,,True
PRI_UPSTREAM_CENTER_F0p5,DECISION_GRADE_PHYSICAL_SCREEN,SINGLE_PULSE,12,3021293972.6476684,9600000000.0,9644.521821640396,11889382816.119492,731901512.0063807,-2.5391578674316406e-05,2.0118047110972898e-15,1.117350716342474e-06,74.44657025314537,0.3268036254498305,0.1616,0.7691689745405766,0.09232820278986437,0.0700875527151658,0.033162871031491424,0.07151087181844971,0.033415178063825574,0.2121072526785662,0.03261722238008085,0.8008333333333333,0.007779166666666667,0.9997571333335272,0.9919061949147705,0.9937590121806724,2.239634|0.50613719|0.12743623|0.034197764|0.0095472355|0.0027286658|0.00079036473|0.0002306336|6.7573066e-05|1.9841459e-05|5.8329023e-06|1.7157736e-06,1.7927932|0.65045153|0.20408675|0.061842628|0.018475181|0.0054809651|0.0016201277|0.00047797769|0.0001408711|4.149514e-05|1.2219268e-05|3.5975566e-06,0.58288093|0.50890271|0.21737859|0.075103908|0.023876801|0.0073080276|0.0021953515|0.00065320301|0.00019338228|5.7099795e-05|1.683606e-05|4.9604113e-06,,nan,False,152.76296497277454,400.54419552023757,674.7420518248682,1091.7878715327824,416.2724170401961,572.145200088066,720.3298468093445,939.4926956679243,1943.9441184089922,3401.7359944971085,4946.165101451467,7360.321996927681,1.171472230249388e-11,2.3150698376230303e-20,0.0028848311626481567,,True
PRI_UPSTREAM_CENTER_F0p5,DECISION_GRADE_PHYSICAL_SCREEN,STEP_ON_OFF,12,3021293972.6476684,38400000000.0,5051125.997407265,39499304275.6325,1916938571.0179055,-0.0001442432403564453,3.4823451061595415e-15,0.0006002665673550589,75.39261472107042,1.080526544055804,0.43437916666666665,0.7400064109521557,0.08913967572387547,0.22823553909623603,0.0926140516691667,0.23002440910085917,0.09226429991111933,0.32662332709938163,0.034725927981950754,0.4963916666666667,0.0373125,0.7301423290172869,0.7117208833440185,0.8569116222932497,0.28989879|0.073660423|1.9696198|2.3877834|2.4913592|2.5188526|0.57674132|0.14643496|0.039510628|0.011067155|0.003169152|0.00091893957,0.38533341|0.12021538|1.4438038|1.9485413|2.1086542|2.1573861|0.76451602|0.23861294|0.072151763|0.021532731|0.0063846232|0.001886709,0.31994495|0.13098721|0.3075318|0.65493922|0.81793292|0.87593974|0.63167587|0.25950918|0.088458498|0.027958486|0.008533299|0.002559782,,nan,False,152.76296497277454,400.54419552023757,674.7420518248682,1091.7878715327824,416.2724170401961,572.145200088066,720.3298468093445,939.4926956679243,1943.9441184089922,3401.7359944971085,4946.165101451467,7360.321996927681,1.171472230249388e-11,2.3150698376230303e-20,0.0028848311626481567,,True
PRI_UPSTREAM_CENTER_F0p5,DECISION_GRADE_PHYSICAL_SCREEN,ALTERNATING_BINARY,12,3021293972.6476684,57600000000.0,1531677166.7356226,56603194603.93668,2486422201.9753675,-1.049041748046875e-05,1.730483926193002e-16,0.29206680538429686,74.44657025314537,1.5463382580586449,0.8184875,0.7313768088363297,0.08819184711972837,0.34992423785889565,0.07507697337236698,0.3518456936121085,0.0731760802560578,0.3753095978620585,0.041449420571402454,0.023641666666666665,0.03909166666666666,-0.9915586477582918,-0.9937248478318602,0.5497721602258491,2.239634|0.50613719|2.0771714|0.46667454|2.066834|0.46383173|2.0660287|0.46359962|2.0659611|0.46357986|2.0659553|0.46357816,1.7927932|0.65045153|1.6115465|0.59207879|1.5936777|0.58671437|1.5920822|0.58624214|1.5919428|0.58620103|1.5919307|0.58619746,0.58288093|0.50890271|0.48031456|0.45301941|0.45959554|0.4462397|0.45749221|0.44560356|0.45730227|0.44554723|0.45728562|0.44554232,,nan,False,152.76296497277454,400.54419552023757,674.7420518248682,1091.7878715327824,416.2724170401961,572.145200088066,720.3298468093445,939.4926956679243,1943.9441184089922,3401.7359944971085,4946.165101451467,7360.321996927681,1.171472230249388e-11,2.3150698376230303e-20,0.0028848311626481567,,True
PRI_UPSTREAM_CENTER_F0p5,DECISION_GRADE_PHYSICAL_SCREEN,FIXED_RANDOM,64,3021293972.6476684,306282950400.0,4536511321.638729,292331228043.6739,12436505007.336733,-0.0017108917236328125,5.531420130050145e-15,0.11438603648552559,72.12971284102474,1.496112608714878,0.78432890625,0.7265998636805525,0.08766632474165578,0.35790067182495733,0.07459179051970787,0.3590451002694674,0.07350221426678906,0.35895227997874374,0.04487375185095496,0.09431484375,0.030740625,0.3530289910316204,0.3415223379686408,0.9323674224274195,2.155421|1.7417983|1.0633568|1.5864756|1.35911|1.3855598|1.67437|2.1477884|1.7439216|0.66882394|1.8564482|0.70498354|1.9250312|1.3081737|0.45438793|1.3629412|1.8115175|2.2880798|1.4760665|0.53968035|0.70331537|0.18113187|1.4120491|0.48293489|0.25943525|1.5161723|0.83826359|0.32532234|1.2113504|0.60943976|0.2202049|1.0827842|1.435165|2.1444853|1.2677214|1.801622|1.3548653|0.88148939|1.2986984|0.57936829|1.8892983|1.3754229|0.96700701|1.0410185|0.50489669|0.40077032|1.8203813|1.7369384|1.1138237|1.398119|0.82803748|0.24524159|0.91882851|1.7320166|1.6415265|1.7377408|1.0371458|1.4624963|0.43776672|1.623357|2.1352556|1.5354643|2.1987733|1.8719363,1.7320022|1.5330233|1.0160857|1.313117|1.1919643|1.1934603|1.4017137|1.7756429|1.5432003|0.7334201|1.4643495|0.74161831|1.5137095|1.1845449|0.52097392|1.0728361|1.478157|1.8874243|1.3673983|0.6136412|0.61249731|0.23066373|1.0592939|0.5147086|0.27331238|1.1407864|0.78401523|0.36308985|0.93625735|0.58792356|0.25579166|0.82553607|1.1660225|1.7336808|1.1911391|1.4960938|1.2183579|0.83489136|1.0753239|0.59090096|1.4624208|1.2239262|0.89664179|0.89879791|0.51013522|0.37444107|1.3759612|1.4697369|1.0399443|1.1800533|0.78800513|0.30697124|0.71656358|1.3639498|1.4007324|1.4798775|0.98726581|1.2185621|0.5119747|1.2592028|1.740658|1.3858416|1.8130569|1.6418369,0.5715242|0.66173675|0.54236446|0.49236564|0.51483705|0.49707518|0.53388642|0.64474471|0.68075874|0.49376163|0.46515178|0.45342791|0.4706821|0.54549678|0.37419824|0.33954198|0.50666442|0.67545519|0.6713725|0.43960626|0.27811654|0.18558016|0.26207753|0.31430883|0.18146325|0.28412781|0.38166695|0.25381192|0.27094643|0.3077366|0.19003139|0.22332356|0.39031316|0.57736407|0.59897147|0.56443849|0.56094462|0.4406646|0.40321961|0.34964734|0.42136044|0.53756173|0.45021301|0.38223115|0.30114951|0.19773771|0.34777014|0.55893905|0.52252252|0.46912567|0.41323382|0.24801609|0.21937933|0.40780679|0.55182606|0.59174459|0.51857917|0.46663506|0.36802921|0.37205595|0.59232892|0.63854176|0.6626346|0.70794209,0.99999775|0.99676286|0.8234587|0.10337043|0.24710973|-0.054019316|0.19197531|-0.087578888|-0.43125895|-0.34928053,3.362674783362752,False,152.76296497277454,400.54419552023757,674.7420518248682,1091.7878715327824,416.2724170401961,572.145200088066,720.3298468093445,939.4926956679243,1943.9441184089922,3401.7359944971085,4946.165101451467,7360.321996927681,1.171472230249388e-11,2.3150698376230303e-20,0.0028848311626481567,,True
PRI_UPSTREAM_CENTER_F0p666667,DECISION_GRADE_PHYSICAL_SCREEN,SINGLE_PULSE,12,2916357794.2783246,9600000000.0,2880.1878149931854,11437518294.577536,1078836619.5129392,3.457069396972656e-05,2.7620410456410943e-15,2.3228301992801894e-07,73.81637478357203,0.31417484472742235,0.16239166666666666,0.7460095082213473,0.08979786196479907,0.06856444296901629,0.03211240960023702,0.0699490042907427,0.03228954574339388,0.208858929322527,0.02849287831378274,0.8092708333333334,0.0070875,0.9995295651370573,0.9932016518624345,0.9940973934118817,1.9164211|0.37881804|0.084584737|0.020248554|0.0050512864|0.0012897311|0.0003334635|8.6789823e-05|2.2666278e-05|5.9300712e-06|1.5528658e-06|4.0682701e-07,1.9157292|0.62248665|0.17380257|0.046828914|0.012440539|0.0032829433|0.00086346087|0.00022672045|5.9479398e-05|1.5597413e-05|4.0892295e-06|1.0719648e-06,0.6973632|0.56434911|0.21332419|0.065063333|0.018291004|0.0049603939|0.0013224462|0.00034961332|9.2037814e-05|2.4177832e-05|6.3444901e-06|1.6639318e-06,,nan,False,147.4453495850971,390.977852218409,652.9993325384653,1040.120793762149,402.67587065301143,556.5910719059103,699.6758042061435,905.3669900044703,1927.8497395625923,3385.6409901382,4930.070060913217,7344.226966328164,5.258255548930332e-13,2.2186705025121147e-20,0.0028540423703421725,,True
PRI_UPSTREAM_CENTER_F0p666667,DECISION_GRADE_PHYSICAL_SCREEN,STEP_ON_OFF,12,2916357794.2783246,38400000000.0,2652601.8906972986,38423467051.87464,2890238140.513115,-0.0001220703125,2.954527432156782e-15,0.00021844817713042078,74.61960754079365,1.050459310239184,0.4325833333333333,0.7156294265478617,0.08645714643964073,0.22726864093413704,0.09113933943306186,0.22906045863127358,0.0907062701991828,0.3243513171540603,0.028480195950496643,0.5108666666666667,0.033495833333333336,0.7241590321298507,0.7048477367835568,0.8533963062355554,0.21344827|0.048078508|1.7145451|2.0366084|2.1074656|2.1242691|0.42546505|0.095786675|0.023048135|0.0057668119|0.0014748306|0.00038165232,0.36144324|0.10039983|1.581283|2.083538|2.2250683|2.263339|0.71923705|0.19983995|0.053742189|0.014264393|0.0037625771|0.00098939038,0.34496053|0.12557195|0.39022237|0.80175591|0.96954547|1.0219335|0.68440009|0.24967313|0.075250726|0.021049835|0.0056953931|0.00151669,,nan,False,147.4453495850971,390.977852218409,652.9993325384653,1040.120793762149,402.67587065301143,556.5910719059103,699.6758042061435,905.3669900044703,1927.8497395625923,3385.6409901382,4930.070060913217,7344.226966328164,5.258255548930332e-13,2.2186705025121147e-20,0.0028540423703421725,,True
PRI_UPSTREAM_CENTER_F0p666667,DECISION_GRADE_PHYSICAL_SCREEN,ALTERNATING_BINARY,12,2916357794.2783246,57600000000.0,1416595109.8336465,55296860125.29095,3802902559.1537924,-6.008148193359375e-05,9.92813912196056e-16,0.19163618734064908,73.81637478357203,1.509832249118302,0.8235875,0.7068383437731617,0.08548586408459095,0.34432986073492516,0.07209406614720504,0.3462974466550584,0.06994666883674543,0.3702351572946882,0.03231225201252155,0.033375,0.03593333333333333,-0.9926659980599953,-0.9943571535428216,0.5106401493276743,1.9164211|0.37881804|1.7875576|0.35098809|1.7810366|0.34938182|1.7806293|0.34927692|1.7806021|0.34926981|1.7806002|0.34926933,1.9157292|0.62248665|1.7280885|0.56891573|1.7135319|0.56503343|1.7125054|0.56476318|1.7124345|0.56474455|1.7124296|0.56474327,0.6973632|0.56434911|0.56572686|0.5038405|0.54619817|0.49822482|0.54465948|0.49781257|0.54455022|0.49778377|0.54454265|0.49778178,,nan,False,147.4453495850971,390.977852218409,652.9993325384653,1040.120793762149,402.67587065301143,556.5910719059103,699.6758042061435,905.3669900044703,1927.8497395625923,3385.6409901382,4930.070060913217,7344.226966328164,5.258255548930332e-13,2.2186705025121147e-20,0.0028540423703421725,,True
PRI_UPSTREAM_CENTER_F0p666667,DECISION_GRADE_PHYSICAL_SCREEN,FIXED_RANDOM,64,2916357794.2783246,306282950400.0,4376048264.93529,285800172851.9443,19023087077.39949,-0.0007476806640625,2.4181188128425953e-15,0.0745300559986385,71.46565390051025,1.4618879702818763,0.806771875,0.701871555924248,0.08493619515040172,0.3537591727630573,0.06921863612461977,0.35497462096073584,0.0678868998887035,0.3548333938254147,0.03664902995465736,0.0893359375,0.028325,0.33454255493969504,0.32839453803330687,0.929531398055832,1.8428663|1.4601216|0.87271897|1.3469673|1.1396527|1.1664304|1.4188254|1.8254169|1.4597125|0.52746801|1.592103|0.56387973|1.6524778|1.0892657|0.35311144|1.1692269|1.5442148|1.9460836|1.2220352|0.4202917|0.58925123|0.13513575|1.2235269|0.38534753|0.2066933|1.3132653|0.69294487|0.25505201|1.0433569|0.49953202|0.17015278|0.93518662|1.2248369|1.8319438|1.0461363|1.5290073|1.1294348|0.72475337|1.1024759|0.46716478|1.6271985|1.1502952|0.79980923|0.87548602|0.40791267|0.33013734|1.5755544|1.4697835|0.92025788|1.1821581|0.68032228|0.18425315|0.78952139|1.4874385|1.3861928|1.4673751|0.85229756|1.2399439|0.33822138|1.3970964|1.8208081|1.279543|1.8693181|1.570014,1.8485965|1.5998695|1.0313409|1.3830691|1.241317|1.2467177|1.4774546|1.8811921|1.6055384|0.71738035|1.562381|0.73997773|1.6198187|1.2276251|0.50322692|1.1443753|1.5743894|2.0041952|1.4063197|0.59187274|0.62859103|0.21574696|1.1502333|0.5159657|0.26651125|1.2391384|0.8094625|0.35261384|1.0062219|0.60046222|0.24465674|0.89123237|1.2455772|1.8522238|1.2227616|1.5769551|1.2603402|0.84719913|1.132325|0.59106097|1.5739889|1.2759831|0.91747664|0.93512859|0.50932655|0.37785089|1.4941925|1.555045|1.0664637|1.2371815|0.80150617|0.28741281|0.76533302|1.4677242|1.4764055|1.5547857|1.0050032|1.2812691|0.49528178|1.351113|1.8560946|1.4365836|1.917912|1.7116209,0.68214223|0.77211184|0.60773959|0.56640219|0.59371091|0.5721795|0.62312596|0.76209187|0.78794152|0.53926661|0.54262495|0.51004846|0.55669005|0.63257553|0.40534138|0.39451188|0.6073386|0.80594471|0.76986516|0.4726614|0.3009053|0.19547168|0.3210337|0.36054654|0.19306518|0.35011641|0.44638842|0.27516929|0.32180654|0.35360905|0.20269851|0.26831638|0.47322903|0.6973002|0.68893124|0.65395256|0.64268236|0.49032382|0.46344258|0.38963973|0.50623749|0.62980059|0.50776359|0.43338648|0.33203901|0.21396456|0.43044014|0.67044176|0.59664712|0.53854114|0.46448849|0.26082498|0.25379138|0.49913896|0.6552395|0.69140729|0.58484055|0.53609226|0.40280239|0.43971244|0.71364506|0.73990435|0.77559777|0.82007363,0.99999843|0.99811315|0.86721363|0.12243334|0.25948716|-0.031445211|0.20302538|-0.13619913|-0.44443594|-0.33502314,3.4502710937298176,False,147.4453495850971,390.977852218409,652.9993325384653,1040.120793762149,402.67587065301143,556.5910719059103,699.6758042061435,905.3669900044703,1927.8497395625923,3385.6409901382,4930.070060913217,7344.226966328164,5.258255548930332e-13,2.2186705025121147e-20,0.0028540423703421725,,True
PRI_UPSTREAM_CENTER_F1p0,DECISION_GRADE_PHYSICAL_SCREEN,SINGLE_PULSE,12,2668405087.428042,9600000000.0,130.87886504349757,10444356616.301754,1824048340.247435,-1.1920928955078125e-05,9.716771552721233e-16,5.090660083519565e-09,72.49416715832616,0.2864204531492658,0.14970416666666667,0.7135609396068359,0.08622879541824788,0.0639932246891126,0.030112658492272685,0.06527489203072429,0.030154346610751896,0.19762482425555428,0.022601031346557006,0.8295,0.006204166666666667,0.9990093227519038,0.9948365899749066,0.9948418256709501,1.3395954|0.19177136|0.031835256|0.0057223561|0.0010739395|0.00020605402|3.9966418e-05|7.7924486e-06|1.523061e-06|2.9806568e-07|5.8333399e-08|1.1449714e-08,2.0475316|0.50162681|0.1044999|0.020988549|0.0041580145|0.00081877188|0.00016077915|3.1530879e-05|6.179662e-06|1.2109848e-06|2.3708473e-07|4.6604466e-08,0.93751002|0.61106842|0.17038946|0.038241551|0.0079422323|0.0015973522|0.00031672564|6.2394419e-05|1.2254592e-05|2.4035492e-06|4.710482e-07|9.2348582e-08,,nan,False,139.39164878749872,372.42406791392625,603.2500170289659,928.691757088072,381.8502812219959,526.1628850652887,652.256988800376,826.2596438724124,1900.1334880956006,3357.9243710683368,4902.3535497117655,7316.5104254812595,3.762778048200776e-12,2.4333612470994884e-20,0.002801790436548375,,True
PRI_UPSTREAM_CENTER_F1p0,DECISION_GRADE_PHYSICAL_SCREEN,STEP_ON_OFF,12,2668405087.428042,38400000000.0,500048.13873043883,35952791050.66647,5115113988.622875,-4.1961669921875e-05,1.0217506580191109e-15,1.97330967334332e-05,73.03656645450639,0.9814112067859045,0.4134833333333333,0.6812516040660338,0.08264712430857628,0.21934270558999114,0.08834110073477411,0.22111615017497058,0.08770518916794627,0.31192121682932683,0.02074259829771309,0.5440458333333333,0.027820833333333333,0.7082960780163048,0.6888953293238894,0.8481884754712309,0.10463404|0.017496726|1.2381196|1.40983|1.4380272|1.4430636|0.20904421|0.034950002|0.0063079038|0.0011863817|0.00022787234|4.4221251e-05,0.27985016|0.058073606|1.7793287|2.2135405|2.3045411|2.3228589|0.55880999|0.11597233|0.023260247|0.004605245|0.00090658404|0.00017799932,0.35346356|0.095858718|0.60537442|1.1036705|1.2492042|1.2823205|0.70518872|0.19137289|0.042588064|0.0088154123|0.0017703985|0.00035080733,,nan,False,139.39164878749872,372.42406791392625,603.2500170289659,928.691757088072,381.8502812219959,526.1628850652887,652.256988800376,826.2596438724124,1900.1334880956006,3357.9243710683368,4902.3535497117655,7316.5104254812595,3.762778048200776e-12,2.4333612470994884e-20,0.002801790436548375,,True
PRI_UPSTREAM_CENTER_F1p0,DECISION_GRADE_PHYSICAL_SCREEN,ALTERNATING_BINARY,12,2668405087.428042,57600000000.0,1140544208.6867342,52205892989.81285,6921967888.928542,-9.059906005859375e-05,1.5032596254566005e-15,0.07572971492881339,72.49416715832616,1.4234618090574314,0.7590958333333333,0.6726624077202554,0.08169023447052169,0.3260526739265046,0.07126339652381579,0.32806246850085613,0.06869941292999535,0.3520410319608324,0.020925674368945442,0.09521666666666667,0.032529166666666665,-0.9951747728623865,-0.9959686041264735,0.4139113455632167,1.3395954|0.19177136|1.2667967|0.17999699|1.2647124|0.17960903|1.2646383|0.17959468|1.2646355|0.17959413|1.2646354|0.17959411,2.0475316|0.50162681|1.8721813|0.46454175|1.8646921|0.46305454|1.8643989|0.46299694|1.8643876|0.46299472|1.8643872|0.46299464,0.93751002|0.61106842|0.75443593|0.55345125|0.74105021|0.55063424|0.74048043|0.55052097|0.74045809|0.55051658|0.74045723|0.55051641,,nan,False,139.39164878749872,372.42406791392625,603.2500170289659,928.691757088072,381.8502812219959,526.1628850652887,652.256988800376,826.2596438724124,1900.1334880956006,3357.9243710683368,4902.3535497117655,7316.5104254812595,3.762778048200776e-12,2.4333612470994884e-20,0.002801790436548375,,True
PRI_UPSTREAM_CENTER_F1p0,DECISION_GRADE_PHYSICAL_SCREEN,FIXED_RANDOM,64,2668405087.428042,306282950400.0,3988237346.893215,270334973821.5978,34628144318.93747,-0.00042724609375,1.3828911450345963e-15,0.029910620848340123,70.07876689027871,1.380845091505043,0.79916953125,0.6671223699179336,0.08107198008241519,0.33743544131427405,0.06371292507395455,0.33875214637937184,0.06188121067659288,0.33868406775160187,0.026092240268106054,0.1070265625,0.0249765625,0.2853776878298995,0.2880922757201151,0.9226034223941597,1.286255|0.97874291|0.5622381|0.9302652|0.76593844|0.7910213|0.97395672|1.2590976|0.97653505|0.31146193|1.1212326|0.3412782|1.1644846|0.71991378|0.20156844|0.82428587|1.0702942|1.3429072|0.79893401|0.24195439|0.39952454|0.069992785|0.87693552|0.23033109|0.12633021|0.93996|0.44959231|0.14887648|0.74013989|0.31893214|0.096412291|0.66661825|0.84999789|1.2745133|0.67837552|1.0540681|0.75004045|0.46957436|0.76129505|0.28923431|1.1530434|0.76645777|0.52360923|0.59375738|0.25449153|0.21615261|1.1254867|1.0020224|0.59941236|0.80951257|0.43899956|0.097531919|0.55875162|1.0455844|0.94203869|0.99941672|0.54980204|0.85393775|0.18912721|0.98993282|1.2621767|0.84736824|1.2918033|1.0548403,1.9711819|1.6196872|0.98633643|1.4431237|1.2568967|1.2730159|1.5363932|1.9734495|1.6174539|0.62722196|1.6770365|0.67410773|1.74392|1.2234949|0.42608759|1.2291614|1.6679781|2.1076082|1.3781837|0.50171923|0.62983729|0.17054207|1.2751716|0.4701482|0.23473095|1.3722946|0.79474426|0.30282781|1.0943467|0.57738977|0.20339658|0.97775427|1.3245132|1.9715004|1.1900166|1.6431751|1.2565295|0.8132648|1.1815571|0.54545363|1.7125812|1.2863484|0.89385926|0.95065663|0.47051753|0.36293153|1.6518717|1.6163945|1.0384485|1.2759212|0.77065341|0.22670367|0.82630429|1.5879233|1.5242737|1.6008666|0.96576841|1.3314918|0.41896552|1.4655202|1.9685864|1.4317333|2.0100211|1.7335162,0.91228388|0.96455533|0.69380977|0.70831997|0.73248369|0.70499346|0.79306723|0.9924763|0.96986551|0.57511191|0.71070694|0.58345498|0.74209729|0.77957475|0.42228383|0.51472037|0.81506054|1.062747|0.92061139|0.48583494|0.33517787|0.19660682|0.46672647|0.42446131|0.19449606|0.51055778|0.55278996|0.2861706|0.43777958|0.424342|0.20401172|0.37506239|0.64518182|0.94218933|0.82475172|0.82137098|0.7773761|0.55617121|0.58015902|0.43994454|0.69781962|0.79143025|0.58932127|0.52113448|0.36824163|0.23296753|0.62939831|0.88443039|0.7048025|0.663511|0.5376894|0.25548392|0.33295389|0.70118196|0.84718143|0.87093127|0.67694887|0.66644544|0.4319977|0.59218421|0.96363084|0.90558649|0.9930557|1.0150245,0.9999993|0.99947952|0.93356831|0.17456279|0.29849703|0.0097807707|0.17089064|-0.26240964|-0.48092809|-0.32498072,3.586778364675949,False,139.39164878749872,372.42406791392625,603.2500170289659,928.691757088072,381.8502812219959,526.1628850652887,652.256988800376,826.2596438724124,1900.1334880956006,3357.9243710683368,4902.3535497117655,7316.5104254812595,3.762778048200776e-12,2.4333612470994884e-20,0.002801790436548375,,True
PRI_UPSTREAM_CENTER_F2p0,DECISION_GRADE_PHYSICAL_SCREEN,SINGLE_PULSE,12,1842786835.5688357,9600000000.0,6.032144101942665e-05,7714220757.24712,3728566078.3216667,-1.1444091796875e-05,1.0001140422630357e-15,-8.77554540876814e-09,68.32504715824456,0.21008197604035325,0.10237916666666666,0.6591355932836369,0.08017920915946872,0.04712672849203907,0.024531149520035798,0.04807376636420952,0.02427573009955167,0.153036337717315,0.013824564771535465,0.8854791666666667,0.004908333333333333,0.9993950129332245,0.9996429989986462,0.9976224374445697,0.32778215|0.011602229|0.00050707669|2.4385849e-05|1.2225676e-06|6.2338738e-08|3.1984593e-09|1.6589548e-10|7.2258038e-12|1.6968249e-12|-1.2390661e-12|1.2637821e-12,1.6177991|0.1049985|0.0057150179|0.00030011732|1.557642e-05|8.0496844e-07|4.1507905e-08|2.1637335e-09|8.7725425e-11|2.8424303e-11|-2.2473944e-11|2.2800935e-11,1.6394429|0.30994012|0.021688499|0.0012344406|6.5932966e-05|3.4437615e-06|1.7836954e-07|9.2327718e-09|4.541806e-10|4.5532747e-11|-1.9803759e-11|2.1148776e-11,,nan,True,126.3705082635002,307.34392619123736,447.4166123582994,634.9333872666559,320.45972955523655,416.1130882504115,491.7349125767812,592.1371484619616,1826.9593698694146,3284.750293875101,4829.179406255124,7243.336300235432,5.360453279216991e-13,2.873767386277907e-20,0.0026683916435649804,NUMERICAL_OR_MASS_BALANCE,False
PRI_UPSTREAM_CENTER_F2p0,DECISION_GRADE_PHYSICAL_SCREEN,STEP_ON_OFF,12,1842786835.5688357,38400000000.0,169.88447079472962,28424194412.222443,11818592253.461826,9.5367431640625e-05,2.369801873570394e-15,7.646737700506133e-10,68.43313846794602,0.7707435935582299,0.3248666666666667,0.6281194077653174,0.07669567350105125,0.1759797661428104,0.07833023107189767,0.17759720585123032,0.07692996585864725,0.25072010479289286,0.014073272077293919,0.6460708333333334,0.020175,0.6478931530323159,0.632425152812162,0.840878147010592,0.0059310106|0.00025979162|0.32186364|0.3331942|0.33368818|0.33371191|0.011861957|0.00051957997|2.5012959e-05|1.2545487e-06|6.3980372e-08|3.28294e-09,0.05396652|0.0029345369|1.5639867|1.6659046|1.671458|1.6717497|0.10793221|0.0058690313|0.00030810991|1.5989438e-05|8.2627689e-07|4.2606601e-08,0.16055072|0.011161322|1.4795263|1.7777048|1.7987271|1.799926|0.32109791|0.022322462|0.0012682814|6.770013e-05|3.5352952e-06|1.830962e-07,,nan,False,126.3705082635002,307.34392619123736,447.4166123582994,634.9333872666559,320.45972955523655,416.1130882504115,491.7349125767812,592.1371484619616,1826.9593698694146,3284.750293875101,4829.179406255124,7243.336300235432,5.360453279216991e-13,2.873767386277907e-20,0.0026683916435649804,NUMERICAL_OR_MASS_BALANCE,False
PRI_UPSTREAM_CENTER_F2p0,DECISION_GRADE_PHYSICAL_SCREEN,ALTERNATING_BINARY,12,1842786835.5688357,57600000000.0,330820707.7204339,42111210338.686646,17000755789.161818,-6.67572021484375e-05,1.1230496701492456e-15,0.002763594695124473,68.32504715824456,1.141051811599968,0.5225208333333333,0.62279191595669,0.0760946673491796,0.2550576155873649,0.08244771160684097,0.2570578010937015,0.07910455056538712,0.278495048337732,0.011645884298037708,0.4025166666666667,0.0282625,-0.999551869361092,-0.9996024959911877,-0.07965080983217294,0.32778215|0.011602229|0.32235821|0.011366824|0.32234693|0.011366259|0.3223469|0.011366257|0.3223469|0.011366257|0.3223469|0.011366257,1.6177991|0.1049985|1.5695476|0.10236408|1.5694092|0.10235689|1.5694088|0.10235687|1.5694088|0.10235687|1.5694088|0.10235687,1.6394429|0.30994012|1.5005807|0.30001324|1.5000125|0.29998283|1.5000109|0.29998275|1.5000109|0.29998275|1.5000109|0.29998275,,nan,False,126.3705082635002,307.34392619123736,447.4166123582994,634.9333872666559,320.45972955523655,416.1130882504115,491.7349125767812,592.1371484619616,1826.9593698694146,3284.750293875101,4829.179406255124,7243.336300235432,5.360453279216991e-13,2.873767386277907e-20,0.0026683916435649804,NUMERICAL_OR_MASS_BALANCE,False
PRI_UPSTREAM_CENTER_F2p0,DECISION_GRADE_PHYSICAL_SCREEN,FIXED_RANDOM,64,1842786835.5688357,306282950400.0,2670429942.8352537,219888680420.24008,85566626872.4944,-0.0009002685546875,2.921757081263306e-15,0.0016743023607164638,65.84427872482604,1.1160525586727867,0.6439203125,0.6158789369308248,0.07531363153134712,0.2668972508646952,0.06403156027007553,0.2683509270645387,0.06087345061452966,0.26918649507533904,0.015629128085054105,0.26378828125,0.0200796875,0.10991896010539662,0.11243736367360302,0.895089707791391,0.31388075|0.21817172|0.11711751|0.22496616|0.17275831|0.18326038|0.23047856|0.2997211|0.21788955|0.051824211|0.28165801|0.057256457|0.2920168|0.15468427|0.030535802|0.20778151|0.25568525|0.31894794|0.16912875|0.038446874|0.095782601|0.0066202102|0.22584644|0.035629899|0.025005063|0.24092266|0.090953231|0.02471248|0.1878269|0.062335385|0.014987074|0.1703769|0.20288762|0.30750745|0.1400147|0.25358605|0.16495315|0.099681857|0.18392834|0.053391438|0.29108171|0.16728163|0.1132172|0.13873824|0.048861184|0.048155867|0.28679115|0.22964883|0.12654464|0.19246977|0.090820389|0.01175289|0.14199967|0.25681111|0.21564867|0.23253192|0.11386005|0.20543454|0.024562823|0.25115272|0.30113217|0.18421745|0.31088598|0.23753233,1.5502541|1.1066647|0.60237988|1.1112369|0.87281246|0.91671146|1.1474434|1.4908134|1.1035279|0.28503126|1.3771667|0.31956936|1.4285493|0.79450378|0.17230989|1.0148075|1.272822|1.5880027|0.86953121|0.21301312|0.47184637|0.046348252|1.0987786|0.20611464|0.12775057|1.1744622|0.47720009|0.13447273|0.91669505|0.33041154|0.082795672|0.83034684|1.0107405|1.5245349|0.72614819|1.2540369|0.83918403|0.50961352|0.90903752|0.28674744|1.4229929|0.85554279|0.57588021|0.69145571|0.25820685|0.24177818|1.400757|1.1579051|0.6497132|0.95476496|0.46999186|0.071275444|0.69212815|1.2685974|1.0859387|1.1625239|0.58820267|1.0159119|0.1498872|1.2248806|1.499949|0.94019667|1.5388754|1.2004015,1.5755666|1.2484643|0.71538372|1.1306604|0.97015248|0.98166316|1.2051562|1.5597852|1.2383289|0.41477488|1.3410953|0.48082648|1.3945805|0.93667333|0.26808626|0.98332451|1.3352428|1.6680582|1.029822|0.31656862|0.47524742|0.10523097|1.0458804|0.33711785|0.14929408|1.1275604|0.60339696|0.19083936|0.88511504|0.43126034|0.12255676|0.79652375|1.0633798|1.573833|0.88557917|1.2823928|0.95703442|0.59256755|0.92699499|0.38960829|1.3843091|0.99361324|0.65762081|0.72983273|0.33458731|0.2632019|1.3563889|1.2765872|0.76651146|0.9888906|0.56905366|0.12979006|0.66455517|1.2893387|1.1921798|1.2419517|0.70844049|1.0387616|0.27414205|1.1794358|1.5771707|1.0851617|1.579408|1.3358265,0.99999998|0.99991468|0.98691477|0.33945673|0.27195774|0.099241734|0.19570225|-0.42383273|-0.66842454|-0.41497879,3.893187867512752,False,126.3705082635002,307.34392619123736,447.4166123582994,634.9333872666559,320.45972955523655,416.1130882504115,491.7349125767812,592.1371484619616,1826.9593698694146,3284.750293875101,4829.179406255124,7243.336300235432,5.360453279216991e-13,2.873767386277907e-20,0.0026683916435649804,NUMERICAL_OR_MASS_BALANCE,False
PRI_UPSTREAM_CENTER_F3p333333,DECISION_GRADE_PHYSICAL_SCREEN,SINGLE_PULSE,12,830576833.5842906,9600000000.0,-6.373328533387212e-17,5444745821.9734745,4985831011.610787,2.956390380859375e-05,2.8343498428010345e-15,-1.1331661869488897e-08,62.66701724660746,0.14591467568703953,0.05687916666666667,0.5959036096911171,0.07304935873022682,0.031059593678463945,0.01866967709631985,0.031632879855906536,0.01811230229496701,0.10906543670160858,0.008295172119602458,0.9331375,0.004366666666666666,0.9999934674503307,0.9999999807020479,0.9997601396505382,0.024560334|5.2910994e-05|1.479918e-07|4.5663531e-10|1.5140063e-12|6.6789797e-14|6.4486419e-14|6.7870524e-14|6.9184516e-14|6.9699579e-14|6.9917768e-14|7.0028984e-14,0.48593964|0.0019601051|6.6521234e-06|2.1868576e-08|7.4804617e-11|4.1674286e-12|4.088087e-12|4.3028466e-12|4.3861516e-12|4.4188055e-12|4.4326383e-12|4.4396891e-12,1.6058722|0.017784278|7.3728415e-05|2.5588441e-07|8.5886834e-10|1.5695991e-11|1.343637e-11|1.4135379e-11|1.4409025e-11|1.4516297e-11|1.4561739e-11|1.4584902e-11,,nan,True,118.95200697885956,227.57740438926822,304.29864164738046,406.3515090031583,239.84055843034315,296.10890645548807,338.998565239142,394.8972298978572,1746.7304989811505,3204.5213910760667,4748.950449367807,7163.107334249654,1.3339575456319745e-12,3.57653108827693e-20,0.0025294198324502582,NUMERICAL_OR_MASS_BALANCE,False
PRI_UPSTREAM_CENTER_F3p333333,DECISION_GRADE_PHYSICAL_SCREEN,STEP_ON_OFF,12,830576833.5842906,38400000000.0,5.885187259701003e-06,21223652598.336857,18006924235.247383,4.1961669921875e-05,1.0696164397448444e-15,-1.1310353503778495e-08,62.672252300405304,0.5668345226732306,0.22755833333333333,0.5778878379915546,0.07099767666797412,0.12270667244462401,0.06387699163503309,0.12402159580553929,0.06138615643987503,0.1808897069867326,0.009904291180676197,0.7460166666666667,0.0176,0.6105180153104183,0.6090053675441005,0.8390061720615779,2.6492554e-05|7.4110192e-08|0.024533841|0.024586678|0.024586826|0.024586826|5.2985104e-05|1.4822046e-07|4.5736537e-10|1.5163815e-12|6.6780599e-14|6.4453089e-14,0.00098171844|3.3315345e-06|0.48495793|0.48691469|0.48692133|0.48692136|0.0019634366|6.6630742e-06|2.1904254e-08|7.4921695e-11|4.1667377e-12|4.0859736e-12,0.0089106033|3.6928274e-05|1.5969617|1.6147089|1.6147825|1.6147828|0.017821206|7.3856565e-05|2.5630868e-07|8.6025734e-10|1.5696988e-11|1.3429438e-11,,nan,True,118.95200697885956,227.57740438926822,304.29864164738046,406.3515090031583,239.84055843034315,296.10890645548807,338.998565239142,394.8972298978572,1746.7304989811505,3204.5213910760667,4748.950449367807,7163.107334249654,1.3339575456319745e-12,3.57653108827693e-20,0.0025294198324502582,NUMERICAL_OR_MASS_BALANCE,False
PRI_UPSTREAM_CENTER_F3p333333,DECISION_GRADE_PHYSICAL_SCREEN,ALTERNATING_BINARY,12,830576833.5842906,57600000000.0,12481880.984829338,31740657397.610752,26677437554.988735,-3.0517578125e-05,5.222878119433408e-16,6.300435032229417e-06,62.66701724660746,0.8473768946126882,0.3274208333333333,0.5757581921194826,0.07075454674072144,0.18112321669258524,0.0833952274742098,0.18292262206543833,0.07923495765671008,0.20334546514182747,0.008735068536822975,0.6278666666666667,0.026116666666666667,-0.9999977800727765,-0.9999966796889689,-0.5605044441347586,0.024560334|5.2910994e-05|0.024533989|5.283734e-05|0.024533989|5.2837339e-05|0.024533989|5.2837339e-05|0.024533989|5.2837339e-05|0.024533989|5.2837339e-05,0.48593964|0.0019601051|0.48496457|0.0019567954|0.48496456|0.0019567954|0.48496456|0.0019567954|0.48496456|0.0019567954|0.48496456|0.0019567954,1.6058722|0.017784278|1.5970353|0.017747605|1.5970352|0.017747605|1.5970352|0.017747605|1.5970352|0.017747605|1.5970352|0.017747605,,nan,False,118.95200697885956,227.57740438926822,304.29864164738046,406.3515090031583,239.84055843034315,296.10890645548807,338.998565239142,394.8972298978572,1746.7304989811505,3204.5213910760667,4748.950449367807,7163.107334249654,1.3339575456319745e-12,3.57653108827693e-20,0.0025294198324502582,NUMERICAL_OR_MASS_BALANCE,False
PRI_UPSTREAM_CENTER_F3p333333,DECISION_GRADE_PHYSICAL_SCREEN,FIXED_RANDOM,64,830576833.5842906,306282950400.0,1172130105.7616374,167729909381.8505,138211487745.97177,0.0003662109375,1.1924285484874375e-15,3.329447242660698e-05,60.33834004115938,0.8388948439535956,0.41712890625,0.5713367608947417,0.07024936972551356,0.1902309747579407,0.0654612128815772,0.1916835016498432,0.06094296293440411,0.19544775194950834,0.010641361209986872,0.489571875,0.01757578125,0.017591482032968318,0.009010979982249737,0.8532390606909204,0.023500668|0.015834206|0.0083684267|0.016846861|0.012598062|0.013527367|0.017101564|0.022260388|0.01584663|0.0033923509|0.021333026|0.0036524965|0.022107366|0.011052835|0.0019293533|0.01575708|0.018965157|0.023661852|0.012080516|0.002495062|0.0071993258|0.00026185249|0.01719627|0.0021460865|0.0018099193|0.018300651|0.0063247402|0.0016476494|0.014252493|0.0042771614|0.00097996167|0.012947692|0.015035384|0.022923994|0.0098915827|0.018968329|0.011930209|0.0071752734|0.01376416|0.0036030805|0.022048515|0.012015637|0.0082001911|0.010285212|0.0033713502|0.0035436073|0.021738388|0.01678079|0.0090589315|0.014345677|0.0064338479|0.00066137317|0.010791932|0.019217465|0.015786633|0.017174127|0.008086562|0.015365908|0.0013508654|0.019076937|0.022320194|0.013275884|0.023224805|0.017316978,0.46499334|0.31386793|0.16600835|0.33332251|0.24965169|0.26786378|0.33854881|0.44065573|0.31406773|0.067647143|0.42181502|0.07299209|0.4371314|0.21930264|0.038549938|0.31154112|0.37546842|0.46842779|0.23967561|0.049770574|0.14240199|0.0054439165|0.33992715|0.043060977|0.035857528|0.36181455|0.12570117|0.032805428|0.2817893|0.085076343|0.019530879|0.25597245|0.29768445|0.45369628|0.19637946|0.37531451|0.23652932|0.14227791|0.27234243|0.071734092|0.43596572|0.23833205|0.16254075|0.20361254|0.067024203|0.070172231|0.4298325|0.33251281|0.17969256|0.28390761|0.12771134|0.013313582|0.21334807|0.38027103|0.31276817|0.34006765|0.16048604|0.30403829|0.027274419|0.37714319|0.44191051|0.26325444|0.45957763|0.34316755,1.5368962|1.0444054|0.55398554|1.1015011|0.8298719|0.88789598|1.1210845|1.4589694|1.0444973|0.23008742|1.3906134|0.25019502|1.441176|0.73235125|0.13206173|1.0268031|1.2436758|1.5512836|0.80017255|0.16948643|0.47009143|0.021246591|1.1195054|0.14972268|0.11908646|1.192288|0.42236657|0.11096244|0.92869557|0.28672409|0.066301559|0.84337103|0.98623853|1.5009592|0.65725441|1.24049|0.78763923|0.47403764|0.9001402|0.24256938|1.4373062|0.79498773|0.54080575|0.67428567|0.22545802|0.23264127|1.4170706|1.104981|0.59948165|0.93909749|0.42717194|0.046821856|0.70286498|1.2572017|1.0388087|1.1271344|0.53640937|1.00494|0.09690314|1.2425683|1.4639979|0.87719933|1.5195262|1.1407628,1|0.99997612|-0.099382812|0.03758263|0.11233912|-0.15735077|0.097500035|-0.31055488|0.051487616|-0.42041138,2.298885524466603,False,118.95200697885956,227.57740438926822,304.29864164738046,406.3515090031583,239.84055843034315,296.10890645548807,338.998565239142,394.8972298978572,1746.7304989811505,3204.5213910760667,4748.950449367807,7163.107334249654,1.3339575456319745e-12,3.57653108827693e-20,0.0025294198324502582,NUMERICAL_OR_MASS_BALANCE,False
PRI_UPSTREAM_CENTER_F8p0,DECISION_GRADE_PHYSICAL_SCREEN,SINGLE_PULSE,12,369677.82447014813,9600000000.0,1.6570331911504766e-17,2726280152.7141256,6874089525.110335,9.5367431640625e-06,9.933724933625276e-16,-1.532115124642593e-08,46.89159942650714,0.07103913979457295,0.023433333333333334,0.41280174174803197,0.05176557263363526,0.014367212178575086,0.009933585987309672,0.014405489040776655,0.008983966109201916,0.05429516948225623,0.003350276259277852,0.9743,0.0032,0.9999999999999999,0.9999999999999989,0.9999999999727527,2.1098558e-08|-2.8562644e-17|-2.0758064e-17|5.9948366e-17|1.9013893e-15|1.9645786e-15|2.0217348e-15|2.0726361e-15|2.1171059e-15|2.1550018e-15|2.1862066e-15|2.2106194e-15,1.7265862e-05|-5.8652681e-14|-4.1795559e-14|1.2073598e-13|3.82943e-12|3.9566954e-12|4.0718089e-12|4.1743251e-12|4.263888e-12|4.3402111e-12|4.4030581e-12|4.4522258e-12,0.0017930024|-5.6814044e-12|-4.4855981e-12|1.2960174e-11|4.1106541e-10|4.2472664e-10|4.3708336e-10|4.4808784e-10|4.5770186e-10|4.6589466e-10|4.726409e-10|4.7791876e-10,,nan,True,68.61548668987581,100.39084080567785,123.94488761317398,154.53296352345893,107.93987152022888,131.02456653431426,149.47248336049284,175.10596758693333,1616.698945941653,3074.4898336372335,4618.918900955756,7033.0757680996485,8.230035091157215e-13,1.2862622260832154e-20,0.0023193854449478327,NUMERICAL_OR_MASS_BALANCE|KNOWN_DEAD_FLOW_ANCHOR,False
PRI_UPSTREAM_CENTER_F8p0,DECISION_GRADE_PHYSICAL_SCREEN,STEP_ON_OFF,12,369677.82447014813,38400000000.0,-1.0497053845597725e-18,10905066153.032036,27495303524.79244,-3.814697265625e-06,9.934011827568212e-17,-1.516193458138008e-08,46.891599427634716,0.28415397505352763,0.09373333333333334,0.412788449776992,0.05176399209421922,0.057468857117388875,0.037257344576726956,0.05762116811037371,0.03344574883640915,0.08941974050635171,0.0047645692770291225,0.8972,0.0128,0.6071428573893048,0.6071428597586644,0.8458591529396993,-2.2308041e-17|5.4939394e-17|2.1098558e-08|2.1098558e-08|2.1098558e-08|2.1098558e-08|-3.3143859e-17|-1.7798737e-17|6.7441044e-17|2.3618294e-15|2.3914804e-15|2.4160316e-15,-4.536155e-14|1.1061915e-13|1.7265862e-05|1.7265862e-05|1.7265862e-05|1.7265862e-05|-6.78009e-14|-3.5837031e-14|1.3582623e-13|4.7567639e-12|4.816483e-12|4.8659295e-12,-4.5518432e-12|1.1871971e-11|0.0017930024|0.0017930024|0.0017930024|0.0017930024|-6.6573266e-12|-3.846112e-12|1.4580007e-11|5.1060892e-10|5.1701949e-10|5.2232727e-10,,nan,True,68.61548668987581,100.39084080567785,123.94488761317398,154.53296352345893,107.93987152022888,131.02456653431426,149.47248336049284,175.10596758693333,1616.698945941653,3074.4898336372335,4618.918900955756,7033.0757680996485,8.230035091157215e-13,1.2862622260832154e-20,0.0023193854449478327,NUMERICAL_OR_MASS_BALANCE|KNOWN_DEAD_FLOW_ANCHOR,False
PRI_UPSTREAM_CENTER_F8p0,DECISION_GRADE_PHYSICAL_SCREEN,ALTERNATING_BINARY,12,369677.82447014813,57600000000.0,0.00040583663993417495,16357590153.243977,41242779524.58011,-1.52587890625e-05,2.6490783215189106e-16,-1.7967709403358902e-08,46.89159942862216,0.4262305318928299,0.1406,0.4127869728871667,0.05176381647790933,0.08620325003038443,0.05340900874853367,0.08643158375415012,0.0476784662512987,0.10190405506718328,0.004947739959159882,0.8458,0.0192,-0.9999999999999998,-0.9999999999999999,-0.488954367422177,2.1098558e-08|-2.8562644e-17|2.1098558e-08|-3.0000884e-17|2.1098558e-08|-3.8965442e-16|2.1098558e-08|-3.1611681e-17|2.1098558e-08|-2.8502501e-17|2.1098558e-08|-3.3526533e-17,1.7265862e-05|-5.8652681e-14|1.7265862e-05|-6.1524661e-14|1.7265862e-05|-7.7941609e-13|1.7265862e-05|-6.4741277e-14|1.7265862e-05|-5.8532553e-14|1.7265862e-05|-6.8565122e-14,0.0017930024|-5.6814044e-12|0.0017930024|-5.9877813e-12|0.0017930024|-8.2548226e-11|0.0017930024|-6.3309279e-12|0.0017930024|-5.668587e-12|0.0017930024|-6.7388578e-12,,nan,True,68.61548668987581,100.39084080567785,123.94488761317398,154.53296352345893,107.93987152022888,131.02456653431426,149.47248336049284,175.10596758693333,1616.698945941653,3074.4898336372335,4618.918900955756,7033.0757680996485,8.230035091157215e-13,1.2862622260832154e-20,0.0023193854449478327,NUMERICAL_OR_MASS_BALANCE|KNOWN_DEAD_FLOW_ANCHOR,False
PRI_UPSTREAM_CENTER_F8p0,DECISION_GRADE_PHYSICAL_SCREEN,FIXED_RANDOM,64,369677.82447014813,306282950400.0,520359.24517791043,86979947700.52974,219302852018.04996,-0.000396728515625,1.2952991221467563e-15,4.499627442867979e-12,45.146856795045736,0.42495722920244877,0.1883328125,0.41278379264761783,0.05176343831682327,0.09476154766986247,0.04733374865632319,0.09502981495112334,0.04149423990084622,0.09962389207326208,0.0057676269566324205,0.78030078125,0.0118578125,0.009916350813614158,-0.0008233833483574399,0.834426168158376,2.0187269e-08|1.3573525e-08|7.1673062e-09|1.4472408e-08|1.0802841e-08|1.1609882e-08|1.4681895e-08|1.9111749e-08|1.35865e-08|2.8879704e-09|1.8339626e-08|3.101551e-09|1.9005053e-08|9.464243e-09|1.638703e-09|1.3547151e-08|1.6280427e-08|2.0313522e-08|1.0345129e-08|2.123296e-09|6.1866242e-09|2.1185022e-10|1.4787915e-08|1.8137365e-09|1.5524942e-09|1.5734798e-08|5.4052392e-09|1.4052053e-09|1.2253768e-08|3.6518647e-09|8.3480617e-10|1.1132907e-08|1.2906114e-08|1.9686262e-08|8.4640658e-09|1.6293994e-08|1.0224572e-08|6.148457e-09|1.1823568e-08|3.073068e-09|1.8954543e-08|1.029234e-08|7.0297014e-09|8.8298515e-09|2.8802272e-09|3.041167e-09|1.8687963e-08|1.4390841e-08|7.759374e-09|1.2320165e-08|5.5063857e-09|5.5683282e-10|9.2795884e-09|1.6506604e-08|1.3540548e-08|1.4740106e-08|6.9224364e-09|1.3199342e-08|1.1332449e-09|1.6403221e-08|1.9159537e-08|1.1375603e-08|1.9948201e-08|1.4849186e-08,1.6520114e-05|1.1107802e-05|5.8653162e-06|1.1843396e-05|8.8404315e-06|9.5008679e-06|1.2014829e-05|1.563997e-05|1.111842e-05|2.3633508e-06|1.5008108e-05|2.5381331e-06|1.5552656e-05|7.7449989e-06|1.3410208e-06|1.1086219e-05|1.3322977e-05|1.6623433e-05|8.4658659e-06|1.7375853e-06|5.0627818e-06|1.733659e-07|1.210159e-05|1.4842583e-06|1.2704724e-06|1.2876465e-05|4.4233406e-06|1.1499396e-06|1.0027787e-05|2.9884785e-06|6.8315762e-07|9.1105386e-06|1.0561631e-05|1.6110119e-05|6.9265105e-06|1.3334079e-05|8.3672088e-06|5.0315478e-06|9.6757365e-06|2.5148242e-06|1.5511322e-05|8.4226668e-06|5.7527082e-06|7.2258488e-06|2.3570142e-06|2.4887182e-06|1.5293168e-05|1.1776647e-05|6.3498309e-06|1.0082123e-05|4.5061132e-06|4.5568012e-07|7.593888e-06|1.3508067e-05|1.1080815e-05|1.2062466e-05|5.6649286e-06|1.0801591e-05|9.273826e-07|1.3423465e-05|1.5679077e-05|9.3091478e-06|1.6324475e-05|1.215173e-05,0.001715559|0.0011535083|0.00060909363|0.0012298974|0.00091804947|0.0009866336|0.0012477001|0.0016241589|0.001154611|0.00024542614|0.0015585422|0.0002635767|0.0016150917|0.00080429243|0.00013926058|0.0011512671|0.001383547|0.0017262884|0.00087915208|0.00018044245|0.00052575309|1.8003483e-05|0.00125671|0.00015413532|0.00013193437|0.0013371781|0.00045934925|0.00011941743|0.0010413524|0.00031034358|7.0943663e-05|0.0009460992|0.0010967903|0.0016729824|0.00071929514|0.0013846999|0.00086890686|0.00052250955|0.0010047931|0.00026115615|0.0016107993|0.00087466599|0.00059739966|0.00075038042|0.00024476811|0.00025844513|0.0015881447|0.0012229657|0.00065940887|0.001046995|0.0004679449|4.7320876e-05|0.00078860007|0.0014027679|0.0011507059|0.001252647|0.00058828404|0.0011217094|9.6305627e-05|0.0013939822|0.0016282201|0.0009667241|0.0016952425|0.0012619168,0.99999366|-0.2049349|-0.24231766|-0.17364649|0.056382759|-0.29721515|-0.057019586|-0.14472293|0.061380164|-0.24673229,1.1177565841958965,False,68.61548668987581,100.39084080567785,123.94488761317398,154.53296352345893,107.93987152022888,131.02456653431426,149.47248336049284,175.10596758693333,1616.698945941653,3074.4898336372335,4618.918900955756,7033.0757680996485,8.230035091157215e-13,1.2862622260832154e-20,0.0023193854449478327,NUMERICAL_OR_MASS_BALANCE|KNOWN_DEAD_FLOW_ANCHOR,False
PRI_DOWNSTREAM_CENTER_F0p0,DECISION_GRADE_PHYSICAL_SCREEN,SINGLE_PULSE,12,3220247566.9440446,9600000000.0,97766.40885388973,12820149800.53521,0.0,-1.9073486328125e-05,1.4877627150745839e-15,3.2290831266112074e-05,76.18388291024789,0.3528192023105044,0.13560833333333333,0.9122206916564952,0.1076510827758143,0.06948825011148231,0.036096797962621795,0.07090974017870505,0.03659489284956764,0.20474653977039473,0.04949047871396021,0.8271666666666667,0.01315,1.0,0.9812113775565119,0.9929078552552089,3.0627836|0.94468337|0.30925756|0.10530242|0.036901894|0.013195494|0.004783303|0.0017495521|0.00064363793|0.00023766275|8.7962239e-05|3.260402e-05,3.4439537|1.0171263|0.32497452|0.10888717|0.037730307|0.013387559|0.004827868|0.0017598946|0.00064603829|0.00023821985|8.8091537e-05|3.2634029e-05,3.6232755|1.0511648|0.33229361|0.11055233|0.038114872|0.013476705|0.004848552|0.0017646948|0.00064715236|0.00023847841|8.8151547e-05|3.2647957e-05,,nan,False,179.39462920983615,439.3751066964934,732.3614365203309,1209.2920607844858,489.4623154461359,657.5643310156145,812.3436367012666,1047.0745247249822,2012.0656029435327,3469.86392439632,5014.293081271725,7428.449963364752,3.216949609850519e-14,3.29164813017379e-26,0.003018877318930482,,True
PRI_DOWNSTREAM_CENTER_F0p0,DECISION_GRADE_PHYSICAL_SCREEN,STEP_ON_OFF,12,3220247566.9440446,38400000000.0,16650732.886882199,41603596834.05719,0.0,-2.288818359375e-05,5.499290593342945e-16,0.00523026629780494,77.579775135004,1.139340180023821,0.3771333333333333,0.8887602209290582,0.10517369524367823,0.213631010797926,0.09672701322335535,0.21532034464071798,0.09663593375678947,0.3079138725001523,0.06378762140366508,0.5233125,0.059458333333333335,0.7399463569452019,0.7286925060486331,0.8717130269971421,0.56562909|0.18657482|2.5610465|3.2777448|3.5086901|3.5863769|1.1162071|0.36768893|0.12578571|0.044228028|0.015851581|0.0057548941,0.60628646|0.19544662|2.9035859|3.6822972|3.9265729|4.0072925|1.1973104|0.38538347|0.1298276|0.045162434|0.01606824|0.0058051669,0.62537082|0.19957683|3.0647647|3.8726604|4.1231468|4.2052754|1.235381|0.39362112|0.13170497|0.045596195|0.016168801|0.0058284999,,nan,False,179.39462920983615,439.3751066964934,732.3614365203309,1209.2920607844858,489.4623154461359,657.5643310156145,812.3436367012666,1047.0745247249822,2012.0656029435327,3469.86392439632,5014.293081271725,7428.449963364752,3.216949609850519e-14,3.29164813017379e-26,0.003018877318930482,,True
PRI_DOWNSTREAM_CENTER_F0p0,DECISION_GRADE_PHYSICAL_SCREEN,ALTERNATING_BINARY,12,3220247566.9440446,57600000000.0,1744818139.047132,59075429427.8969,0.0,1.52587890625e-05,2.508833763904833e-16,0.17745917804541075,76.18388291024789,1.6154338042123493,0.6515375,0.8820078461931317,0.10445810407992899,0.34055152352176604,0.09749765795867585,0.3421717047206386,0.09653149505851606,0.3609893514973801,0.08439120381122663,0.24370833333333333,0.06577916666666667,-0.989636762608301,-0.9918089303945737,0.6216694208539456,3.0627836|0.94468337|2.806412|0.86341097|2.7794218|0.85412471|2.7761435|0.85294654|2.775715|0.85278947|2.7756572|0.85276808,3.4439537|1.0171263|3.1626417|0.93056685|3.1344533|0.92100414|3.1311109|0.9198111|3.130679|0.91965323|3.1306209|0.9196318,3.6232755|1.0511648|3.3301983|0.9621403|3.3014531|0.95244923|3.298081|0.9512493|3.2976474|0.95109106|3.2975893|0.95106961,,nan,False,179.39462920983615,439.3751066964934,732.3614365203309,1209.2920607844858,489.4623154461359,657.5643310156145,812.3436367012666,1047.0745247249822,2012.0656029435327,3469.86392439632,5014.293081271725,7428.449963364752,3.216949609850519e-14,3.29164813017379e-26,0.003018877318930482,,True
PRI_DOWNSTREAM_CENTER_F0p0,DECISION_GRADE_PHYSICAL_SCREEN,FIXED_RANDOM,64,3220247566.9440446,306282950400.0,4831359041.307406,304671838925.637,0.0,-0.00042724609375,1.3804254578191186e-15,0.0830053985761186,73.97131425941323,1.5607847286730974,0.625559375,0.877642485928419,0.1039948702401368,0.3425408617099617,0.10216199154433141,0.34340150642988365,0.10167199020567902,0.3436932153752351,0.08252581257943048,0.269440625,0.051953125,0.38311173006195054,0.3554363084699722,0.9377552456202748,2.9549265|2.518456|1.6346789|2.2300181|1.9708974|1.9900194|2.3583312|2.994321|2.5356525|1.1345731|2.5363331|1.1494672|2.6170681|1.926399|0.79781057|1.8621272|2.5013339|3.1773868|2.2077488|0.94563933|1.038861|0.35127622|1.8660987|0.7857203|0.43486948|2.0022561|1.2523345|0.55995999|1.6312838|0.93370499|0.39386208|1.4458228|1.9710926|2.938446|1.9083764|2.529424|1.9951082|1.3532276|1.8274233|0.93118121|2.5405279|1.9987955|1.4567554|1.5039958|0.81064113|0.61861655|2.4078178|2.4401526|1.6753905|1.9856986|1.2695567|0.46731035|1.2519893|2.3396791|2.3221329|2.4661429|1.5863105|2.0634979|0.77526707|2.1931823|2.9423882|2.2553843|3.0675888|2.7080477,3.3213891|2.8072183|1.8063765|2.4974435|2.196305|2.2210399|2.6398077|3.3567199|2.8242575|1.237202|2.8532792|1.2594583|2.9461133|2.1413772|0.8662475|2.0949166|2.8080752|3.5638034|2.4486499|1.0271648|1.15549|0.37709038|2.1102791|0.86080042|0.47527454|2.2643081|1.3887756|0.60954676|1.8392097|1.0318333|0.4268111|1.6323139|2.2144575|3.3026275|2.1143952|2.8329767|2.2181513|1.4958837|2.0462854|1.0225683|2.8647807|2.226083|1.6144523|1.6773768|0.89050866|0.68365707|2.7221206|2.7314995|1.8567434|2.2201603|1.4033785|0.50267517|1.409239|2.6357326|2.5968123|2.7570057|1.7540071|2.3095875|0.84060657|2.4715624|3.304101|2.5080564|3.4388298|3.0186147,3.49379|2.943052|1.887095|2.623223|2.3023329|2.3296945|2.7722118|3.5272029|2.9600037|1.2854176|3.0023633|1.3111856|3.1008905|2.2425074|0.89838401|2.2044138|2.9523983|3.7455909|2.5619429|1.0654457|1.2103183|0.38921483|2.2251603|0.89611919|0.49424056|2.387604|1.4529668|0.63282869|1.9370233|1.0779936|0.44227421|1.7200493|2.3289672|3.4739624|2.2112865|2.9757446|2.3230581|1.5629485|2.1492261|1.065537|3.0173207|2.3330111|1.6885937|1.758914|0.92805452|0.71422617|2.8700043|2.8685803|1.9420181|2.3304284|1.4663071|0.51926652|1.4832064|2.7750357|2.7260338|2.8938153|1.8328583|2.4253282|0.87131137|2.6025107|3.4742918|2.6268971|3.6134493|3.1646983,0.99997752|0.98740162|0.67619277|0.11047028|0.20345105|-0.13479789|0.18847467|0.019837066|-0.38880313|-0.41424405,3.185804977833915,False,179.39462920983615,439.3751066964934,732.3614365203309,1209.2920607844858,489.4623154461359,657.5643310156145,812.3436367012666,1047.0745247249822,2012.0656029435327,3469.86392439632,5014.293081271725,7428.449963364752,3.216949609850519e-14,3.29164813017379e-26,0.003018877318930482,,True
PRI_DOWNSTREAM_CENTER_F0p25,DECISION_GRADE_PHYSICAL_SCREEN,SINGLE_PULSE,12,2552009152.1985407,9600000000.0,24329.307999212906,10483785499.748144,1668199323.142413,-1.5974044799804688e-05,1.3145188256309587e-15,4.794018461874687e-06,75.39042866981288,0.2875062719610573,0.10645,0.9176135423713802,0.10821862121481395,0.055101770084479064,0.030225586604457295,0.056261532142056696,0.030597722886639808,0.17115928517564807,0.0450168828138009,0.8675833333333334,0.0114125,0.9999624388917095,0.9901111335639494,0.9942393945197198,2.6441303|0.7212235|0.21259679|0.065841476|0.021080967|0.0068953485|0.0022852965|0.00076342126|0.00025622118|8.6228818e-05|2.9065629e-05|9.8063358e-06,3.0975459|0.80131593|0.22973299|0.069923745|0.022138086|0.0071902278|0.0023728096|0.00079062785|0.00026495287|8.9089062e-05|3.0014431e-05|1.0123458e-05,3.3302653|0.84179875|0.23828092|0.071943199|0.022657274|0.0073341419|0.0024153069|0.00080379256|0.00026916799|9.0467765e-05|3.0471365e-05|1.0276099e-05,,nan,False,156.6093454190518,380.5629333407188,635.1177576546681,1055.2691728570128,434.33213929201213,584.6624784541128,722.1082657418298,929.7919154536039,1961.150595677596,3418.9437007775637,4963.372886929009,7377.529760676344,1.3670909998476569e-15,6.461749369206376e-29,0.0029181160258332107,,True
PRI_DOWNSTREAM_CENTER_F0p25,DECISION_GRADE_PHYSICAL_SCREEN,STEP_ON_OFF,12,2552009152.1985407,38400000000.0,6603426.533449049,35244196906.409744,5701208819.255431,-8.296966552734375e-05,2.026021854483041e-15,0.0012539957046643208,76.5813498481493,0.961673527743975,0.3037875,0.8962996768232859,0.10597134817760744,0.17652783162466812,0.08872472821851725,0.177976675897507,0.08867016685472262,0.25944467546593064,0.0626014293198284,0.6354208333333333,0.0506625,0.7243880940487772,0.7066327500013495,0.871754950516714,0.42356705|0.1259106|2.2597876|2.8284835|2.9933822|3.0438547|0.83932547|0.2492312|0.077583195|0.024924053|0.0081695494|0.0027110532,0.4684845|0.13565307|2.6706346|3.3079468|3.4871912|3.5410092|0.92882984|0.26861765|0.082249995|0.026144667|0.0085130534|0.0028137059,0.49115306|0.14050737|2.881846|3.553928|3.7403423|3.7958185|0.97400572|0.27827843|0.084556455|0.02674363|0.0086805762|0.0028635281,,nan,False,156.6093454190518,380.5629333407188,635.1177576546681,1055.2691728570128,434.33213929201213,584.6624784541128,722.1082657418298,929.7919154536039,1961.150595677596,3418.9437007775637,4963.372886929009,7377.529760676344,1.3670909998476569e-15,6.461749369206376e-29,0.0029181160258332107,,True
PRI_DOWNSTREAM_CENTER_F0p25,DECISION_GRADE_PHYSICAL_SCREEN,ALTERNATING_BINARY,12,2552009152.1985407,57600000000.0,1229880893.9913867,50670095778.53636,8252032479.670756,3.528594970703125e-05,5.866129860724953e-16,0.07160336676253275,75.39042866981288,1.3806947071503817,0.5477,0.8909844895583877,0.10540916449676725,0.28178398551539346,0.09770596530483396,0.2833727981670493,0.09659710019821072,0.3037578364249415,0.08202498493795596,0.36691666666666667,0.0584625,-0.9932344474862629,-0.995709331214986,0.48474938773285675,2.6441303|0.7212235|2.43316|0.66115438|2.4150166|0.65544241|2.4131682|0.65483382|2.4129657|0.65476601|2.4129429|0.65475833,3.0975459|0.80131593|2.8587944|0.7355866|2.8393593|0.72955426|2.8374251|0.72892101|2.8372151|0.72885084|2.8371915|0.72884291,3.3302653|0.84179875|3.0773931|0.77323458|3.0573166|0.76704429|3.0553403|0.76639904|3.0551267|0.76632772|3.0551028|0.76631967,,nan,False,156.6093454190518,380.5629333407188,635.1177576546681,1055.2691728570128,434.33213929201213,584.6624784541128,722.1082657418298,929.7919154536039,1961.150595677596,3418.9437007775637,4963.372886929009,7377.529760676344,1.3670909998476569e-15,6.461749369206376e-29,0.0029181160258332107,,True
PRI_DOWNSTREAM_CENTER_F0p25,DECISION_GRADE_PHYSICAL_SCREEN,FIXED_RANDOM,64,2552009152.1985407,306282950400.0,3816113109.9221063,262280288512.44284,42738557929.833115,0.0004730224609375,1.5316350895746013e-15,0.03227341304300981,73.13559295612927,1.338807784493096,0.5323796875,0.8866748082064796,0.10495281316771608,0.2898132875666958,0.10125812808245818,0.29074206044596324,0.10067350025615812,0.29180272112931127,0.08094951569793321,0.3865671875,0.0452109375,0.32915865799956756,0.29772958600394317,0.9280903287803984,2.5482197|2.1240857|1.3424352|1.9004906|1.6588113|1.6812852|2.0096123|2.5637905|2.1328581|0.89522352|2.1878724|0.92260838|2.2634196|1.6122111|0.62091987|1.6059457|2.1510229|2.7262376|1.83566|0.73614621|0.86455427|0.26237094|1.6340578|0.63229204|0.34383999|1.7546031|1.0429106|0.43923107|1.416537|0.76894468|0.30394094|1.2602078|1.6997012|2.5362523|1.5832613|2.1579289|1.6686721|1.1111105|1.5564369|0.75086521|2.2082366|1.6826587|1.2063985|1.2666696|0.65341252|0.50559008|2.108835|2.0846013|1.3896805|1.6853397|1.0436626|0.35171401|1.0804711|2.0313396|1.9774438|2.0958503|1.3059619|1.7558665|0.60190247|1.9014206|2.533105|1.8897774|2.6248771|2.2825315,2.9839915|2.4639424|1.5429608|2.2180412|1.9244986|1.9542636|2.3430767|2.9934489|2.4725013|1.0129228|2.5660512|1.0490928|2.6559112|1.8643724|0.69890846|1.8838318|2.515014|3.1842334|2.1175778|0.82930452|1.0028654|0.29138061|1.9265031|0.71818075|0.3906923|2.0682362|1.2020666|0.49600033|1.664986|0.88308097|0.34151989|1.4832916|1.9884536|2.96869|1.8237771|2.5180472|1.9308115|1.2780711|1.8163405|0.8566416|2.5954382|1.9496784|1.3912347|1.4716995|0.74611935|0.58209495|2.4847561|2.4286535|1.6017588|1.9631087|1.1999979|0.3916009|1.2684372|2.3838428|2.3016628|2.4396261|1.5017729|2.0478741|0.67592179|2.2340178|2.9622446|2.1862959|3.0654017|2.6484275,3.2076383|2.6380202|1.6454664|2.3809251|2.0606024|2.0941596|2.5140761|3.2138304|2.6464502|1.0728354|2.7602199|1.1135616|2.8574337|1.9934452|0.73854093|2.0265141|2.701762|3.4191555|2.2618|0.87666576|1.0737416|0.30605839|2.0767859|0.76193361|0.41457632|2.2293999|1.2834618|0.52487886|1.7925952|0.94140628|0.36060851|1.5979005|2.1366101|3.1905925|1.9467719|2.7027487|2.0650196|1.3634415|1.949654|0.9106115|2.7943025|2.0864116|1.4857933|1.576773|0.79343701|0.62123114|2.6779085|2.6050307|1.7102302|2.1055272|1.2799242|0.41179856|1.3649674|2.5648223|2.4678431|2.6158445|1.6018784|2.1976344|0.71350627|2.4048343|3.1824199|2.3380827|3.291373|2.835863,0.99999183|0.99319329|0.75621786|0.11076455|0.24125928|-0.10618974|0.20074064|-0.036152138|-0.40903654|-0.41622845,3.3021674497396867,False,156.6093454190518,380.5629333407188,635.1177576546681,1055.2691728570128,434.33213929201213,584.6624784541128,722.1082657418298,929.7919154536039,1961.150595677596,3418.9437007775637,4963.372886929009,7377.529760676344,1.3670909998476569e-15,6.461749369206376e-29,0.0029181160258332107,,True
PRI_DOWNSTREAM_CENTER_F0p5,DECISION_GRADE_PHYSICAL_SCREEN,SINGLE_PULSE,12,1966043350.7508044,9600000000.0,3805.3883136099275,8533883917.283501,3032155628.078986,4.76837158203125e-06,4.1227336241323297e-16,4.397199729186639e-07,74.48998174600042,0.2330136414580373,0.08339583333333334,0.9260968333607986,0.10910993507915369,0.0437330036468931,0.024990841009216766,0.044660094582420956,0.02522648669077323,0.14300908597978002,0.03876633363853792,0.8966958333333334,0.009725,0.9998925465782703,0.9962992552890936,0.9957732504138812,2.1848157|0.50617218|0.1291105|0.034915379|0.0097925457|0.0028061991|0.00081402544|0.00023773059|6.968324e-05|2.0466029e-05|6.0174687e-06|1.7702749e-06,2.6742436|0.58283082|0.14421109|0.038305177|0.010628445|0.0030268956|0.00087499997|0.00025505087|7.4682437e-05|2.1921956e-05|6.4433082e-06|1.895176e-06,2.9462387|0.62442422|0.15227969|0.040098642|0.01106747|0.0031422173|0.00090675805|0.00026405469|7.7278753e-05|2.2677732e-05|6.6645925e-06|1.9601401e-06,,nan,False,136.00033722799444,326.6060983376062,544.5671489588076,907.4989090970021,380.2328034454775,512.0457617388623,631.9618202864867,812.9142371752166,1910.5420959621144,3368.3334028236955,4912.762514895898,7326.919347898416,1.186950955374298e-11,2.631273888827194e-20,0.002821300574076756,,True
PRI_DOWNSTREAM_CENTER_F0p5,DECISION_GRADE_PHYSICAL_SCREEN,STEP_ON_OFF,12,1966043350.7508044,38400000000.0,2015490.7855129126,29715308653.35963,10648719206.605679,-2.288818359375e-05,5.670157809342065e-16,0.0002266556734579929,75.45206503621344,0.8073074933766206,0.24885833333333332,0.9055610876939107,0.10694923482965282,0.1465605000228963,0.0792131636326772,0.14780551825575877,0.07913911400433665,0.21893206518021194,0.05692419690113531,0.7052041666666666,0.0427125,0.7070398809247104,0.6817001426867629,0.8699375645308463,0.29044274|0.074713343|1.9146892|2.3315488|2.4362675|2.4643012|0.57774195|0.14851421|0.040365792|0.011355821|0.0032598988|0.00094656102,0.33303122|0.083231589|2.3634645|2.8470106|2.9645402|2.995389|0.66267272|0.16548254|0.044218207|0.01231424|0.0035145116|0.0010171809,0.35610085|0.087777496|2.6134131|3.1332365|3.2576254|3.2899663|0.70868345|0.17453885|0.046254562|0.012817272|0.0036474959|0.0010539526,,nan,False,136.00033722799444,326.6060983376062,544.5671489588076,907.4989090970021,380.2328034454775,512.0457617388623,631.9618202864867,812.9142371752166,1910.5420959621144,3368.3334028236955,4912.762514895898,7326.919347898416,1.186950955374298e-11,2.631273888827194e-20,0.002821300574076756,,True
PRI_DOWNSTREAM_CENTER_F0p5,DECISION_GRADE_PHYSICAL_SCREEN,ALTERNATING_BINARY,12,1966043350.7508044,57600000000.0,814129100.7354896,43210057265.57515,15541856984.440073,8.96453857421875e-05,1.504974658368971e-15,0.026430069098290505,74.48998174600042,1.1725090732300647,0.4526375,0.9010520841504183,0.10647340902864931,0.23181942023951677,0.09224793935996364,0.2333333678781999,0.09098165458580716,0.25473276743699547,0.07313455243494724,0.4649083333333333,0.051070833333333336,-0.9958869902506308,-0.9977414732768053,0.34618951330966935,2.1848157|0.50617218|2.0234835|0.46637422|2.0129598|0.46346343|2.0121324|0.4632245|2.0120628|0.46320413|2.0120568|0.46320237,2.6742436|0.58283082|2.4854235|0.53790441|2.4737998|0.53473231|2.4729053|0.53447515|2.4728306|0.53445331|2.4728242|0.53445143,2.9462387|0.62442422|2.7424175|0.57674537|2.7302097|0.57343562|2.72928|0.57316896|2.7292026|0.57314635|2.729196|0.5731444,,nan,False,136.00033722799444,326.6060983376062,544.5671489588076,907.4989090970021,380.2328034454775,512.0457617388623,631.9618202864867,812.9142371752166,1910.5420959621144,3368.3334028236955,4912.762514895898,7326.919347898416,1.186950955374298e-11,2.631273888827194e-20,0.002821300574076756,,True
PRI_DOWNSTREAM_CENTER_F0p5,DECISION_GRADE_PHYSICAL_SCREEN,FIXED_RANDOM,64,1966043350.7508044,306282950400.0,2924519000.0960035,224556994488.69678,80767480261.95747,0.0005340576171875,1.7325526701291924e-15,0.011114629137791194,72.18145479423515,1.1414352280379514,0.45641328125,0.8967416549964716,0.10601806408464981,0.24464864269679157,0.09489713499791601,0.24563667316255436,0.09415366910586011,0.24741899470603249,0.07365852290349015,0.47375703125,0.0389765625,0.2730763202949038,0.244362109169321,0.9171203729568417,2.102994|1.7062606|1.0455156|1.5496469|1.3310923|1.3558245|1.6364452|2.0980859|1.7086867|0.66227376|1.8096935|0.69673915|1.8763755|1.2831941|0.45103656|1.3284806|1.7687061|2.23499|1.4493315|0.53539556|0.68834029|0.18093861|1.3738361|0.47771829|0.25623263|1.4753451|0.82361016|0.32240749|1.1799085|0.59965501|0.21869985|1.0541238|1.4010405|2.0929603|1.2456556|1.760083|1.328441|0.86628818|1.2685757|0.57157598|1.8404374|1.3481115|0.94941005|1.0187052|0.49780871|0.39352364|1.7717239|1.6986528|1.0940171|1.36682|0.81403373|0.24464799|0.89524603|1.6885968|1.6058637|1.6996707|1.0196145|1.4289504|0.43515115|1.5814242|2.0847425|1.5058522|2.1475167|1.8333738,2.573122|2.0674454|1.255679|1.8910345|1.6137707|1.6472815|1.9940372|2.5595951|2.0694362|0.781793|2.2191738|0.82613943|2.3014053|1.5497516|0.52928409|1.6294944|2.160298|2.7269678|1.7462481|0.6292|0.83615648|0.20901753|1.6924366|0.56510013|0.30449544|1.8168497|0.99063994|0.37985347|1.449612|0.71874991|0.25634107|1.2967023|1.711802|2.558873|1.4981723|2.1469649|1.6061395|1.0416618|1.5479617|0.68077021|2.2605421|1.6311985|1.14427|1.2376801|0.59382866|0.4742411|2.1807229|2.0664784|1.3171093|1.6645161|0.97793494|0.28363966|1.0991425|2.0697905|1.9521368|2.0672618|1.2248918|1.7425587|0.50875531|1.9423326|2.546426|1.8195937|2.6211319|2.2226243,2.8343655|2.2675821|1.3718389|2.080628|1.7704448|1.8089331|2.1925269|2.8158395|2.2693152|0.84745385|2.4468844|0.89731629|2.5377637|1.6973031|0.57217169|1.7969019|2.3777797|3.0001273|1.9104963|0.68065435|0.91817061|0.22429681|1.8698021|0.61310573|0.33109162|2.0069449|1.0829643|0.41139427|1.5996611|0.78450844|0.27696889|1.4317014|1.8844004|2.8177026|1.6377718|2.361793|1.7599285|1.1386367|1.7031191|0.74094466|2.4942396|1.7879834|1.2520914|1.359143|0.64678076|0.51891839|2.4083518|2.2705136|1.4404937|1.8297491|1.0685271|0.30490435|1.2125692|2.2816994|2.1441854|2.2711899|1.3383524|1.9166915|0.54901795|2.1431108|2.8028331|1.9932984|2.8841519|2.438359,0.99999681|0.99676997|0.83172745|0.13052286|0.26125406|-0.057636524|0.22061098|-0.10778962|-0.41771714|-0.4245171,3.4408821381506938,False,136.00033722799444,326.6060983376062,544.5671489588076,907.4989090970021,380.2328034454775,512.0457617388623,631.9618202864867,812.9142371752166,1910.5420959621144,3368.3334028236955,4912.762514895898,7326.919347898416,1.186950955374298e-11,2.631273888827194e-20,0.002821300574076756,,True
PRI_DOWNSTREAM_CENTER_F0p666667,DECISION_GRADE_PHYSICAL_SCREEN,SINGLE_PULSE,12,1630775290.4688199,9600000000.0,844.3000860498221,7462885532.880637,3767888913.2880955,9.5367431640625e-07,8.491616043779285e-17,6.797785838674368e-08,73.85084724660916,0.20309714261851627,0.07054583333333334,0.9309794079285608,0.10962212513503071,0.037623187344647833,0.021981530035938418,0.0384130404271811,0.022128506721337968,0.1269541194875185,0.03436510958095282,0.9127375,0.008766666666666667,0.999855643729723,0.99846212613711,0.9967885622405425,1.8817882|0.38210601|0.086481138|0.020863192|0.0052275144|0.0013379307|0.0003463657|9.0207607e-05|2.3566938e-05|6.1667894e-06|1.6149978e-06|4.2312299e-07,2.3744384|0.45142996|0.098978669|0.023450878|0.0058157253|0.0014801048|0.00038202487|9.9339133e-05|2.5931597e-05|6.7827365e-06|1.7759307e-06|4.6523873e-07,2.6623151|0.49081841|0.10596557|0.024882995|0.0061390313|0.0015579128|0.0004014914|0.00010431725|2.7219768e-05|7.1181491e-06|1.8635458e-06|4.881623e-07,,nan,False,123.86895774686946,294.46370514630877,489.8563759915903,816.3922288096998,346.76677392646155,466.54057290617584,575.1076559199267,738.7444943044455,1878.8815077204474,3336.6725358166673,4881.101618598334,7295.25852071318,5.04845606368721e-13,2.5915963921109534e-20,0.0027623747622298523,,True
PRI_DOWNSTREAM_CENTER_F0p666667,DECISION_GRADE_PHYSICAL_SCREEN,STEP_ON_OFF,12,1630775290.4688199,38400000000.0,786176.9767543959,26560545085.88075,13469444027.611347,-3.0517578125e-05,7.623529123170923e-16,6.19072365658578e-05,74.66172353383111,0.7193008797069592,0.21952916666666666,0.91084206344428,0.10750588130754615,0.12997663473480184,0.07274518466258605,0.13110769026400432,0.07263295366992648,0.19583593271072647,0.052062940183262754,0.7417583333333333,0.0378625,0.6950189610716877,0.6660592504533696,0.8678508517492977,0.21565593|0.049205874|1.6780629|2.0020305|2.0743515|2.0916473|0.42982671|0.098027056|0.023760997|0.0059698566|0.0015302023|0.0003964536,0.25380761|0.056185248|2.1340226|2.5192082|2.6023121|2.6218|0.50597265|0.11194626|0.026673307|0.0066367535|0.0016921444|0.00043717942,0.27545056|0.060082705|2.4010644|2.821117|2.9102603|2.9309631|0.54917245|0.11971959|0.028283794|0.0070031148|0.0017807427|0.00045940794,,nan,False,123.86895774686946,294.46370514630877,489.8563759915903,816.3922288096998,346.76677392646155,466.54057290617584,575.1076559199267,738.7444943044455,1878.8815077204474,3336.6725358166673,4881.101618598334,7295.25852071318,5.04845606368721e-13,2.5915963921109534e-20,0.0027623747622298523,,True
PRI_DOWNSTREAM_CENTER_F0p666667,DECISION_GRADE_PHYSICAL_SCREEN,ALTERNATING_BINARY,12,1630775290.4688199,57600000000.0,597679489.8146566,38875094764.038284,19758001036.615795,8.0108642578125e-05,1.352483437626314e-15,0.01308429990684827,73.85084724660916,1.0516472290364416,0.3879916666666667,0.9067439832748494,0.10707397944766817,0.20341713137700465,0.0871458454152454,0.2048615093477007,0.08578929807103092,0.2264528389437855,0.06572729456925502,0.526325,0.0464625,-0.9971578461900724,-0.9984800012546647,0.25470019645077846,1.8817882|0.38210601|1.7526134|0.35376332|1.7459103|0.35210323|1.7454882|0.35199432|1.7454599|0.35198693|1.7454579|0.35198642,2.3744384|0.45142996|2.2196094|0.41869559|2.2120333|0.41684291|2.2115655|0.41672267|2.2115343|0.41671454|2.2115322|0.41671398,2.6623151|0.49081841|2.4928301|0.4556187|2.4847693|0.45365993|2.4842765|0.45353351|2.4842437|0.45352497|2.4842415|0.45352439,,nan,False,123.86895774686946,294.46370514630877,489.8563759915903,816.3922288096998,346.76677392646155,466.54057290617584,575.1076559199267,738.7444943044455,1878.8815077204474,3336.6725358166673,4881.101618598334,7295.25852071318,5.04845606368721e-13,2.5915963921109534e-20,0.0027623747622298523,,True
PRI_DOWNSTREAM_CENTER_F0p666667,DECISION_GRADE_PHYSICAL_SCREEN,FIXED_RANDOM,64,1630775290.4688199,306282950400.0,2414921029.76845,202576265491.87463,102922539168.82555,0.0001983642578125,6.442202515256051e-16,0.005279497549972629,71.50438266464842,1.0265468244194176,0.41190703125,0.9024625317157899,0.10662230512590234,0.21843977912124973,0.0891881107899121,0.21945546137676955,0.08830283504685178,0.22168193543807457,0.06731561605570037,0.52216640625,0.0352953125,0.2364384060220755,0.21120640104248486,0.9092331658757501,1.8098247|1.4396153|0.86342399|1.3240128|1.1232938|1.1486355|1.3956062|1.7947838|1.4394088|0.52567829|1.5619641|0.56105371|1.6211597|1.075417|0.352825|1.1469529|1.5176742|1.9134162|1.2076084|0.41962624|0.58005741|0.13598765|1.1983523|0.38390887|0.20530788|1.2864579|0.68538381|0.25437919|1.022903|0.4947608|0.17006654|0.91642559|1.2036849|1.7997742|1.0346042|1.5032552|1.1144592|0.71662752|1.0837074|0.46384965|1.5955388|1.1348494|0.7901481|0.86204856|0.40469702|0.32604915|1.543739|1.4469447|0.90966217|1.1629764|0.67302488|0.18507112|0.77416861|1.4598525|1.3649991|1.4444753|0.84317916|1.2191444|0.33858942|1.3698407|1.7895232|1.2629816|1.8374861|1.5475492,2.2828441|1.798643|1.0699493|1.6665421|1.4045348|1.4394521|1.7536662|2.2575108|1.7978387|0.63996849|1.9751537|0.68558618|2.0500906|1.339214|0.42684965|1.4507954|1.9107845|2.4067213|1.5005717|0.50865513|0.7276595|0.1616511|1.5213925|0.4675958|0.25205379|1.6325773|0.84969035|0.30915023|1.2955996|0.61134443|0.20562546|1.1620214|1.5157442|2.2680626|1.2831057|1.891224|1.3897687|0.88927975|1.3640032|0.56976883|2.0201341|1.4156785|0.98257733|1.080595|0.49810344|0.4058076|1.9580032|1.8143426|1.129572|1.4609315|0.8341172|0.22107033|0.98020591|1.8441011|1.7105961|1.811706|1.0449411|1.5335463|0.40763449|1.7346457|2.2530022|1.5737325|2.3127121|1.9347913,2.5592217|2.0077771|1.1899433|1.8665732|1.5684094|1.6090411|1.9626367|2.5276396|2.0066146|0.70593221|2.2167841|0.75753414|2.300921|1.4927019|0.46946434|1.628499|2.1403255|2.6946912|1.6709206|0.55995826|0.8137913|0.1762967|1.7105054|0.51586694|0.27914012|1.8351731|0.94512941|0.34074673|1.4551407|0.6789872|0.2260978|1.3057502|1.6979628|2.5415851|1.4274968|2.1177531|1.5500485|0.98964668|1.5276874|0.63110198|2.2685073|1.5791664|1.0945161|1.2080617|0.55224018|0.4522308|2.200442|2.0285827|1.2574194|1.6348255|0.92770938|0.24167927|1.1007429|2.0686921|1.9120975|2.0259026|1.1621615|1.7171155|0.44727608|1.9480649|2.5236264|1.7545882|2.5902131|2.160421,0.99998677|0.99726717|0.86374016|0.12166399|0.28962856|-0.040617022|0.16725046|-0.19074449|-0.41303256|-0.45036604,3.439537120440083,False,123.86895774686946,294.46370514630877,489.8563759915903,816.3922288096998,346.76677392646155,466.54057290617584,575.1076559199267,738.7444943044455,1878.8815077204474,3336.6725358166673,4881.101618598334,7295.25852071318,5.04845606368721e-13,2.5915963921109534e-20,0.0027623747622298523,,True
PRI_DOWNSTREAM_CENTER_F1p0,DECISION_GRADE_PHYSICAL_SCREEN,SINGLE_PULSE,12,1092469899.2918148,9600000000.0,21.561039601678168,5805917406.660054,4886552471.070723,-9.5367431640625e-07,8.919120889640418e-17,8.373351627542876e-10,72.51807449335695,0.15685808601767387,0.052254166666666664,0.9354311484083688,0.11008860698146777,0.02827238739344401,0.017133995419851295,0.028833319400250107,0.017122191005516513,0.10055082480143576,0.026159606254788983,0.9362416666666666,0.007145833333333333,0.9998372051565941,0.9998575964734308,0.9984510941843958,1.3304682|0.19631251|0.033057502|0.0059871988|0.0011280574|0.00021685925|4.2101587e-05|8.2125923e-06|1.6053535e-06|3.1436767e-07|6.1361406e-08|1.2209768e-08,1.7871172|0.24498178|0.039891226|0.0070975568|0.001324951|0.00025353928|4.9113589e-05|9.5698438e-06|1.8701036e-06|3.6574506e-07|7.1760917e-08|1.3897981e-08,2.0806387|0.2752236|0.044065396|0.0077690783|0.0014433333|0.00027552432|5.3309256e-05|1.0381754e-05|2.0280046e-06|3.9679589e-07|7.7630119e-08|1.5252343e-08,,nan,False,103.53031565320946,240.2547595662746,396.47174395040815,658.2472956212977,288.66247455337145,386.68660595539995,474.7824033301271,607.0511187919138,1822.9490566940117,3280.7399835110523,4825.169091966382,7239.325987025292,3.874815744448464e-12,2.969794237838997e-20,0.0026612671162283743,,True
PRI_DOWNSTREAM_CENTER_F1p0,DECISION_GRADE_PHYSICAL_SCREEN,STEP_ON_OFF,12,1092469899.2918148,38400000000.0,83142.96204290305,21454051619.562164,18038335136.767597,1.1444091796875e-05,2.897790851283327e-16,3.1836324874246156e-06,73.05883228328864,0.5770689263943724,0.1741,0.9167820373547021,0.10813116150220337,0.1033272093897964,0.060546541008842346,0.10427857531481635,0.060290333235896845,0.15765891312498495,0.04191986467121679,0.7973958333333333,0.030408333333333332,0.6715137852277122,0.6428595704512617,0.8622961116238319,0.10724702|0.018181575|1.2265268|1.4019762|1.4312241|1.4364904|0.21425845|0.036317374|0.0066023461|0.0012464045|0.00023984407|4.6585824e-05,0.13344249|0.021903163|1.6575898|1.877486|1.9128698|1.9191216|0.2666095|0.043752956|0.0078198154|0.0014632918|0.00028034979|5.4338886e-05,0.14969902|0.024174452|1.9352232|2.1827867|2.2219232|2.2287714|0.29909875|0.048290962|0.0085557231|0.0015936561|0.00030462402|5.8977647e-05,,nan,False,103.53031565320946,240.2547595662746,396.47174395040815,658.2472956212977,288.66247455337145,386.68660595539995,474.7824033301271,607.0511187919138,1822.9490566940117,3280.7399835110523,4825.169091966382,7239.325987025292,3.874815744448464e-12,2.969794237838997e-20,0.0026612671162283743,,True
PRI_DOWNSTREAM_CENTER_F1p0,DECISION_GRADE_PHYSICAL_SCREEN,ALTERNATING_BINARY,12,1092469899.2918148,57600000000.0,297166335.68646175,31716885961.531048,26678417602.074345,-3.814697265625e-05,6.4994662384638e-16,0.0029087097906364953,72.51807449335695,0.8524019296861123,0.2928,0.913481021314578,0.10778378333477018,0.15772139545753186,0.07600800630585146,0.15900422542448045,0.07450724728987274,0.1798340855514289,0.05092727196775968,0.6445333333333333,0.03916666666666667,-0.9987549850977158,-0.9992185414918567,0.0777678124656569,1.3304682|0.19631251|1.2562787|0.18411813|1.2541011|0.18371092|1.2540231|0.1836958|1.2540202|0.18369523|1.2540201|0.1836952,1.7871172|0.24498178|1.6935659|0.23017618|1.6909758|0.22969705|1.6908845|0.22967941|1.6908811|0.22967874|1.690881|0.22967872,2.0806387|0.2752236|1.9750051|0.25881822|1.9721649|0.25829582|1.9720657|0.25827667|1.9720619|0.25827594|1.9720618|0.25827591,,nan,False,103.53031565320946,240.2547595662746,396.47174395040815,658.2472956212977,288.66247455337145,386.68660595539995,474.7824033301271,607.0511187919138,1822.9490566940117,3280.7399835110523,4825.169091966382,7239.325987025292,3.874815744448464e-12,2.969794237838997e-20,0.0026612671162283743,,True
PRI_DOWNSTREAM_CENTER_F1p0,DECISION_GRADE_PHYSICAL_SCREEN,FIXED_RANDOM,64,1092469899.2918148,306282950400.0,1600749842.7144475,166139544821.74393,139635125634.8333,9.1552734375e-05,2.9785314091105593e-16,0.0011047730217338277,70.10183546337416,0.8364424234940269,0.33793515625,0.909432861351322,0.10735741085626754,0.174542438532515,0.07693321778767308,0.17556528351736148,0.0756900734586135,0.1785628063592612,0.05393548652911011,0.60490859375,0.0296875,0.16935624772585783,0.1511283450883044,0.8927581991414765,1.2776349|0.97556456|0.56190661|0.92446825|0.76314064|0.78739388|0.96864499|1.251896|0.97337738|0.31350808|1.1125003|0.34325427|1.1554839|0.71849799|0.20343386|0.81775676|1.0639465|1.3353187|0.7978803|0.24391255|0.39726685|0.071284004|0.86911893|0.23211606|0.12656995|0.93174891|0.44959426|0.14991236|0.73403435|0.31930852|0.097274829|0.6609055|0.84496369|1.2665084|0.67804996|1.0477212|0.74801411|0.46899794|0.75657149|0.29015542|1.1437606|0.76450357|0.52260957|0.59087734|0.25502121|0.21554747|1.1159112|0.997642|0.5987223|0.80502556|0.43878726|0.09898417|0.55413343|1.0382184|0.93801922|0.99463876|0.54953984|0.84880193|0.19146509|0.98180333|1.2547423|0.84542334|1.2839505|1.0510556,1.7156917|1.29922|0.74361576|1.2400752|1.0173203|1.0520318|1.2968808|1.677168|1.2962833|0.40782695|1.4978791|0.44728656|1.5555292|0.95391333|0.26294635|1.101388|1.4260633|1.7886244|1.0576979|0.31615665|0.53218499|0.090103166|1.1733236|0.30102098|0.16654009|1.2573283|0.59406344|0.19485084|0.98939175|0.42072578|0.12583853|0.89150203|1.1325189|1.6990175|0.89702564|1.4047001|0.99488605|0.62161811|1.0147908|0.38049642|1.5409133|1.0164094|0.69380658|0.78998318|0.33532453|0.28678539|1.5050123|1.3321797|0.79338537|1.0780782|0.58051024|0.12622898|0.74694468|1.395302|1.2522717|1.329541|0.72703284|1.1379873|0.24558898|1.3232491|1.6816277|1.1233452|1.7216328|1.4009154,1.9972375|1.5066291|0.85980863|1.4428587|1.1802678|1.2218295|1.5076303|1.9502747|1.5032175|0.46773141|1.7458035|0.51338208|1.8128747|1.1045997|0.30064352|1.2838764|1.6586403|2.0797132|1.2239239|0.36197846|0.61884597|0.1018891|1.36919|0.34470106|0.1920559|1.4669238|0.68636376|0.22338907|1.1537258|0.48545166|0.14394342|1.0399367|1.3172025|1.9768951|1.0370115|1.6340269|1.1530206|0.71926786|1.1806964|0.43805228|1.7964553|1.1777313|0.80340651|0.91776851|0.38654506|0.3324342|1.7554521|1.5467553|0.91791539|1.253422|0.67111584|0.14338229|0.87103302|1.6248553|1.4538277|1.5444523|0.84051001|1.3237626|0.27973742|1.542983|1.9557923|1.3013042|2.0028083|1.625189,0.99993675|0.98899004|0.83688616|0.040923814|0.18795102|-0.0575126|0.3182369|-0.29300214|-0.27822432|-0.47722292,3.3729246810268836,False,103.53031565320946,240.2547595662746,396.47174395040815,658.2472956212977,288.66247455337145,386.68660595539995,474.7824033301271,607.0511187919138,1822.9490566940117,3280.7399835110523,4825.169091966382,7239.325987025292,3.874815744448464e-12,2.969794237838997e-20,0.0026612671162283743,,True
PRI_DOWNSTREAM_CENTER_F2p0,DECISION_GRADE_PHYSICAL_SCREEN,SINGLE_PULSE,12,268830072.1375074,9600000000.0,2.0012937229437096e-06,3244586706.1463704,6624243365.991125,9.5367431640625e-06,9.663499213536382e-16,-8.512530218327435e-09,68.34124201624225,0.08581018179369895,0.0248,0.9082383923618944,0.10723152552956822,0.014110676748602308,0.009348071986395555,0.014278209775042456,0.009071389272480801,0.05449648579608993,0.011122700181141143,0.9704416666666666,0.00435,0.9999684739205831,0.9999999024371031,0.9999600175588506,0.33401373|0.012256258|0.00054354111|2.6306703e-05|1.322298e-06|6.7542672e-08|3.4170557e-09|2.2752626e-10|-4.0135396e-11|4.9891792e-11|-4.9465987e-11|4.9559526e-11,0.54327306|0.018278138|0.00078311603|3.7333322e-05|1.8649465e-06|9.4902564e-08|4.9223885e-09|1.9877731e-10|6.4916786e-11|-5.1443612e-11|5.2218993e-11|-5.2254525e-11,0.71717644|0.023075363|0.00097065647|4.589463e-05|2.2846223e-06|1.16185e-07|5.9342917e-09|3.2819213e-10|-6.1310525e-12|2.2763903e-11|-2.1941051e-11|2.2015259e-11,,nan,True,65.7903800891861,141.2471574365195,225.27169166404616,364.25081807886727,178.17422341720317,233.99167735230142,282.7261147865701,354.2656450766349,1709.301991422486,3167.0928237720136,4711.522004652401,7125.6788628059485,5.874350407097339e-13,3.7639788095819505e-20,0.0024670858091814284,NUMERICAL_OR_MASS_BALANCE,False
PRI_DOWNSTREAM_CENTER_F2p0,DECISION_GRADE_PHYSICAL_SCREEN,STEP_ON_OFF,12,268830072.1375074,38400000000.0,5.659957862842119,12741188764.73581,25927641301.741722,1.52587890625e-05,3.9460177703939873e-16,-3.6361116358690175e-09,68.4461695025925,0.3362509578786385,0.09934166666666666,0.899193097826993,0.10627708640415022,0.05615330566534058,0.03539789439314814,0.056644098404145846,0.03435839716872303,0.08815430946751561,0.019679380125348138,0.8848833333333334,0.017620833333333332,0.623206407837998,0.6173275888041547,0.85108755800812,0.0062673876|0.00027851683|0.32775983|0.33972476|0.34025417|0.34027976|0.012534706|0.00055703014|2.6985009e-05|1.3569257e-06|6.9320724e-08|3.5086905e-09,0.0093396344|0.00040113058|0.53395257|0.55181139|0.55257446|0.55261079|0.018679172|0.00080225612|3.8289879e-05|1.9136593e-06|9.7401827e-08|5.0508471e-09,0.011786229|0.00049709491|0.70541375|0.72796965|0.72891566|0.72896033|0.023572339|0.00099418373|4.7066442e-05|2.3442164e-06|1.1924069e-07|6.0915283e-09,,nan,True,65.7903800891861,141.2471574365195,225.27169166404616,364.25081807886727,178.17422341720317,233.99167735230142,282.7261147865701,354.2656450766349,1709.301991422486,3167.0928237720136,4711.522004652401,7125.6788628059485,5.874350407097339e-13,3.7639788095819505e-20,0.0024670858091814284,NUMERICAL_OR_MASS_BALANCE,False
PRI_DOWNSTREAM_CENTER_F2p0,DECISION_GRADE_PHYSICAL_SCREEN,ALTERNATING_BINARY,12,268830072.1375074,57600000000.0,18913470.04142,19066288434.80119,38783628167.295,-0.0001068115234375,1.845752252194351e-15,1.8100592679074014e-05,68.34124201624225,0.5030366774366698,0.14582083333333334,0.8980346516987202,0.10615470233830702,0.08311969845422283,0.049458841237294764,0.08380030334995564,0.04758477680042272,0.09911533534502186,0.022631746375956475,0.8262541666666666,0.025495833333333332,-0.9999457917858064,-0.9998940413274695,-0.27251497583377066,0.33401373|0.012256258|0.32828988|0.012004048|0.32827771|0.012003437|0.32827768|0.012003435|0.32827768|0.012003435|0.32827768|0.012003435,0.54327306|0.018278138|0.53471654|0.017914341|0.53469926|0.017913479|0.53469922|0.017913477|0.53469922|0.017913477|0.53469922|0.017913477,0.71717644|0.023075363|0.70636087|0.022624162|0.70633962|0.022623106|0.70633957|0.022623104|0.70633957|0.022623104|0.70633957|0.022623104,,nan,False,65.7903800891861,141.2471574365195,225.27169166404616,364.25081807886727,178.17422341720317,233.99167735230142,282.7261147865701,354.2656450766349,1709.301991422486,3167.0928237720136,4711.522004652401,7125.6788628059485,5.874350407097339e-13,3.7639788095819505e-20,0.0024670858091814284,NUMERICAL_OR_MASS_BALANCE,False
PRI_DOWNSTREAM_CENTER_F2p0,DECISION_GRADE_PHYSICAL_SCREEN,FIXED_RANDOM,64,268830072.1375074,306282950400.0,382837040.0395841,100961078927.36905,205207864504.73022,-0.001373291015625,4.47980113998985e-15,7.18296843434252e-06,65.85810948778881,0.4992005901920809,0.185325,0.8959331831441004,0.10593260707608669,0.09533235038249398,0.04945845118141789,0.09595193015845918,0.04727635689177848,0.09986157596530404,0.025141896867104184,0.77021875,0.02040546875,0.046929584811124386,0.03061342040992223,0.8524532068736503,0.31985771|0.22259092|0.11956379|0.22925042|0.17622589|0.18685465|0.23494994|0.3055238|0.22228704|0.053073748|0.28689391|0.05868145|0.29745161|0.15790783|0.031310975|0.21163372|0.26064582|0.32513699|0.17265956|0.039387319|0.097594432|0.0068702756|0.2299954|0.03658288|0.025518379|0.24537028|0.092940158|0.02529448|0.19130357|0.063727654|0.01535105|0.17351995|0.20683076|0.31341548|0.14299514|0.25842796|0.1683167|0.10173593|0.18743581|0.054617437|0.29649086|0.17073443|0.1155235|0.14143609|0.049944655|0.049107858|0.29211004|0.23423794|0.12917775|0.19617169|0.092744328|0.012095756|0.14461966|0.26170416|0.21994479|0.23708679|0.11626239|0.20935711|0.025289928|0.25579299|0.30698262|0.1880006|0.31683598|0.24230295,0.52021141|0.36100619|0.19363148|0.37284808|0.28593085|0.30349802|0.38180329|0.49653439|0.36057477|0.085315171|0.46708739|0.094158864|0.48425217|0.25575552|0.050184326|0.34459708|0.42355873|0.52835566|0.27962527|0.063263774|0.1587728|0.010699754|0.3746405|0.058448098|0.041361595|0.3996014|0.15018127|0.040713594|0.31151523|0.1028607|0.024667065|0.28259723|0.33608089|0.50953339|0.23136397|0.42025384|0.27289712|0.16486647|0.30482348|0.088028933|0.48271917|0.27665707|0.18731156|0.22981582|0.080644407|0.079734958|0.47562638|0.38013408|0.20923934|0.31891006|0.15009447|0.019217992|0.23552831|0.42561999|0.35698936|0.38510925|0.18819255|0.34045488|0.040139872|0.4165617|0.4988264|0.30470935|0.51518263|0.39313154,0.68670923|0.4759052|0.25508052|0.49218074|0.3770126|0.40038125|0.50380188|0.65522225|0.47537587|0.11198352|0.61689311|0.12348086|0.63954788|0.33693543|0.065776627|0.45514249|0.5588981|0.69717899|0.36836771|0.083006854|0.2096195|0.013822813|0.49491602|0.076486819|0.054510621|0.52783729|0.19762735|0.053474629|0.4114614|0.13528254|0.032371867|0.37329105|0.44345164|0.67248605|0.30464998|0.55472869|0.359699|0.21725518|0.40237275|0.11569444|0.63754272|0.36455247|0.24689758|0.30323464|0.10608345|0.10517034|0.62819983|0.50127265|0.27566578|0.42089086|0.19766059|0.025080349|0.31111551|0.56183538|0.47078517|0.50805841|0.24785622|0.44939505|0.052356489|0.55023211|0.65819603|0.40156516|0.67999868|0.51835458,0.99999991|0.99968264|0.94683523|0.37074117|0.31061678|0.02649544|0.20176322|-0.63976078|-0.36835775|-0.50421435,3.8561343967687804,False,65.7903800891861,141.2471574365195,225.27169166404616,364.25081807886727,178.17422341720317,233.99167735230142,282.7261147865701,354.2656450766349,1709.301991422486,3167.0928237720136,4711.522004652401,7125.6788628059485,5.874350407097339e-13,3.7639788095819505e-20,0.0024670858091814284,NUMERICAL_OR_MASS_BALANCE,False
PRI_DOWNSTREAM_CENTER_F3p333333,DECISION_GRADE_PHYSICAL_SCREEN,SINGLE_PULSE,12,24166734.87723569,9600000000.0,-8.559632020721199e-18,1985649595.1224775,7638517139.7547455,1.239776611328125e-05,1.2881911187544897e-15,-1.12435426098934e-08,62.677559896875685,0.05173439167661792,0.012845833333333334,0.8523023547286551,0.10129638762209608,0.007824633008734979,0.0055191678435107016,0.007867601983582242,0.005210279836450191,0.031037139460839327,0.004869760989472019,0.9850041666666667,0.0029125,0.9999997799111892,0.9999999999943772,0.9999999832447513,0.02560907|5.7322916e-05|1.6246349e-07|4.8861281e-10|-1.4640174e-11|-1.6751062e-11|-1.6968285e-11|-1.7684832e-11|-1.7962857e-11|-1.8077654e-11|-1.8133633e-11|-1.8169412e-11,0.053414661|0.00010910009|2.9968674e-07|9.403039e-10|2.6416441e-11|2.4230876e-11|2.4527972e-11|2.5563697e-11|2.5965587e-11|2.6131527e-11|2.6212447e-11|2.6264165e-11,0.084494687|0.00016439106|4.4381631e-07|1.3393158e-09|-9.3602672e-12|-1.406907e-11|-1.4261088e-11|-1.4863345e-11|-1.5097014e-11|-1.5193496e-11|-1.5240544e-11|-1.5270615e-11,,nan,True,42.1547357680423,83.28498072189127,127.917657753765,200.0469661358172,110.54155202219071,142.8758591394853,170.61356651654634,209.9484032232704,1631.642541866474,3089.433421697821,4633.862505152579,7048.019340588182,1.4800351213692067e-12,5.0946842773540476e-20,0.002342607556112165,NUMERICAL_OR_MASS_BALANCE,False
PRI_DOWNSTREAM_CENTER_F3p333333,DECISION_GRADE_PHYSICAL_SCREEN,STEP_ON_OFF,12,24166734.87723569,38400000000.0,2.9353287171342636e-08,7931235461.993177,30492931272.884014,4.1961669921875e-05,1.0920645387421455e-15,-1.1244025050893062e-08,62.68252445217373,0.2065727185044147,0.05139166666666667,0.8510307753799458,0.101160548188509,0.031317267355209136,0.021357105548343986,0.03148584880367081,0.020116799923111047,0.050225442716918624,0.008717559575824627,0.94,0.011691666666666666,0.6080931356038788,0.6078574569706036,0.8543220860574107,2.8702181e-05|8.139036e-08|0.025580368|0.02563761|0.025637772|0.025637772|5.740428e-05|1.6271574e-07|4.8944478e-10|-1.4608604e-11|-1.6720467e-11|-1.6936636e-11,5.4625018e-05|1.5002639e-07|0.053360036|0.053468986|0.053469285|0.053469286|0.00010925016|3.0014673e-07|9.4173243e-10|2.6379298e-11|2.4186679e-11|2.4482224e-11,8.2306688e-05|2.22274e-07|0.084412381|0.084576549|0.084576992|0.084576993|0.00016461331|4.4449337e-07|1.3414895e-09|-9.3289848e-12|-1.4043341e-11|-1.4234489e-11,,nan,True,42.1547357680423,83.28498072189127,127.917657753765,200.0469661358172,110.54155202219071,142.8758591394853,170.61356651654634,209.9484032232704,1631.642541866474,3089.433421697821,4633.862505152579,7048.019340588182,1.4800351213692067e-12,5.0946842773540476e-20,0.002342607556112165,NUMERICAL_OR_MASS_BALANCE,False
PRI_DOWNSTREAM_CENTER_F3p333333,DECISION_GRADE_PHYSICAL_SCREEN,ALTERNATING_BINARY,12,24166734.87723569,57600000000.0,102178.60486371067,11894942342.827658,45729122213.444695,1.52587890625e-05,2.6479843314184644e-16,5.903204060812187e-09,62.677559896875685,0.3097977291960922,0.07699166666666667,0.8508880912782276,0.1011453030636304,0.04688714864808667,0.031243575588739615,0.04713462518686301,0.029367007254910725,0.056984358485405937,0.010157050690295974,0.9100666666666667,0.017433333333333332,-0.9999998279136932,-0.9999994927498637,-0.28620047551722255,0.02560907|5.7322916e-05|0.025580531|5.7242055e-05|0.02558053|5.7242055e-05|0.02558053|5.7242055e-05|0.02558053|5.7242055e-05|0.02558053|5.7242055e-05,0.053414661|0.00010910009|0.053360335|0.00010895094|0.053360335|0.00010895094|0.053360335|0.00010895094|0.053360335|0.00010895094|0.053360335|0.00010895094,0.084494687|0.00016439106|0.084412824|0.00016417016|0.084412823|0.00016417015|0.084412823|0.00016417015|0.084412823|0.00016417015|0.084412823|0.00016417015,,nan,False,42.1547357680423,83.28498072189127,127.917657753765,200.0469661358172,110.54155202219071,142.8758591394853,170.61356651654634,209.9484032232704,1631.642541866474,3089.433421697821,4633.862505152579,7048.019340588182,1.4800351213692067e-12,5.0946842773540476e-20,0.002342607556112165,NUMERICAL_OR_MASS_BALANCE,False
PRI_DOWNSTREAM_CENTER_F3p333333,DECISION_GRADE_PHYSICAL_SCREEN,FIXED_RANDOM,64,24166734.87723569,306282950400.0,34041791.57130871,63228715277.504715,243044360065.8002,0.001068115234375,3.4870728580056898e-15,8.981300538285533e-09,60.348332392870866,0.30874289178034625,0.10064140625,0.8505842312842102,0.10111283532967685,0.05466185758307873,0.03229571871404668,0.054955934297671025,0.030027854090617246,0.05778983534526123,0.011574188471670221,0.87855625,0.01511328125,0.01206413288955814,-0.007771216578359385,0.8401483124523295,0.024504203|0.016511699|0.0087267857|0.017566225|0.013136929|0.014105504|0.017832244|0.023211438|0.016524545|0.003538449|0.022243317|0.0038101698|0.023050712|0.011526248|0.0020126248|0.016429392|0.019775526|0.024672848|0.012597906|0.0026025549|0.007506644|0.00027365365|0.017929826|0.0022391385|0.0018873147|0.019081451|0.0065961358|0.0017184894|0.0148606|0.0044608596|0.0010221403|0.013500081|0.015677875|0.02390317|0.010315534|0.019778322|0.012440774|0.0074823938|0.014351922|0.0037579828|0.022989345|0.012530115|0.0085510388|0.010724663|0.0035160629|0.0036950621|0.022665982|0.017498506|0.0094468277|0.014958409|0.006709552|0.00069015107|0.011252336|0.020038161|0.016461721|0.017908102|0.008433014|0.016022075|0.0014098368|0.019890812|0.023273967|0.013844146|0.02421666|0.018057697,0.051109934|0.034432986|0.018197103|0.036639147|0.027396134|0.029418363|0.03719186|0.048411208|0.034460308|0.0073743522|0.04639757|0.0079388302|0.048081662|0.024034056|0.0041935624|0.034270489|0.041244557|0.051458877|0.026268834|0.0054237036|0.015657609|0.00056776564|0.037401071|0.0046634616|0.0039359672|0.039802677|0.013751582|0.0035820203|0.030998149|0.0092991721|0.0021303282|0.028160426|0.032698155|0.049855025|0.021508179|0.041252875|0.025943068|0.015602998|0.029934699|0.0078331923|0.047953679|0.026128122|0.017832127|0.022367889|0.0073300349|0.0077063676|0.047279183|0.036492198|0.019698691|0.031199012|0.013989846|0.0014368874|0.023471818|0.041794524|0.03433056|0.037349131|0.017583736|0.033418208|0.0029343327|0.041491173|0.048540809|0.028869034|0.050509701|0.037658018,0.080848747|0.054463076|0.028781433|0.057958137|0.04333342|0.046533878|0.058830777|0.07657792|0.054506708|0.011660486|0.073397038|0.012551636|0.07606108|0.03801306|0.0066302662|0.054213212|0.065241162|0.081398528|0.041547819|0.0085759323|0.02476856|0.00089576832|0.059166162|0.0073715805|0.0062257395|0.062964846|0.021748073|0.0056644223|0.049036661|0.014705978|0.0033686174|0.044547778|0.051722203|0.078862641|0.034016997|0.065256266|0.041034047|0.024679019|0.047352502|0.012387046|0.075858639|0.041325767|0.028205338|0.035381919|0.011592241|0.012189882|0.074791653|0.057721219|0.031156541|0.049351938|0.022126308|0.0022709162|0.037130787|0.066112833|0.054302473|0.059078812|0.027810681|0.052862897|0.0046368087|0.065636091|0.076782288|0.045661627|0.079898881|0.059564975,1|0.99997349|-0.094111435|0.099454904|0.28165667|-0.12241989|-0.44554498|-0.8303124|0.061575618|-0.13535335,2.442660677917507,False,42.1547357680423,83.28498072189127,127.917657753765,200.0469661358172,110.54155202219071,142.8758591394853,170.61356651654634,209.9484032232704,1631.642541866474,3089.433421697821,4633.862505152579,7048.019340588182,1.4800351213692067e-12,5.0946842773540476e-20,0.002342607556112165,NUMERICAL_OR_MASS_BALANCE,False
PRI_DOWNSTREAM_CENTER_F8p0,DECISION_GRADE_PHYSICAL_SCREEN,SINGLE_PULSE,12,53.401498958822025,9600000000.0,-1.0431793096945767e-17,822234236.5790919,8777765816.822403,3.814697265625e-06,3.9736429629220325e-16,-1.5013114407851344e-08,46.89204808312669,0.021150172377056006,0.004508333333333333,0.7932495611546632,0.09494430670548454,0.0028759547783309553,0.0021813115522717956,0.0029157590224921904,0.001931864060545928,0.012007037138607166,0.001443190013901603,0.99485,0.001425,1.0,0.9999999999267221,0.9999999999999956,2.2896289e-08|2.6570187e-11|-5.6646245e-12|-7.9538495e-11|-7.7177152e-11|-7.5211518e-11|-7.3560009e-11|-7.2159719e-11|-7.0961478e-11|-6.9926488e-11|-6.9023945e-11|-6.8229314e-11,1.0145465e-07|-9.1634819e-11|1.9510775e-11|2.739446e-10|2.6581137e-10|2.5904138e-10|2.533533e-10|2.4853046e-10|2.4440351e-10|2.4083883e-10|2.3773031e-10|2.3499347e-10,2.9848092e-07|1.2933205e-10|-2.7520466e-11|-3.8639859e-10|-3.7492644e-10|-3.6537737e-10|-3.5735434e-10|-3.5055174e-10|-3.4473069e-10|-3.3970271e-10|-3.3531815e-10|-3.3145784e-10,,nan,True,17.71944645528182,30.40681089353679,43.02440112574982,62.61387990873157,45.341583756344164,61.36858039713962,77.09009370863444,101.30351649838228,1557.3744395093674,3015.16528196009,4559.594442114325,6973.751292692825,1.0061546751042613e-12,2.4064964876478662e-20,0.0022294447867666762,NUMERICAL_OR_MASS_BALANCE|RECEIVER_EFFECTIVELY_DEAD|KNOWN_DEAD_FLOW_ANCHOR,False
PRI_DOWNSTREAM_CENTER_F8p0,DECISION_GRADE_PHYSICAL_SCREEN,STEP_ON_OFF,12,53.401498958822025,38400000000.0,6.699617074981822e-18,3288936939.438985,35111063113.96255,-3.814697265625e-05,9.934107448750099e-16,-1.498380524740344e-08,46.89204507727865,0.08460068915654848,0.018033333333333332,0.7932495539484102,0.09494430592485698,0.011503819119861166,0.008625992823583738,0.01166303292893234,0.007625436855766557,0.019155855356517842,0.0025582018318429677,0.9794,0.0057,0.6071428572056541,0.6071428581052982,0.8661614108111925,7.9435097e-11|7.7053485e-11|2.2895629e-08|2.2895837e-08|2.2895678e-08|2.2895723e-08|2.6719586e-11|-5.7907645e-12|-7.9998745e-11|-7.7725513e-11|-7.5823303e-11|-7.4216365e-11,-2.7395832e-10|-2.6539697e-10|1.0145701e-07|1.0145626e-07|1.0145683e-07|1.0145667e-07|-9.215007e-11|1.9945242e-11|2.7552979e-10|2.6770002e-10|2.6114847e-10|2.556139e-10,3.8666314e-10|3.7434956e-10|2.9847753e-07|2.984786e-07|2.9847779e-07|2.9847802e-07|1.3005927e-10|-2.8133293e-11|-3.886345e-10|-3.7759037e-10|-3.6834942e-10|-3.6054292e-10,,nan,True,17.71944645528182,30.40681089353679,43.02440112574982,62.61387990873157,45.341583756344164,61.36858039713962,77.09009370863444,101.30351649838228,1557.3744395093674,3015.16528196009,4559.594442114325,6973.751292692825,1.0061546751042613e-12,2.4064964876478662e-20,0.0022294447867666762,NUMERICAL_OR_MASS_BALANCE|RECEIVER_EFFECTIVELY_DEAD|KNOWN_DEAD_FLOW_ANCHOR,False
PRI_DOWNSTREAM_CENTER_F8p0,DECISION_GRADE_PHYSICAL_SCREEN,ALTERNATING_BINARY,12,53.401498958822025,57600000000.0,1.4938111291334517e-08,4933405408.012249,52666594645.38912,0.00012969970703125,2.2517310227604896e-15,-1.5048047695073204e-08,46.89204808312669,0.1269010336762017,0.02705,0.7932495535099316,0.09494430587735814,0.01725572865168496,0.012839735828684112,0.01749454882355858,0.011336133759184751,0.021764924306019954,0.0030164637463461143,0.9691,0.00855,-1.0,-1.0,-0.04975469946524652,2.2896289e-08|2.6570187e-11|2.2894798e-08|2.8588439e-11|2.2895959e-08|2.671281e-11|2.2896294e-08|2.6384186e-11|2.2892713e-08|-7.1882109e-12|2.2895367e-08|2.7334722e-11,1.0145465e-07|-9.1634819e-11|1.0145997e-07|-9.8595336e-11|1.0145583e-07|-9.2126697e-11|1.0145463e-07|-9.0993342e-11|1.0146742e-07|2.4790541e-11|1.0145794e-07|-9.4271539e-11,2.9848092e-07|1.2933205e-10|2.9847328e-07|1.3915602e-10|2.9847923e-07|1.3002628e-10|2.9848095e-07|1.2842668e-10|2.984626e-07|-3.4988882e-11|2.9847619e-07|1.3305348e-10,,nan,True,17.71944645528182,30.40681089353679,43.02440112574982,62.61387990873157,45.341583756344164,61.36858039713962,77.09009370863444,101.30351649838228,1557.3744395093674,3015.16528196009,4559.594442114325,6973.751292692825,1.0061546751042613e-12,2.4064964876478662e-20,0.0022294447867666762,NUMERICAL_OR_MASS_BALANCE|RECEIVER_EFFECTIVELY_DEAD|KNOWN_DEAD_FLOW_ANCHOR,False
PRI_DOWNSTREAM_CENTER_F8p0,DECISION_GRADE_PHYSICAL_SCREEN,FIXED_RANDOM,64,53.401498958822025,306282950400.0,75.168056741046,26232950748.773518,280049999629.4596,0.0003662109375,1.1956621710672598e-15,-1.4093209298516903e-09,45.14728121573916,0.12652221017095894,0.036025,0.7932495524180023,0.09494430575907337,0.0213290021203079,0.014447143658951956,0.02158771554371095,0.012649324018717973,0.02275091310660726,0.003648967722950867,0.957165625,0.00777578125,0.009916350398980677,0.008802269304267214,0.8454041607572944,2.1908205e-08|1.475201e-08|7.8322187e-09|1.5724916e-08|1.175804e-08|1.2629766e-08|1.5951721e-08|2.0746143e-08|1.4766008e-08|3.2259461e-09|1.9910115e-08|3.4595055e-09|2.0630767e-08|1.0313613e-08|1.8616727e-09|1.4723472e-08|1.7681095e-08|2.2043085e-08|1.1263414e-08|2.3820345e-09|6.7740942e-09|2.7785695e-10|1.6066401e-08|2.0469581e-09|1.7653383e-09|1.709206e-08|5.9334304e-09|1.6100333e-09|1.3325544e-08|4.0473597e-09|9.8707679e-10|1.2115249e-08|1.4030097e-08|2.1367464e-08|9.2319943e-09|1.7696438e-08|1.1132918e-08|6.7330091e-09|1.2861088e-08|3.4282411e-09|2.0575713e-08|1.1206308e-08|7.6835495e-09|9.6268376e-09|3.2163347e-09|3.3884551e-09|2.0287365e-08|1.5636457e-08|8.4710185e-09|1.3396473e-08|6.0425024e-09|5.9887172e-10|1.0113222e-08|1.7926478e-08|1.4717066e-08|1.6012887e-08|7.5677151e-09|1.4347687e-08|1.3313114e-09|1.7814651e-08|2.0797824e-08|1.2376302e-08|2.1651022e-08|1.613252e-08,9.7069573e-08|6.5191377e-08|3.4271101e-08|6.9522925e-08|5.1822553e-08|5.5717869e-08|7.0532169e-08|9.1879607e-08|6.5254071e-08|1.3558825e-08|8.8160038e-08|1.457949e-08|9.1365082e-08|4.5356372e-08|7.5821486e-09|6.5064265e-08|7.823804e-08|9.768429e-08|4.9614145e-08|9.9320836e-09|2.9533533e-08|8.4735823e-10|7.1043314e-08|8.4404724e-09|7.1775268e-09|7.5603298e-08|2.5750082e-08|6.4530734e-09|5.8824673e-08|1.725913e-08|3.7243741e-09|5.3413213e-08|6.1973613e-08|9.4649876e-08|4.0533412e-08|7.8301057e-08|4.9033243e-08|2.9348807e-08|5.6747445e-08|1.4443792e-08|9.1123058e-08|4.9359662e-08|3.3607055e-08|4.2299867e-08|1.3525908e-08|1.4308846e-08|8.9837797e-08|6.9130494e-08|3.7131395e-08|5.9147971e-08|2.6238931e-08|2.6969092e-09|4.446845e-08|7.9325865e-08|6.5029794e-08|7.0819241e-08|3.3089221e-08|6.3385854e-08|5.0866951e-09|7.8827435e-08|9.2110041e-08|5.4588544e-08|9.5911937e-08|7.1339266e-08,2.855933e-07|1.9213681e-07|1.0167353e-07|2.0484013e-07|1.5300554e-07|1.6440183e-07|2.0780102e-07|2.7040406e-07|1.9231994e-07|4.1326965e-08|2.5949051e-07|4.4357612e-08|2.6889675e-07|1.3411058e-07|2.3609802e-08|1.9176413e-07|2.3038794e-07|2.8736849e-07|1.4654099e-07|3.0437014e-08|8.783119e-08|3.2428587e-09|2.0929897e-07|2.6062107e-08|2.2375983e-08|2.2268474e-07|7.6814355e-08|2.0315524e-08|1.7349565e-07|5.2094982e-08|1.222583e-08|1.5766995e-07|1.8270708e-07|2.7852071e-07|1.1998046e-07|2.3058305e-07|1.4483717e-07|8.7292951e-08|1.6742192e-07|4.3952848e-08|2.6818095e-07|1.4579511e-07|9.9730225e-08|1.2514442e-07|4.121123e-08|4.3475076e-08|2.644145e-07|2.036865e-07|1.1003047e-07|1.7442921e-07|7.8241722e-08|7.8497964e-09|1.3149826e-07|2.3358733e-07|1.916746e-07|2.0861426e-07|9.8215671e-08|1.8685218e-07|1.6552205e-08|2.3212664e-07|2.710792e-07|1.6109148e-07|2.8222276e-07|2.1016386e-07,0.31605137|-5.7649411|-1.3827337|-1.7365329|-6.2550185|-3.2800905|-4.0703403|-1.5047403|-10.424212|-2.8143901,0.3160513743225173,True,17.71944645528182,30.40681089353679,43.02440112574982,62.61387990873157,45.341583756344164,61.36858039713962,77.09009370863444,101.30351649838228,1557.3744395093674,3015.16528196009,4559.594442114325,6973.751292692825,1.0061546751042613e-12,2.4064964876478662e-20,0.0022294447867666762,NUMERICAL_OR_MASS_BALANCE|RECEIVER_EFFECTIVELY_DEAD|KNOWN_DEAD_FLOW_ANCHOR,False
PRI_UPSTREAM_OFFAXIS_F0p0,DECISION_GRADE_PHYSICAL_SCREEN,SINGLE_PULSE,12,3220247566.9440446,9600000000.0,97766.40885388975,12820149800.535202,0.0,-1.1444091796875e-05,8.926576290447504e-16,3.229881908018095e-05,76.4644081688641,0.3528192023105044,0.1380125,0.9360026440879747,0.11014845655482397,0.06924579408825392,0.03512458988128208,0.07066534761180775,0.03561122748211137,0.2026558475838436,0.04715402670801618,0.8232541666666666,0.0116375,1.0,0.9820140902668586,0.9926937514314002,3.6350124|0.99486663|0.31695065|0.10689342|0.037261166|0.013278349|0.0048025042|0.0017540069|0.00064467177|0.00023790268|8.8017927e-05|3.2616945e-05,1.3915934|0.56831751|0.22161388|0.084933649|0.032172642|0.012097763|0.0045285227|0.0016904194|0.00062991374|0.00023447748|8.7222968e-05|3.2432442e-05,0.29710531|0.28394795|0.1541772|0.069181094|0.028510003|0.01124729|0.0043311111|0.0016446005|0.00061927951|0.00023200937|8.665014e-05|3.2299494e-05,,nan,False,172.18822067314275,429.4424559693124,723.1801678958104,1200.720120458219,489.52926550538564,657.2959408033216,812.5196468532538,1048.067345631126,2012.3548361629294,3470.153249649497,5014.582414515781,7428.739266352183,3.129303525032517e-14,3.3413459494427195e-26,0.0030194596586164794,,True
PRI_UPSTREAM_OFFAXIS_F0p0,DECISION_GRADE_PHYSICAL_SCREEN,STEP_ON_OFF,12,3220247566.9440446,38400000000.0,16650732.886882199,41603596834.057236,0.0,-6.866455078125e-05,1.6497871780028837e-15,0.005243634552360839,77.8948430058977,1.1393401800238212,0.3836875,0.9189717649034665,0.10836144546477602,0.21324674824115347,0.09422633657512529,0.2149329664244181,0.09413910476457313,0.305573364551269,0.06027750848006846,0.5159416666666666,0.052395833333333336,0.739946356945202,0.7291220634678468,0.8681803599134803,0.59286826|0.19086989|3.1069333|3.8688257|4.1064109|4.1854496|1.1705942|0.37625792|0.12757487|0.044633019|0.015945032|0.0057765537,0.35265477|0.13699202|1.0913088|1.4900708|1.6469485|1.7074184|0.69146685|0.26880379|0.10280695|0.038892961|0.014613242|0.0054674797,0.19138276|0.098817577|0.1491805|0.30858773|0.40853179|0.4556904|0.36985907|0.19267222|0.085032977|0.034760959|0.013653821|0.0052447817,,nan,False,172.18822067314275,429.4424559693124,723.1801678958104,1200.720120458219,489.52926550538564,657.2959408033216,812.5196468532538,1048.067345631126,2012.3548361629294,3470.153249649497,5014.582414515781,7428.739266352183,3.129303525032517e-14,3.3413459494427195e-26,0.0030194596586164794,,True
PRI_UPSTREAM_OFFAXIS_F0p0,DECISION_GRADE_PHYSICAL_SCREEN,ALTERNATING_BINARY,12,3220247566.9440446,57600000000.0,1744818139.0471318,59075429427.89694,0.0,-3.0517578125e-05,5.017667527809666e-16,0.17928385203348962,76.4644081688641,1.6154338042123495,0.6626833333333333,0.9140536075496083,0.10784405810599211,0.3375499629329079,0.09272372048180615,0.3391692880235406,0.09177736543134954,0.3570693664295389,0.07939989156294569,0.22740416666666666,0.061283333333333335,-0.9896367626083008,-0.9916165658319378,0.6534130376302352,3.6350124|0.99486663|3.3590948|0.91089017|3.3315669|0.9014837|3.3282609|0.90029912|3.3278309|0.90014171|3.327773|0.9001203,1.3915934|0.56831751|1.2605525|0.51625915|1.240355|0.50855024|1.2374428|0.50745706|1.237034|0.50730456|1.2369772|0.50728343,0.29710531|0.28394795|0.25989975|0.25431147|0.2449518|0.24782395|0.24232329|0.2467966|0.2419298|0.24664766|0.24187382|0.24662671,,nan,False,172.18822067314275,429.4424559693124,723.1801678958104,1200.720120458219,489.52926550538564,657.2959408033216,812.5196468532538,1048.067345631126,2012.3548361629294,3470.153249649497,5014.582414515781,7428.739266352183,3.129303525032517e-14,3.3413459494427195e-26,0.0030194596586164794,,True
PRI_UPSTREAM_OFFAXIS_F0p0,DECISION_GRADE_PHYSICAL_SCREEN,FIXED_RANDOM,64,3220247566.9440446,306282950400.0,4831359041.307407,304671838925.6377,0.0,-0.0010986328125,3.549665462963448e-15,0.0833564663043461,74.26522006157151,1.5607847286730974,0.63560390625,0.9108917897506644,0.10751111946032059,0.33909818568783284,0.09775802394630882,0.33994953631249564,0.09730468756860146,0.3397946115128225,0.07849126768747462,0.25268125,0.05602890625,0.3831117300619506,0.3601906447416231,0.939001803403569,3.5036161|2.9172704|1.8567364|2.6253417|2.284966|2.3188199|2.7674278|3.5246265|2.9338792|1.2460654|3.0222413|1.271639|3.121105|2.2145147|0.86734577|2.2200363|2.9527907|3.7421902|2.5253594|1.0308172|1.2082434|0.37193646|2.2509117|0.86529487|0.48380511|2.4136589|1.4270228|0.61326284|1.9536804|1.0557371|0.42754374|1.7372434|2.3293822|3.4787649|2.1747501|2.9760807|2.2989066|1.5404342|2.1507766|1.0392179|3.041251|2.3077876|1.6672379|1.7520215|0.90748742|0.70696496|2.8988186|2.8538585|1.9134203|2.3267414|1.4423235|0.49842897|1.495662|2.7870037|2.710954|2.882306|1.8027744|2.4254185|0.83671149|2.6243395|3.4743681|2.5964868|3.6149267|3.140182,1.3467195|1.2180774|0.84472609|1.0501783|0.95831623|0.9583642|1.1104141|1.391735|1.2350316|0.64034423|1.1554842|0.62469719|1.1832159|0.9499335|0.46289578|0.84884837|1.1483965|1.468236|1.1070621|0.54885486|0.52019507|0.21963152|0.81351784|0.42422887|0.24447676|0.8713804|0.62495666|0.32000747|0.7293652|0.47872388|0.23242132|0.6393062|0.89804165|1.3357763|0.96211282|1.1880529|0.985986|0.69949312|0.86175811|0.50110194|1.13221|0.97100311|0.73779086|0.7305835|0.43684437|0.32313786|1.0492613|1.1405078|0.84516902|0.94558287|0.65426833|0.28889058|0.56944445|1.0455323|1.0949204|1.169814|0.81494648|0.97581695|0.4516832|0.98482317|1.3467671|1.1092016|1.4288714|1.312267,0.29253894|0.34396724|0.30441119|0.27359858|0.27940932|0.27113074|0.28444577|0.33328097|0.36058848|0.28926545|0.25777987|0.25317105|0.25079686|0.28795565|0.22222775|0.19077392|0.25639366|0.33897358|0.35775766|0.26510358|0.17693914|0.12172008|0.13598846|0.16596366|0.11234847|0.14237841|0.19448844|0.14932057|0.14535071|0.16433701|0.11659362|0.11853266|0.19062454|0.28199777|0.31464249|0.30384526|0.30501008|0.25402934|0.22602191|0.20058151|0.21895849|0.27694807|0.25007073|0.21620439|0.17716116|0.12369611|0.17188085|0.27391307|0.2793992|0.25741671|0.23312822|0.15794284|0.12740223|0.19974369|0.27593033|0.30763427|0.28700381|0.25871407|0.21607771|0.20211267|0.2945025|0.33385366|0.34929021|0.37607718,0.99997372|0.98673968|0.66921589|0.10882273|0.2001243|-0.12004447|0.19328185|0.026694242|-0.38200117|-0.41206215,3.184852416314328,False,172.18822067314275,429.4424559693124,723.1801678958104,1200.720120458219,489.52926550538564,657.2959408033216,812.5196468532538,1048.067345631126,2012.3548361629294,3470.153249649497,5014.582414515781,7428.739266352183,3.129303525032517e-14,3.3413459494427195e-26,0.0030194596586164794,,True
PRI_UPSTREAM_OFFAXIS_F0p25,DECISION_GRADE_PHYSICAL_SCREEN,SINGLE_PULSE,12,3144348805.1307735,9600000000.0,39017.191216119434,12450578709.31234,293731078.6272183,-5.960464477539063e-08,4.676947067816778e-18,7.728508706066227e-06,75.6852848494521,0.34248906878997964,0.14915833333333334,0.8639553879584253,0.1025393405303535,0.06968248116170112,0.03345203199912108,0.0711173549417236,0.033837596489797755,0.20664209566349487,0.03947297793838079,0.8001083333333333,0.0102875,0.9999547867954102,0.987835777931008,0.9929272260673513,3.1070453|0.74684962|0.21383868|0.06555868|0.020880646|0.0068087255|0.0022524115|0.00075160998|0.00025209454|8.4808175e-05|2.8580536e-05|9.6414557e-06,1.7311413|0.64947522|0.23019258|0.080017776|0.027482863|0.0093728531|0.0031836065|0.0010788407|0.00036510359|0.00012346447|4.1732684e-05|1.4102637e-05,0.4496797|0.40631818|0.19821726|0.079530075|0.029358176|0.010405436|0.0036102553|0.0012381342|0.00042186963|0.00014321634|4.8517238e-05|1.6416383e-05,,nan,False,159.09217998224733,407.4376919266895,693.60259595451,1148.1694170133394,450.54529283289673,608.3873348808945,759.3963052102844,990.2255605809277,1976.250267564959,3434.04424837443,4978.4734433658805,7392.630306597668,2.133100139216235e-15,1.5936012523527394e-28,0.002947641165574518,,True
PRI_UPSTREAM_OFFAXIS_F0p25,DECISION_GRADE_PHYSICAL_SCREEN,STEP_ON_OFF,12,3144348805.1307735,38400000000.0,10493715.977670116,40788806738.66395,745048350.4890336,0.00012505054473876953,3.0100494612476787e-15,0.002150847916506232,76.92635498904778,1.1165667260881116,0.4264,0.8464690103089253,0.10067288888958364,0.2204431629683483,0.09160239716446343,0.22217433997888755,0.0914117708684207,0.31485704462894265,0.04675531385760624,0.4947416666666667,0.045720833333333336,0.7364916029995165,0.7220036404334811,0.8603660570531392,0.43663938|0.12642914|2.7094255|3.3033069|3.4697258|3.5200756|0.86556962|0.25030583|0.077187025|0.024675102|0.0080645218|0.0026715675,0.39435844|0.13924167|1.3850736|1.8635801|2.0345628|2.0942886|0.77807686|0.27487016|0.09535728|0.032713227|0.011149202|0.0037855238,0.26488279|0.1234474|0.23347445|0.48549268|0.62349922|0.68109068|0.51792805|0.24279249|0.095949099|0.035171101|0.012421071|0.0043012861,,nan,False,159.09217998224733,407.4376919266895,693.60259595451,1148.1694170133394,450.54529283289673,608.3873348808945,759.3963052102844,990.2255605809277,1976.250267564959,3434.04424837443,4978.4734433658805,7392.630306597668,2.133100139216235e-15,1.5936012523527394e-28,0.002947641165574518,,True
PRI_UPSTREAM_OFFAXIS_F0p25,DECISION_GRADE_PHYSICAL_SCREEN,ALTERNATING_BINARY,12,3144348805.1307735,57600000000.0,1664422577.7988849,58133065227.04141,946861000.2904421,3.9458274841308594e-05,6.495793537583491e-16,0.24583165347153366,75.6852848494521,1.58909467128355,0.7448916666666666,0.8411805979580418,0.10010688722675261,0.34266033221815734,0.08065494330593807,0.34442370530140237,0.07931745837925457,0.3645453352534839,0.059639505420330294,0.0829,0.05458333333333333,-0.9903174754972256,-0.9925363419715973,0.6453582991538988,3.1070453|0.74684962|2.8842446|0.68597916|2.8661056|0.68030739|2.8642777|0.679707|2.8640782|0.67964026|2.8640558|0.67963271,1.7311413|0.64947522|1.5669754|0.59025132|1.5461675|0.58306042|1.5437065|0.58222282|1.5434223|0.58212659|1.5433897|0.58211559,0.4496797|0.40631818|0.38301417|0.36240086|0.36369482|0.3549813|0.36101327|0.35404127|0.36068905|0.35393044|0.36065136|0.35391766,,nan,False,159.09217998224733,407.4376919266895,693.60259595451,1148.1694170133394,450.54529283289673,608.3873348808945,759.3963052102844,990.2255605809277,1976.250267564959,3434.04424837443,4978.4734433658805,7392.630306597668,2.133100139216235e-15,1.5936012523527394e-28,0.002947641165574518,,True
PRI_UPSTREAM_OFFAXIS_F0p25,DECISION_GRADE_PHYSICAL_SCREEN,FIXED_RANDOM,64,3144348805.1307735,306282950400.0,4720749291.6785555,299971949966.0142,4734599947.438392,-0.00034236907958984375,1.106460485126345e-15,0.11020548314183924,73.44878757460921,1.5361537449341307,0.70640234375,0.8382738733338106,0.09979548638204111,0.3472065400097416,0.08462897766738693,0.3481749885610898,0.08399201087547822,0.3477057670325109,0.061568310614581526,0.1410171875,0.046875,0.37252991863727947,0.3565609563738977,0.937054080956611,2.9917051|2.4380287|1.5125815|2.2182409|1.9065583|1.9424363|2.3369703|2.9893088|2.4460605|0.97402875|2.5829581|1.0104571|2.6733729|1.8365962|0.66823637|1.8971502|2.5141325|3.1794937|2.0813489|0.79487923|0.99937942|0.27410624|1.9498485|0.68844746|0.38003677|2.091915|1.1768582|0.47662754|1.6796901|0.86132089|0.32682297|1.4986781|1.9880472|2.9720282|1.7879187|2.5165693|1.9063654|1.2552308|1.8162824|0.83063047|2.6166446|1.9246786|1.3696798|1.4637879|0.7255738|0.57426942|2.5109241|2.4137488|1.573438|1.9580535|1.1760019|0.37076004|1.2791457|2.3941804|2.286321|2.4272579|1.4718217|2.0462882|0.64197771|2.253186|2.9609857|2.1560923|3.0648548|2.6233678,1.6734029|1.4874417|1.0047022|1.2845878|1.1636032|1.1662691|1.362948|1.7187274|1.5025721|0.73864542|1.4278246|0.73285748|1.4692405|1.1520723|0.52858142|1.0476681|1.4251151|1.8202606|1.3355624|0.62546331|0.61614234|0.24116384|1.0222906|0.50214855|0.27988126|1.0980602|0.75831233|0.36757822|0.90845161|0.57378742|0.26271427|0.79931297|1.1196541|1.6666424|1.1609447|1.4584282|1.1917763|0.82918347|1.0527473|0.58731662|1.4140814|1.1851805|0.88349522|0.88401196|0.51020404|0.37797705|1.3225184|1.4123564|1.0175756|1.1542718|0.7783025|0.32016291|0.70152487|1.3096741|1.3506337|1.4362065|0.97261856|1.1924053|0.51616143|1.2237781|1.674902|1.3476253|1.7610648|1.5984849,0.44169795|0.51298748|0.43651676|0.3959227|0.4075113|0.39494984|0.41975847|0.49977333|0.53271631|0.4054059|0.37449685|0.36226041|0.37159259|0.42533016|0.3092539|0.27527169|0.38848673|0.51620639|0.52652176|0.36667385|0.23949101|0.16084962|0.20461415|0.24387236|0.15363569|0.21859105|0.29211219|0.20904712|0.21506406|0.2408379|0.15982685|0.17639069|0.29437459|0.43629418|0.46634839|0.4471158|0.44453284|0.35941453|0.32537477|0.28350297|0.32887388|0.41435525|0.36063738|0.30960329|0.24762993|0.16820028|0.26536338|0.42138663|0.41062419|0.37484883|0.33311754|0.21249472|0.1806931|0.30844875|0.42017932|0.4599076|0.4144238|0.37476764|0.30177139|0.29680233|0.45046388|0.49616832|0.51934244|0.55500318,0.9999795|0.99090978|0.72866222|0.098770633|0.21838797|-0.066234498|0.20427139|-0.0020643645|-0.39048253|-0.39060988,3.2409814986668275,False,159.09217998224733,407.4376919266895,693.60259595451,1148.1694170133394,450.54529283289673,608.3873348808945,759.3963052102844,990.2255605809277,1976.250267564959,3434.04424837443,4978.4734433658805,7392.630306597668,2.133100139216235e-15,1.5936012523527394e-28,0.002947641165574518,,True
PRI_UPSTREAM_OFFAXIS_F0p5,DECISION_GRADE_PHYSICAL_SCREEN,SINGLE_PULSE,12,3021293972.647669,9600000000.0,9644.5218216404,11889382816.119421,731901512.0063788,4.7087669372558594e-05,3.730811553443331e-15,1.117349891167971e-06,74.78577651494555,0.3268036254498306,0.16106666666666666,0.817141078896294,0.09752500956086599,0.0684929648979894,0.03177294343084435,0.06989840710435606,0.03205095362838172,0.2054199817714015,0.032685109955517336,0.8011083333333333,0.009145833333333334,0.9997571333335272,0.9915407317283846,0.9933541910830619,2.5478362|0.51682052|0.12784164|0.034214225|0.0095479329|0.0027286961|0.00079036607|0.00023063366|6.7573092e-05|1.9841565e-05|5.8329602e-06|1.7158878e-06,2.016292|0.66357988|0.20471991|0.061871977|0.01847652|0.0054810257|0.0016201304|0.00047797782|0.00014087119|4.1495513e-05|1.2219472e-05|3.5979593e-06,0.6271708|0.51831198|0.21803197|0.075139051|0.023878519|0.0073081082|0.0021953552|0.00065320317|0.00019338231|5.7099862e-05|1.6836097e-05|4.9604831e-06,,nan,False,149.63620109062254,390.84355968017576,664.7626035721732,1082.178041102318,423.1732832376031,577.70591926022,725.4875084170594,944.3815405702519,1946.7635518065704,3404.555398592613,4948.984447174133,7363.141351171095,1.129734756963756e-11,2.4017849545905226e-20,0.0028902585645010407,,True
PRI_UPSTREAM_OFFAXIS_F0p5,DECISION_GRADE_PHYSICAL_SCREEN,STEP_ON_OFF,12,3021293972.647669,38400000000.0,5051125.997407265,39499304275.63239,1916938571.0178952,-2.7179718017578125e-05,6.561774249622937e-16,0.0006002652646092894,75.80348531871606,1.080526544055804,0.4326833333333333,0.7976680250770638,0.09542269009340293,0.22269010571348816,0.08909437353726975,0.22443797337589094,0.08880842956999653,0.316781044835786,0.035618780773659216,0.49785833333333335,0.04050416666666667,0.7301423290172869,0.712699524255537,0.854223449108303,0.29534392|0.073867333|2.2723853|2.7010173|2.8049898|2.8324992|0.58763153|0.14684878|0.039527446|0.011067868|0.003169183|0.00091894094,0.39205964|0.12053947|1.6605913|2.1781188|2.3388492|2.3876097|0.77796839|0.23926111|0.072181797|0.021534102|0.0063846852|0.0018867118,0.32481743|0.1313229|0.3469672|0.70343106|0.86705929|0.92510033|0.64142075|0.26018056|0.08849452|0.027960246|0.0085333815|0.0025597858,,nan,False,149.63620109062254,390.84355968017576,664.7626035721732,1082.178041102318,423.1732832376031,577.70591926022,725.4875084170594,944.3815405702519,1946.7635518065704,3404.555398592613,4948.984447174133,7363.141351171095,1.129734756963756e-11,2.4017849545905226e-20,0.0028902585645010407,,True
PRI_UPSTREAM_OFFAXIS_F0p5,DECISION_GRADE_PHYSICAL_SCREEN,ALTERNATING_BINARY,12,3021293972.647669,57600000000.0,1531677166.7356226,56603194603.93672,2486422201.9753666,-4.76837158203125e-05,7.865836028150009e-16,0.263453128133171,74.78577651494555,1.546338258058645,0.8084041666666667,0.791704434125348,0.09477689766546997,0.3394955352891668,0.07277961501729205,0.3413579971810596,0.07107440097912224,0.36295682368268106,0.043327039542866375,0.026270833333333334,0.04875416666666667,-0.991558647758292,-0.9934574201040003,0.6076264877223274,2.5478362|0.51682052|2.3803339|0.47716741|2.3699888|0.47432428|2.3691835|0.47409217|2.3691159|0.47407241|2.3691101|0.47407071,2.016292|0.66357988|1.8289522|0.60491239|1.8110697|0.59954735|1.8094742|0.59907512|1.8093348|0.59903401|1.8093227|0.59903045,0.6271708|0.51831198|0.52038533|0.46212813|0.49965001|0.45534761|0.49754664|0.45471148|0.49735671|0.45465515|0.49734006|0.45465023,,nan,False,149.63620109062254,390.84355968017576,664.7626035721732,1082.178041102318,423.1732832376031,577.70591926022,725.4875084170594,944.3815405702519,1946.7635518065704,3404.555398592613,4948.984447174133,7363.141351171095,1.129734756963756e-11,2.4017849545905226e-20,0.0028902585645010407,,True
PRI_UPSTREAM_OFFAXIS_F0p5,DECISION_GRADE_PHYSICAL_SCREEN,FIXED_RANDOM,64,3021293972.647669,306282950400.0,4536511321.638728,292331228043.67175,12436505007.336622,0.0005359649658203125,1.7328083127581837e-15,0.1033483234509477,72.49712486281949,1.4961126087148782,0.77606953125,0.7886988555825546,0.09445107641077043,0.346974123288951,0.07423935710627817,0.34806236077532765,0.07333721591064507,0.34740704667263067,0.04735049946576442,0.09928671875,0.04038359375,0.3530289910316203,0.34429145933385635,0.9337101797685441,2.4505466|1.9468046|1.1733333|1.7979798|1.5214592|1.5578001|1.8910297|2.429553|1.9486587|0.71738294|2.1213203|0.75866166|2.199635|1.4534917|0.48296278|1.5583446|2.0519015|2.5879124|1.634919|0.57568085|0.79335636|0.18729231|1.6244743|0.51631308|0.28289225|1.7427776|0.92367107|0.34846789|1.3879993|0.66795843|0.23422926|1.2430302|1.6259103|2.4335952|1.3992044|2.0400187|1.5098498|0.97510835|1.4716207|0.62946075|2.163043|1.5325933|1.0733509|1.1714227|0.55075215|0.44601207|2.0901184|1.9527812|1.2326678|1.5790472|0.91332738|0.25620437|1.0523772|1.9735036|1.8442003|1.9562975|1.1440672|1.655628|0.46072446|1.8595545|2.418365|1.7085239|2.4910448|2.0951515,1.9461381|1.6850569|1.0985686|1.4665861|1.3119685|1.3197342|1.5599421|1.9812683|1.694837|0.77191801|1.6549536|0.7847189|1.7113972|1.293433|0.54411623|1.2133212|1.6537102|2.1064112|1.4865104|0.64235287|0.67768077|0.23667241|1.2115426|0.54233269|0.2907978|1.3034656|0.84914817|0.38127098|1.0631887|0.6329299|0.26694623|0.94054909|1.3054101|1.944103|1.2904418|1.6692346|1.3335721|0.90475756|1.2008562|0.62984507|1.6593856|1.3412823|0.9756734|0.99411201|0.54530726|0.40770378|1.5699091|1.6290274|1.1289516|1.3117904|0.8523042|0.31640645|0.81242123|1.5391996|1.5501424|1.6400352|1.0677541|1.3588283|0.53185211|1.4288189|1.9475149|1.5148283|2.0254978|1.8068681,0.61411155|0.69611285|0.56221811|0.52292849|0.54148294|0.5238598|0.56665822|0.68713263|0.71482276|0.50560039|0.50109818|0.46722008|0.50808026|0.57147507|0.38190873|0.36587238|0.54297262|0.72081888|0.69994819|0.44866134|0.29093371|0.18871897|0.28998682|0.32407363|0.18558988|0.31427068|0.39858302|0.25923832|0.29463231|0.31988136|0.1935333|0.24461163|0.41924484|0.62003024|0.62365749|0.59913446|0.58734194|0.45705464|0.42828829|0.36067649|0.45846079|0.56505419|0.4683493|0.4020917|0.31055776|0.20493625|0.38409348|0.59395861|0.54377582|0.49594376|0.42907803|0.25180928|0.2371419|0.44266273|0.58450281|0.62561822|0.5382864|0.49473899|0.3760564|0.40359859|0.63523421|0.66853081|0.70539874|0.74463794,0.99999076|0.9950961|0.80038368|0.10098119|0.23808002|-0.025508713|0.20505805|-0.058510177|-0.40926407|-0.37057458,3.339589792833051,False,149.63620109062254,390.84355968017576,664.7626035721732,1082.178041102318,423.1732832376031,577.70591926022,725.4875084170594,944.3815405702519,1946.7635518065704,3404.555398592613,4948.984447174133,7363.141351171095,1.129734756963756e-11,2.4017849545905226e-20,0.0028902585645010407,,True
PRI_UPSTREAM_OFFAXIS_F0p666667,DECISION_GRADE_PHYSICAL_SCREEN,SINGLE_PULSE,12,2916357794.2783246,9600000000.0,2880.1878149931854,11437518294.577583,1078836619.5129404,-1.430511474609375e-05,1.1429135361273493e-15,2.3228301304209178e-07,74.14137461044731,0.31417484472742235,0.1618625,0.7957609495097006,0.09521627466530443,0.0668602782264747,0.030731401893924218,0.06822790780076672,0.030941393845146208,0.202005342890938,0.02910453964539495,0.809275,0.0085,0.9995295651370573,0.9928931837189391,0.9936988408455888,2.1853498|0.3869795|0.084859626|0.020258519|0.0050516639|0.0012897458|0.00033346409|8.6789848e-05|2.266628e-05|5.9300724e-06|1.5528666e-06|4.0682794e-07,2.1619473|0.63539084|0.17435581|0.046851705|0.012441463|0.0032829806|0.00086346238|0.00022672052|5.9479407e-05|1.5597417e-05|4.0892329e-06|1.0719687e-06,0.75588429|0.57523708|0.2139864|0.065094657|0.018292356|0.00496045|0.0013224485|0.00034961341|9.2037819e-05|2.4177833e-05|6.3444908e-06|1.6639327e-06,,nan,False,144.8205927876293,381.51037136296736,643.5611438210325,1031.2143580383852,410.02421379764365,562.4161192687704,704.9235578989269,910.2148497249939,1930.2862600589356,3388.077430700536,4932.506615986029,7346.663475748826,5.048746361203897e-13,2.3073990664025573e-20,0.0028586820412248234,,True
PRI_UPSTREAM_OFFAXIS_F0p666667,DECISION_GRADE_PHYSICAL_SCREEN,STEP_ON_OFF,12,2916357794.2783246,38400000000.0,2652601.8906972995,38423467051.87456,2890238140.5131245,-4.76837158203125e-05,1.154112278186243e-15,0.00021844768531779102,75.00694730939544,1.0504593102391842,0.43022916666666666,0.7747440318928657,0.09293521897084413,0.22123958141835232,0.08762322739223882,0.22298806129926466,0.08727046487551425,0.3140476019922124,0.03022896358727061,0.5114791666666667,0.0372625,0.7241590321298506,0.7057286138003579,0.8511215618224698,0.21759899|0.048218491|1.9793281|2.309408|2.3805348|2.3973481|0.43376647|0.096066641|0.023058293|0.0057671969|0.0014748456|0.00038165291,0.36803655|0.10068227|1.8209194|2.335785|2.4778564|2.5161494|0.73242363|0.20040482|0.053765451|0.014265336|0.0037626151|0.00098939191,0.35057407|0.12591105|0.44314593|0.86521302|1.0336481|1.0860667|0.69562711|0.25035134|0.07528274|0.021051216|0.0056954503|0.0015166923,,nan,False,144.8205927876293,381.51037136296736,643.5611438210325,1031.2143580383852,410.02421379764365,562.4161192687704,704.9235578989269,910.2148497249939,1930.2862600589356,3388.077430700536,4932.506615986029,7346.663475748826,5.048746361203897e-13,2.3073990664025573e-20,0.0028586820412248234,,True
PRI_UPSTREAM_OFFAXIS_F0p666667,DECISION_GRADE_PHYSICAL_SCREEN,ALTERNATING_BINARY,12,2916357794.2783246,57600000000.0,1416595109.8336463,55296860125.29081,3802902559.15379,7.963180541992188e-05,1.3158724074344551e-15,0.17255461381562512,74.14137461044731,1.509832249118302,0.8135041666666667,0.7684147393721893,0.09224601873501692,0.3334206992717951,0.07018685518111506,0.33532699006422206,0.06826280894736479,0.3574702773481772,0.03539122316200301,0.036366666666666665,0.0456375,-0.9926659980599951,-0.9941467798282558,0.5722224553916968,2.1853498|0.3869795|2.0526104|0.35901953|2.0460847|0.35741308|2.0456774|0.35730818|2.0456502|0.35730107|2.0456483|0.35730059,2.1619473|0.63539084|1.9682665|0.58156028|1.9536993|0.57767754|1.9526727|0.57740729|1.9526017|0.57738866|1.9525969|0.57738738,0.75588429|0.57523708|0.61929662|0.51442068|0.59975327|0.50880438|0.59821456|0.50839212|0.5981053|0.50836332|0.59809773|0.50836133,,nan,False,144.8205927876293,381.51037136296736,643.5611438210325,1031.2143580383852,410.02421379764365,562.4161192687704,704.9235578989269,910.2148497249939,1930.2862600589356,3388.077430700536,4932.506615986029,7346.663475748826,5.048746361203897e-13,2.3073990664025573e-20,0.0028586820412248234,,True
PRI_UPSTREAM_OFFAXIS_F0p666667,DECISION_GRADE_PHYSICAL_SCREEN,FIXED_RANDOM,64,2916357794.2783246,306282950400.0,4376048264.93529,285800172851.9435,19023087077.399387,0.000148773193359375,4.81156294392149e-16,0.06735121525153916,71.81416465893221,1.4618879702818763,0.79717734375,0.7652053550471596,0.0918961467328049,0.3425262032794077,0.06962744874450669,0.34368580405651056,0.06851400877669536,0.34300812267817027,0.0402833057705659,0.09476484375,0.03740234375,0.33454255493969504,0.330578998406648,0.9308475184512206,2.1003587|1.6382786|0.96808937|1.531498|1.2808243|1.3164253|1.6076359|2.0709968|1.6376767|0.56912767|1.8235383|0.60981899|1.8923984|1.2153117|0.37751949|1.3399908|1.7537034|2.2073735|1.3597996|0.45113882|0.66783999|0.1401788|1.4092698|0.413737|0.22705533|1.5113506|0.76678149|0.27494375|1.1977471|0.55004088|0.18217511|1.0752697|1.3910483|2.0840476|1.1600115|1.7369659|1.2640613|0.80601381|1.2533327|0.51030931|1.8663926|1.2867109|0.89218607|0.98910999|0.44751031|0.36951409|1.8112776|1.6575278|1.0233464|1.3399137|0.75421531|0.19349605|0.90626425|1.6981272|1.5625156|1.6577205|0.9449562|1.4084169|0.357557|1.6035529|2.0675092|1.4297967|2.124237|1.7641037,2.0844647|1.7663885|1.1213928|1.5520959|1.3728662|1.385418|1.6514411|2.1073451|1.7716686|0.75881464|1.7727688|0.7862639|1.8379966|1.3465828|0.52799205|1.2994793|1.7674499|2.2449933|1.5363979|0.62271586|0.70041299|0.22192039|1.3184739|0.54542369|0.28560869|1.4188358|0.88030738|0.37221254|1.1463889|0.64931093|0.25663892|1.0182794|1.398843|2.0838162|1.3310114|1.7675955|1.3864509|0.92357434|1.2705683|0.63320551|1.7914121|1.4043081|1.0039633|1.0399025|0.54751284|0.41434825|1.7083421|1.7297487|1.1636821|1.3821377|0.87162989|0.29735618|0.87121289|1.6607683|1.6403047|1.7307289|1.0928075|1.4357139|0.51624263|1.5384357|2.0835534|1.5776655|2.1517862|1.8925156,0.73837814|0.81658168|0.63313338|0.60672299|0.62827697|0.60714866|0.66609992|0.81773007|0.83203429|0.55390899|0.59050285|0.52710489|0.60646536|0.66593242|0.41477032|0.42962027|0.65500246|0.86544151|0.80648179|0.48380486|0.31782812|0.19917748|0.35841564|0.37250404|0.19831872|0.39042686|0.467861|0.28187987|0.35342563|0.36894512|0.20699548|0.29678082|0.51119078|0.75346147|0.72041031|0.69966625|0.67675722|0.51136661|0.49650331|0.40346162|0.55567685|0.66519866|0.53112326|0.45938624|0.34390777|0.2233121|0.47892482|0.7159703|0.62387694|0.57378328|0.48471608|0.26536395|0.2775267|0.54519701|0.69773268|0.73565924|0.61000854|0.57312469|0.41247788|0.48182767|0.76994589|0.77851452|0.83191895|0.86766098,0.99999566|0.99711986|0.8467516|0.1111819|0.25355244|-0.0049076559|0.20224207|-0.11011088|-0.42338917|-0.36077677,3.4108435294898403,False,144.8205927876293,381.51037136296736,643.5611438210325,1031.2143580383852,410.02421379764365,562.4161192687704,704.9235578989269,910.2148497249939,1930.2862600589356,3388.077430700536,4932.506615986029,7346.663475748826,5.048746361203897e-13,2.3073990664025573e-20,0.0028586820412248234,,True
PRI_UPSTREAM_OFFAXIS_F1p0,DECISION_GRADE_PHYSICAL_SCREEN,SINGLE_PULSE,12,2668405087.4280424,9600000000.0,130.87886504349757,10444356616.301758,1824048340.2474341,-1.2874603271484375e-05,1.0494113276938931e-15,5.090667024149734e-09,72.78897997799663,0.2864204531492657,0.14915416666666667,0.7679421681825406,0.09219451817080651,0.06214774723663139,0.028817341156979853,0.06341523673416825,0.028903053251168966,0.19080876435524485,0.024042733011585125,0.8297666666666667,0.007633333333333333,0.9990093227519037,0.9946282405916872,0.9944777095870398,1.5343619|0.19606496|0.031943013|0.0057252946|0.0010740234|0.00020605646|3.9966498e-05|7.7924448e-06|1.5230668e-06|2.9806001e-07|5.8339076e-08|1.144405e-08,2.3263131|0.51255762|0.10484887|0.020999254|0.0041583386|0.0008187815|0.00016077949|3.153085e-05|6.1796982e-06|1.2109493e-06|2.3712029e-07|4.6568989e-08,1.0319989|0.62377977|0.17094983|0.038260938|0.007942849|0.0015973711|0.00031672623|6.2394425e-05|1.2254604e-05|2.4035379e-06|4.7105952e-07|9.2337292e-08,,nan,False,137.64341520794375,363.72957161710104,595.1064314828483,921.207347134209,389.6378063968775,531.9440323505077,657.1902919269609,830.6765976173265,1901.751222467585,3359.5421409690894,4903.971193325477,7318.128089870523,3.62812258408221e-12,2.53975646649962e-20,0.002804813723663571,,True
PRI_UPSTREAM_OFFAXIS_F1p0,DECISION_GRADE_PHYSICAL_SCREEN,STEP_ON_OFF,12,2668405087.4280424,38400000000.0,500048.13873043883,35952791050.66657,5115113988.622892,-0.0001583099365234375,3.8547865734357364e-15,1.9733049977397047e-05,73.37562625830559,0.9814112067859044,0.41065416666666665,0.7442681959889462,0.0896070405220861,0.21255979103407108,0.08504494965167195,0.21428858051350816,0.08452799612870031,0.30116556526431343,0.02383762474762021,0.5461,0.03287916666666667,0.7082960780163048,0.68958663440491,0.846865838903351,0.10680815|0.017551347|1.4307134|1.6066614|1.6349648|1.640004|0.21339243|0.03505925|0.0063108848|0.0011864669|0.00022787481|4.4221332e-05,0.28540418|0.058250797|2.0525616|2.4975218|2.5888658|2.6071941|0.56991799|0.11632674|0.023271117|0.0046055741|0.00090659381|0.00017799967,0.35996179|0.096143825|0.6933749|1.2040877|1.3501716|1.383307|0.71818516|0.19194312|0.042607765|0.0088160387|0.0017704177|0.00035080793,,nan,False,137.64341520794375,363.72957161710104,595.1064314828483,921.207347134209,389.6378063968775,531.9440323505077,657.1902919269609,830.6765976173265,1901.751222467585,3359.5421409690894,4903.971193325477,7318.128089870523,3.62812258408221e-12,2.53975646649962e-20,0.002804813723663571,,True
PRI_UPSTREAM_OFFAXIS_F1p0,DECISION_GRADE_PHYSICAL_SCREEN,ALTERNATING_BINARY,12,2668405087.4280424,57600000000.0,1140544208.6867344,52205892989.81283,6921967888.92853,-5.53131103515625e-05,9.177795608050824e-16,0.06858300142451447,72.78897997799663,1.423461809057431,0.7484458333333334,0.7377091030562472,0.08888754442755738,0.31465709704335576,0.06999245706962429,0.31660652287811347,0.06769336293908368,0.3390775591509604,0.02572670067841775,0.10385,0.041666666666666664,-0.9951747728623863,-0.9958587704130414,0.4840086946237687,1.5343619|0.19606496|1.4594967|0.1842389|1.4574111|0.1838509|1.457337|0.18383655|1.4573342|0.183836|1.457334|0.18383598,2.3263131|0.51255762|2.1457578|0.47530607|2.1382635|0.4738187|2.1379703|0.4737611|2.137959|0.47375889|2.1379586|0.4737588,1.0319989|0.62377977|0.84298693|0.56589688|0.82959197|0.56307957|0.82902218|0.56296631|0.82899984|0.56296192|0.82899898|0.56296175,,nan,False,137.64341520794375,363.72957161710104,595.1064314828483,921.207347134209,389.6378063968775,531.9440323505077,657.1902919269609,830.6765976173265,1901.751222467585,3359.5421409690894,4903.971193325477,7318.128089870523,3.62812258408221e-12,2.53975646649962e-20,0.002804813723663571,,True
PRI_UPSTREAM_OFFAXIS_F1p0,DECISION_GRADE_PHYSICAL_SCREEN,FIXED_RANDOM,64,2668405087.4280424,306282950400.0,3988237346.893214,270334973821.5977,34628144318.93752,-0.00035858154296875,1.1606407824397505e-15,0.02745949104631076,70.387989221738,1.3808450915050428,0.7842578125,0.7338906904153789,0.0884681617697319,0.32614758298405955,0.06528967216943324,0.32741500877837354,0.0637217648835497,0.3268946310770606,0.03140322290639394,0.11647265625,0.03326640625,0.2853776878298994,0.2893279951504528,0.923961109382432,1.472703|1.1067556|0.63049313|1.0638837|0.86749491|0.89924324|1.1103653|1.4365637|1.104471|0.340652|1.2892921|0.373291|1.3386829|0.810142|0.2185246|0.94832681|1.221637|1.531673|0.89753176|0.26351937|0.45647898|0.073181772|1.011997|0.24986029|0.14094066|1.0839138|0.50210199|0.16286897|0.85230672|0.354737|0.10482823|0.7684297|0.97004927|1.456863|0.75965915|1.2046048|0.84669168|0.5278364|0.87051228|0.3196939|1.3267426|0.86423388|0.58994171|0.67582504|0.28259381|0.24453722|1.2967013|1.1371556|0.67322751|0.92360778|0.49177949|0.10378429|0.6435991|1.1981284|1.069003|1.1367726|0.61602356|0.97589125|0.2021606|1.1399602|1.4403724|0.9551395|1.4762791|1.1944548,2.2381622|1.8059314|1.0864058|1.6344265|1.4042943|1.42911|1.7326252|2.2286255|1.8033858|0.67186488|1.9162386|0.72367454|1.9919177|1.3558037|0.45244396|1.4055967|1.8857471|2.3791889|1.5227791|0.53482788|0.71121549|0.17647883|1.4668859|0.50117995|0.25600127|1.5768893|0.87278863|0.32403729|1.2538458|0.63095302|0.21626899|1.1224171|1.497338|2.2331984|1.3098762|1.8588245|1.3973909|0.89836883|1.3379815|0.59138181|1.9598056|1.4293517|0.9904505|1.0687638|0.51243698|0.40393027|1.8954834|1.8123327|1.1465735|1.4396665|0.84837465|0.23692591|0.94685524|1.8064264|1.7081892|1.7989267|1.063156|1.5061994|0.44048892|1.6787391|2.2250891|1.5890812|2.2744696|1.9361764,1.0029723|1.0333378|0.7322316|0.77327053|0.78626005|0.76015895|0.8614304|1.0811412|1.0381774|0.5956703|0.78926469|0.60727941|0.82366529|0.83033582|0.43519127|0.57244755|0.89098798|1.1574074|0.9761563|0.50132809|0.36251823|0.20119937|0.52868727|0.44074613|0.20242513|0.57715415|0.58464205|0.29562646|0.48986631|0.44683095|0.20996523|0.42208978|0.70558851|1.0321826|0.87199205|0.89483504|0.82985281|0.58826835|0.63337169|0.45989442|0.77899302|0.84560857|0.62519783|0.56238501|0.38564722|0.24758399|0.70921013|0.95553548|0.74612875|0.71985418|0.56812567|0.26137813|0.37213702|0.77550723|0.91361626|0.94081823|0.71486846|0.72596711|0.44469212|0.66161167|1.0532374|0.9647416|1.0834634|1.0890157,0.99999937|0.9992352|0.92163785|0.15785195|0.27790835|0.032680642|0.19813401|-0.22897878|-0.45342684|-0.34872599,3.587447367749953,False,137.64341520794375,363.72957161710104,595.1064314828483,921.207347134209,389.6378063968775,531.9440323505077,657.1902919269609,830.6765976173265,1901.751222467585,3359.5421409690894,4903.971193325477,7318.128089870523,3.62812258408221e-12,2.53975646649962e-20,0.002804813723663571,,True
PRI_UPSTREAM_OFFAXIS_F2p0,DECISION_GRADE_PHYSICAL_SCREEN,SINGLE_PULSE,12,1842786835.5688357,9600000000.0,6.032144101943462e-05,7714220757.24711,3728566078.321659,5.7220458984375e-06,5.000570211315179e-16,-8.766087800706732e-09,68.53644661239568,0.21008197604035325,0.1000625,0.7328313822663781,0.08835174776173907,0.045230144648777164,0.023431421570112774,0.04616806148433895,0.023233043722300537,0.14721554796735456,0.016130479219290693,0.887275,0.006483333333333333,0.9993950129332245,0.9996310155356173,0.997444777754193,0.37875021|0.011882573|0.00050893913|2.4399486e-05|1.222672e-06|6.2339256e-08|3.1987853e-09|1.6556631e-10|7.5581774e-12|1.363393e-12|-9.0524128e-13|9.2976148e-13,1.8636932|0.10751532|0.0057359401|0.00030028493|1.5577751e-05|8.0497362e-07|4.1513756e-08|2.157793e-09|9.3723585e-11|2.2407044e-11|-1.6449595e-11|1.6773052e-11,1.8691759|0.31728582|0.021767641|0.0012351292|6.5938584e-05|3.4438014e-06|1.7837523e-07|9.2272772e-09|4.5973071e-10|3.9964985e-11|-1.4229436e-11|1.5571182e-11,,nan,True,126.59038074499924,302.1086525545913,442.68239378782346,630.6363070189836,326.85053531836803,420.3476053470492,495.08380525688506,594.9764704549665,1826.8708185705686,3284.661730229839,4829.090808897646,7243.247712142901,5.195592548626231e-13,3.0130944772701414e-20,0.002668234078254807,NUMERICAL_OR_MASS_BALANCE,False
PRI_UPSTREAM_OFFAXIS_F2p0,DECISION_GRADE_PHYSICAL_SCREEN,STEP_ON_OFF,12,1842786835.5688357,38400000000.0,169.88447079472962,28424194412.222504,11818592253.46185,1.1444091796875e-05,2.8437622482844724e-16,7.64673519814544e-10,68.65442914521908,0.77074359355823,0.31783333333333336,0.7078845560452173,0.08560156305394545,0.1684279654190817,0.0754762402358288,0.17000948244679884,0.07428219423055415,0.24037714747536934,0.018465764922750226,0.651975,0.0267375,0.6478931530323159,0.6327547297040561,0.8417970571886896,0.0060716495|0.00026072627|0.37269107|0.38430103|0.38479686|0.3848206|0.012143235|0.00052144926|2.5026649e-05|1.2546536e-06|6.3980893e-08|3.2832659e-09,0.055230182|0.0029450401|1.8086171|1.9130413|1.9186155|1.9189074|0.11045953|0.0058900377|0.00030827819|1.5990774e-05|8.2628212e-07|4.2612451e-08,0.16424345|0.011201066|1.7055669|2.011051|2.0321521|2.0333517|0.32848336|0.02240195|0.0012689729|6.770577e-05|3.5353352e-06|1.8310189e-07,,nan,False,126.59038074499924,302.1086525545913,442.68239378782346,630.6363070189836,326.85053531836803,420.3476053470492,495.08380525688506,594.9764704549665,1826.8708185705686,3284.661730229839,4829.090808897646,7243.247712142901,5.195592548626231e-13,3.0130944772701414e-20,0.002668234078254807,NUMERICAL_OR_MASS_BALANCE,False
PRI_UPSTREAM_OFFAXIS_F2p0,DECISION_GRADE_PHYSICAL_SCREEN,ALTERNATING_BINARY,12,1842786835.5688357,57600000000.0,330820707.72043395,42111210338.68669,17000755789.161774,-6.866455078125e-05,1.1551368035820813e-15,0.002180169110951945,68.53644661239568,1.141051811599968,0.5082666666666666,0.7035102724985989,0.08511762313153558,0.24381881479357534,0.08084825566234818,0.2457632218440397,0.0778340660559008,0.26664772600794634,0.017544360463448216,0.4145041666666667,0.0374,-0.999551869361092,-0.9995917528436089,0.007881689709080408,0.37875021|0.011882573|0.3731875|0.011646246|0.3731762|0.011645681|0.37317618|0.011645679|0.37317618|0.011645679|0.37317618|0.011645679,1.8636932|0.10751532|1.814199|0.10487056|1.8140604|0.10486337|1.81406|0.10486335|1.81406|0.10486335|1.81406|0.10486335,1.8691759|0.31728582|1.7267|0.30731989|1.7261315|0.30728948|1.7261299|0.30728939|1.7261299|0.30728939|1.7261299|0.30728939,,nan,False,126.59038074499924,302.1086525545913,442.68239378782346,630.6363070189836,326.85053531836803,420.3476053470492,495.08380525688506,594.9764704549665,1826.8708185705686,3284.661730229839,4829.090808897646,7243.247712142901,5.195592548626231e-13,3.0130944772701414e-20,0.002668234078254807,NUMERICAL_OR_MASS_BALANCE,False
PRI_UPSTREAM_OFFAXIS_F2p0,DECISION_GRADE_PHYSICAL_SCREEN,FIXED_RANDOM,64,1842786835.5688357,306282950400.0,2670429942.835255,219888680420.2401,85566626872.49431,-0.0008392333984375,2.7236718554149464e-15,0.0011788745638277726,66.05352694256895,1.1160525586727867,0.61941015625,0.6980250537666813,0.08451005277752895,0.2569622904368637,0.06644519973732518,0.25838853869436984,0.0635911483345533,0.2590120159892697,0.022220267513549777,0.284528125,0.0269171875,0.10991896010539656,0.1126802874109036,0.8970754341006616,0.36265347|0.25113925|0.13456543|0.259927|0.19897516|0.21137347|0.26600265|0.34595766|0.25087447|0.058963084|0.32587849|0.064971375|0.33784356|0.17773605|0.034610525|0.24043978|0.29508513|0.36810096|0.19432111|0.043700791|0.11071551|0.0072126914|0.26147458|0.040195137|0.028770417|0.27884926|0.10418322|0.028170655|0.2173659|0.071295304|0.017047603|0.19720798|0.23412657|0.35510448|0.16066688|0.29295288|0.18980117|0.11463062|0.2124942|0.060951731|0.33678584|0.19232765|0.13029005|0.16010378|0.055917347|0.055521106|0.33185187|0.2645648|0.14542956|0.22225366|0.10424938|0.013168337|0.1643625|0.29669924|0.2484879|0.2682223|0.13073294|0.23732536|0.027468283|0.29068502|0.34750574|0.21187699|0.35909448|0.2735699,1.7855821|1.2664535|0.68711473|1.2799044|0.99979401|1.0526216|1.3190647|1.7141631|1.2633435|0.32014921|1.5901649|0.35771231|1.6492928|0.90649921|0.19245315|1.1720861|1.4631989|1.8254783|0.99190862|0.23888108|0.54384072|0.049541681|1.2702707|0.22890122|0.14598127|1.357088|0.54174265|0.15142325|1.0589456|0.3742107|0.092920885|0.95953188|1.1617058|1.7543343|0.82663746|1.4439851|0.95967846|0.58213348|1.0468683|0.32378927|1.643141|0.97713364|0.65862853|0.79468013|0.29265801|0.27739038|1.6178015|1.3269848|0.74140841|1.0985491|0.53530778|0.078398067|0.79979342|1.4610887|1.2449066|1.3350552|0.6702304|1.1697906|0.16460171|1.4152179|1.724047|1.074385|1.7715382|1.3749537,1.7955364|1.4009149|0.79694689|1.2882443|1.0909278|1.1098412|1.3665124|1.7696674|1.3905616|0.45049182|1.538629|0.5204169|1.5993345|1.0446621|0.28899092|1.1290659|1.5143613|1.8913761|1.1477503|0.34297531|0.54230261|0.1096512|1.2044079|0.36167112|0.16661009|1.2966806|0.66676067|0.20782462|1.0169036|0.47463337|0.13281087|0.9160997|1.2055083|1.7892533|0.98312475|1.459964|1.0722503|0.66204096|1.055835|0.42664926|1.5884878|1.110456|0.7365687|0.82690498|0.36852891|0.29681413|1.5576673|1.4372467|0.85469494|1.1236244|0.63234219|0.13770872|0.76418619|1.4693984|1.3429975|1.4046212|0.78775956|1.1826259|0.2908801|1.3556143|1.7881219|1.2137305|1.7971351|1.5018645,1|0.99999748|0.9956622|0.31486098|0.2783899|0.10859445|0.21414788|-0.51339458|-0.50865686|-0.3516426,3.9116528941082915,False,126.59038074499924,302.1086525545913,442.68239378782346,630.6363070189836,326.85053531836803,420.3476053470492,495.08380525688506,594.9764704549665,1826.8708185705686,3284.661730229839,4829.090808897646,7243.247712142901,5.195592548626231e-13,3.0130944772701414e-20,0.002668234078254807,NUMERICAL_OR_MASS_BALANCE,False
PRI_UPSTREAM_OFFAXIS_F3p333333,DECISION_GRADE_PHYSICAL_SCREEN,SINGLE_PULSE,12,830576833.5842909,9600000000.0,-1.9396534293261204e-17,5444745821.973464,4985831011.610794,3.337860107421875e-05,3.2000724031624585e-15,-1.124028620464261e-08,62.79718517740462,0.1459146756870395,0.05485416666666667,0.7000610026117722,0.0847356588403497,0.029265294130770544,0.017617758926120938,0.029833324662031452,0.017131083268678845,0.10425981089329153,0.01025264342552115,0.9348375,0.005908333333333333,0.9999934674503307,0.9999999801825419,0.9997382185839199,0.028526702|5.42452e-05|1.4856009e-07|4.5688199e-10|1.4940053e-12|4.8084748e-14|4.6493481e-14|4.7772796e-14|5.0081198e-14|5.0976726e-14|5.1333827e-14|5.1492191e-14,0.56364427|0.0020093862|6.6776426e-06|2.1880067e-08|7.3534705e-11|2.9815674e-12|2.9473728e-12|3.0286933e-12|3.1750418e-12|3.2318164e-12|3.2544558e-12|3.2644958e-12,1.8568709|0.018229854|7.4011013e-05|2.560298e-07|8.5475124e-10|1.1800325e-11|9.6889902e-12|9.9496355e-12|1.0430386e-11|1.0616898e-11|1.0691271e-11|1.0724253e-11,,nan,True,120.34063318964957,225.48508008485615,302.0379445640327,404.12763882160306,244.31491472840145,299.4057191129825,341.6267913244236,396.95811929442823,1746.6094987862077,3204.400374010467,4748.829466918283,7162.986292919385,1.2875755805466147e-12,3.762483665002447e-20,0.0025292157773667474,NUMERICAL_OR_MASS_BALANCE,False
PRI_UPSTREAM_OFFAXIS_F3p333333,DECISION_GRADE_PHYSICAL_SCREEN,STEP_ON_OFF,12,830576833.5842909,38400000000.0,5.8851872596558505e-06,21223652598.336807,18006924235.247425,4.9591064453125e-05,1.2640921560620888e-15,-1.11905158646847e-08,62.802924813070184,0.5668345226732305,0.21727083333333333,0.6846765086389796,0.08302812406698964,0.11547686502219073,0.060901069539778384,0.11676513845213925,0.05869701186871342,0.17169929764175454,0.013623017189854666,0.7537333333333334,0.023754166666666666,0.6105180153104182,0.6090183616977888,0.8418909315172725,2.7159798e-05|7.4394415e-08|0.028499542|0.028553713|0.028553861|0.028553861|5.4319594e-05|1.4878889e-07|4.5761168e-10|1.4961924e-12|4.7993538e-14|4.6428454e-14,0.0010063654|3.344298e-06|0.56263792|0.56464395|0.56465062|0.56465064|0.0020127305|6.6885997e-06|2.191572e-08|7.3639857e-11|2.9756771e-12|2.94325e-12,0.009133462|3.7069613e-05|1.8477376|1.8659302|1.8660041|1.8660044|0.018266923|7.4139238e-05|2.5645402e-07|8.5610107e-10|1.1784242e-11|9.6754567e-12,,nan,True,120.34063318964957,225.48508008485615,302.0379445640327,404.12763882160306,244.31491472840145,299.4057191129825,341.6267913244236,396.95811929442823,1746.6094987862077,3204.400374010467,4748.829466918283,7162.986292919385,1.2875755805466147e-12,3.762483665002447e-20,0.0025292157773667474,NUMERICAL_OR_MASS_BALANCE,False
PRI_UPSTREAM_OFFAXIS_F3p333333,DECISION_GRADE_PHYSICAL_SCREEN,ALTERNATING_BINARY,12,830576833.5842909,57600000000.0,12481880.984829338,31740657397.610725,26677437554.98876,-3.0517578125e-05,5.222878119433408e-16,6.068513262868539e-06,62.79718517740462,0.8473768946126882,0.314875,0.6828547799950723,0.08282550726638986,0.17038827120210795,0.0802732556346962,0.17214616517752337,0.07654835939002345,0.19271382262298015,0.013403117499800086,0.6384,0.035241666666666664,-0.9999977800727767,-0.9999966350200308,-0.47139897666272085,0.028526702|5.42452e-05|0.02849969|5.4171262e-05|0.02849969|5.4171261e-05|0.02849969|5.4171261e-05|0.02849969|5.4171261e-05|0.02849969|5.4171261e-05,0.56364427|0.0020093862|0.56264458|0.0020060638|0.56264457|0.0020060638|0.56264457|0.0020060638|0.56264457|0.0020060638|0.56264457|0.0020060638,1.8568709|0.018229854|1.8478115|0.01819304|1.8478113|0.01819304|1.8478113|0.01819304|1.8478113|0.01819304|1.8478113|0.01819304,,nan,False,120.34063318964957,225.48508008485615,302.0379445640327,404.12763882160306,244.31491472840145,299.4057191129825,341.6267913244236,396.95811929442823,1746.6094987862077,3204.400374010467,4748.829466918283,7162.986292919385,1.2875755805466147e-12,3.762483665002447e-20,0.0025292157773667474,NUMERICAL_OR_MASS_BALANCE,False
PRI_UPSTREAM_OFFAXIS_F3p333333,DECISION_GRADE_PHYSICAL_SCREEN,FIXED_RANDOM,64,830576833.5842909,306282950400.0,1172130105.761637,167729909381.85162,138211487745.97137,-0.0003662109375,1.1924285484874375e-15,1.917354250358705e-05,60.4639559038799,0.8388948439535956,0.3956109375,0.679079484823318,0.08240532516593212,0.18184659733181296,0.06720360091258311,0.18328339496569124,0.06299434197701044,0.18693721295594298,0.015932827965288977,0.5122765625,0.023571875,0.017591482032968276,0.009452296781892282,0.8560888978951484,0.027295749|0.018386772|0.0097164577|0.019567559|0.014629487|0.015710253|0.019861918|0.025853575|0.018401567|0.0039360355|0.024780339|0.004236626|0.025679767|0.012832943|0.0022379642|0.018303517|0.022026095|0.027481026|0.014026279|0.0028948128|0.0083623029|0.00030206329|0.019975831|0.0024879329|0.0021018425|0.021258273|0.0073417079|0.0019121152|0.01655581|0.0049643434|0.0011371038|0.015040295|0.017461931|0.026625054|0.01148374|0.022031496|0.013853058|0.0083315889|0.015986916|0.0041814444|0.02561142|0.013951391|0.0095221504|0.011945322|0.0039132784|0.0041154097|0.025251184|0.019486885|0.0105183|0.016661875|0.0074696115|0.00076638441|0.012536166|0.022320646|0.018332768|0.019945545|0.0093886406|0.017847305|0.0015647058|0.022160171|0.025922472|0.015415263|0.026975003|0.020109304,0.53934282|0.36388965|0.19242843|0.38662331|0.28945905|0.31063391|0.39263126|0.51105505|0.36413472|0.07831173|0.48934402|0.084454111|0.50711085|0.25419217|0.044605388|0.36142243|0.43544081|0.54325549|0.27781143|0.057612237|0.16518467|0.0062383505|0.39437332|0.04977327|0.041577707|0.41975005|0.14563876|0.037991711|0.32690811|0.098550277|0.022612985|0.29696318|0.34522776|0.52620668|0.22758817|0.435325|0.27421188|0.16493899|0.31588844|0.083076032|0.50575913|0.27627032|0.18844653|0.23613843|0.077649159|0.081375839|0.49864435|0.38554018|0.2082944|0.32928573|0.14801335|0.015376585|0.24751466|0.44106619|0.36265988|0.39436894|0.18600728|0.35265138|0.031477598|0.4375387|0.51248978|0.30518153|0.53304886|0.3978854,1.7770634|1.2061656|0.63946244|1.2736705|0.95857931|1.0261184|1.2958377|1.6864403|1.2063891|0.26470072|1.6086579|0.28744705|1.6671343|0.84524382|0.1517393|1.1878583|1.4374698|1.7930725|0.92356305|0.19494244|0.54367015|0.023895272|1.295278|0.17159283|0.13757779|1.3793434|0.48694506|0.12777894|1.0743727|0.3303886|0.076301271|0.9757136|1.1398747|1.7352212|0.75827346|1.4343381|0.90951184|0.54733382|1.0408042|0.27934534|1.6626635|0.91772193|0.6245778|0.77938517|0.25987869|0.26884928|1.6392586|1.2764241|0.69201306|1.0856981|0.49288064|0.053556749|0.8131733|1.4535939|1.2000993|1.3026203|0.61900031|1.1619728|0.11065157|1.4375599|1.6920731|1.0128136|1.7568695|1.3176804,1|0.9999775|0.044229294|0.14396633|0.21972086|0.24664612|0.0092144445|-0.22391506|-0.0025188019|-0.092706118,2.6637545491322423,False,120.34063318964957,225.48508008485615,302.0379445640327,404.12763882160306,244.31491472840145,299.4057191129825,341.6267913244236,396.95811929442823,1746.6094987862077,3204.400374010467,4748.829466918283,7162.986292919385,1.2875755805466147e-12,3.762483665002447e-20,0.0025292157773667474,NUMERICAL_OR_MASS_BALANCE,False
PRI_UPSTREAM_OFFAXIS_F8p0,DECISION_GRADE_PHYSICAL_SCREEN,SINGLE_PULSE,12,369677.8244701481,9600000000.0,-1.0886642121035047e-17,2726280152.7141247,6874089525.110339,6.67572021484375e-06,6.953607453537693e-16,-2.153505265238208e-08,46.903489247141366,0.07103913979457316,0.02121666666666667,0.5920915995037337,0.07261599351794608,0.013198580915205989,0.00949286433585734,0.013236478383523714,0.008616720176429093,0.052236635910799405,0.004115802716698652,0.9764708333333333,0.004704166666666666,0.9999999999999999,0.9999999999999998,0.9999999999700521,2.4803161e-08|4.2805787e-16|1.0332385e-15|1.0953783e-15|1.1543165e-15|1.2093719e-15|1.2601646e-15|1.3063703e-15|1.3477186e-15|1.3839953e-15|1.4150422e-15|1.440755e-15,2.0287333e-05|8.5486045e-13|2.0805236e-12|2.2060962e-12|2.324813e-12|2.435696e-12|2.5379933e-12|2.6310524e-12|2.7143287e-12|2.7873906e-12|2.8499196e-12|2.9017056e-12,0.0021048415|9.1922644e-11|2.2329739e-10|2.3680956e-10|2.4955418e-10|2.6145682e-10|2.724378e-10|2.8242712e-10|2.913663e-10|2.9920905e-10|3.0592114e-10|3.1148005e-10,,nan,True,70.79858000204632,101.2079458998955,124.31810712036034,154.57487646892534,109.75324975600228,133.37265401735755,151.8222718035723,177.3914184300708,1617.7072229004202,3075.4981117500297,4619.927176700656,7034.08404849755,1.4427754823320028e-12,1.3262896869996214e-20,0.002320945026053869,NUMERICAL_OR_MASS_BALANCE|KNOWN_DEAD_FLOW_ANCHOR,False
PRI_UPSTREAM_OFFAXIS_F8p0,DECISION_GRADE_PHYSICAL_SCREEN,STEP_ON_OFF,12,369677.8244701481,38400000000.0,4.2384674810493184e-18,10905066153.032026,27495303524.79242,2.288818359375e-05,5.960407096540927e-16,-2.1538524707439938e-08,46.90348924368516,0.28415397505352785,0.08486666666666667,0.5920793531579323,0.07261460064931771,0.052794331660926716,0.03588102892923765,0.052945090662473215,0.0323645275703264,0.08451388103478763,0.006213664207594644,0.9058833333333334,0.018816666666666666,0.6071428573893048,0.60714285971957,0.85436893728069,-1.0286572e-17|5.5607397e-17|2.4803161e-08|2.4803161e-08|2.4803161e-08|2.4803161e-08|4.3077874e-16|1.0302208e-15|1.0936899e-15|1.1541705e-15|1.2109769e-15|1.2637169e-15,-2.1376027e-14|1.1196442e-13|2.0287333e-05|2.0287333e-05|2.0287333e-05|2.0287333e-05|8.603265e-13|2.0744488e-12|2.2026957e-12|2.3245189e-12|2.4389285e-12|2.5451477e-12,-1.9849706e-12|1.2016369e-11|0.0021048415|0.0021048415|0.0021048415|0.0021048415|9.2508319e-11|2.2264554e-10|2.3644454e-10|2.4952261e-10|2.618038e-10|2.7320578e-10,,nan,True,70.79858000204632,101.2079458998955,124.31810712036034,154.57487646892534,109.75324975600228,133.37265401735755,151.8222718035723,177.3914184300708,1617.7072229004202,3075.4981117500297,4619.927176700656,7034.08404849755,1.4427754823320028e-12,1.3262896869996214e-20,0.002320945026053869,NUMERICAL_OR_MASS_BALANCE|KNOWN_DEAD_FLOW_ANCHOR,False
PRI_UPSTREAM_OFFAXIS_F8p0,DECISION_GRADE_PHYSICAL_SCREEN,ALTERNATING_BINARY,12,369677.8244701481,57600000000.0,0.0004058366399341892,16357590153.243973,41242779524.58011,-1.52587890625e-05,2.6490783215189106e-16,-2.1536155103516656e-08,46.903489247141366,0.4262305318928308,0.1273,0.5920779923928065,0.07261444587905008,0.07919146339530317,0.05173110613715951,0.07941746343292322,0.046444390946873575,0.09599064003704758,0.006767546875926859,0.858825,0.028225,-0.9999999999999998,-1.0,-0.2953101693762336,2.4803161e-08|4.2805787e-16|2.4803161e-08|4.2848565e-16|2.4803161e-08|4.2780712e-16|2.4803161e-08|4.2878151e-16|2.4803161e-08|4.2843763e-16|2.4803161e-08|4.2606552e-16,2.0287333e-05|8.5486045e-13|2.0287333e-05|8.5572006e-13|2.0287333e-05|8.5435857e-13|2.0287333e-05|8.5631492e-13|2.0287333e-05|8.5562475e-13|2.0287333e-05|8.5086319e-13,0.0021048415|9.1922644e-11|0.0021048415|9.2014767e-11|0.0021048415|9.1869013e-11|0.0021048415|9.2078544e-11|0.0021048415|9.2004646e-11|0.0021048415|9.1494755e-11,,nan,True,70.79858000204632,101.2079458998955,124.31810712036034,154.57487646892534,109.75324975600228,133.37265401735755,151.8222718035723,177.3914184300708,1617.7072229004202,3075.4981117500297,4619.927176700656,7034.08404849755,1.4427754823320028e-12,1.3262896869996214e-20,0.002320945026053869,NUMERICAL_OR_MASS_BALANCE|KNOWN_DEAD_FLOW_ANCHOR,False
PRI_UPSTREAM_OFFAXIS_F8p0,DECISION_GRADE_PHYSICAL_SCREEN,FIXED_RANDOM,64,369677.8244701481,306282950400.0,520359.2451779103,86979947700.5296,219302852018.04904,0.000640869140625,2.0924062742370677e-15,3.317910597242354e-12,45.158304215656635,0.42495722920244905,0.169103125,0.5920750624240974,0.07261411263103294,0.09075209153464414,0.04932638499999527,0.09102094596370834,0.04356307496521816,0.09572278344739718,0.007755452831223039,0.80014296875,0.01471875,0.009916350813614345,0.00039287943273885273,0.8394946359188481,2.3731863e-08|1.5956839e-08|8.4257813e-09|1.7013553e-08|1.2699663e-08|1.3648408e-08|1.7259824e-08|2.2467497e-08|1.5972093e-08|3.3950542e-09|2.1559799e-08|3.6461366e-09|2.2342067e-08|1.112603e-08|1.926435e-09|1.5925835e-08|1.9139035e-08|2.3880285e-08|1.2161583e-08|2.4961135e-09|7.2729053e-09|2.4904852e-10|1.7384459e-08|2.1322016e-09|1.8250894e-09|1.8497601e-08|6.3543202e-09|1.6519387e-09|1.4405351e-08|4.2930777e-09|9.8138636e-10|1.3087683e-08|1.5172241e-08|2.3142887e-08|9.9502364e-09|1.9154984e-08|1.2019857e-08|7.2280364e-09|1.3899615e-08|3.6126523e-09|2.2282688e-08|1.2099525e-08|8.264015e-09|1.0380249e-08|3.3859514e-09|3.57515e-09|2.19693e-08|1.6917664e-08|9.1218079e-09|1.4483407e-08|6.4732266e-09|6.5460486e-10|1.0908953e-08|1.9404925e-08|1.5918072e-08|1.7328255e-08|8.1379157e-09|1.5516955e-08|1.3322262e-09|1.928339e-08|2.2523676e-08|1.3372994e-08|2.3450818e-08|1.7456488e-08,1.9411082e-05|1.305163e-05|6.8917265e-06|1.3915951e-05|1.0387476e-05|1.1163487e-05|1.4117384e-05|1.8376915e-05|1.3064106e-05|2.7769261e-06|1.7634477e-05|2.9822949e-06|1.8274322e-05|9.100353e-06|1.5756942e-06|1.302627e-05|1.5654454e-05|1.9532482e-05|9.9473627e-06|2.0416528e-06|5.9487506e-06|2.0370507e-07|1.4219328e-05|1.7439971e-06|1.4928003e-06|1.5129803e-05|5.1974091e-06|1.3511746e-06|1.1782616e-05|3.5114498e-06|8.0270839e-07|1.0704851e-05|1.240988e-05|1.8929339e-05|8.1386316e-06|1.5667499e-05|9.8314405e-06|5.9120508e-06|1.1368957e-05|2.9549069e-06|1.8225754e-05|9.8966038e-06|6.7594125e-06|8.4903532e-06|2.7694806e-06|2.9242325e-06|1.7969423e-05|1.383752e-05|7.46103e-06|1.184646e-05|5.2946667e-06|5.3542303e-07|8.9227981e-06|1.5871934e-05|1.301992e-05|1.4173357e-05|6.6562716e-06|1.2691834e-05|1.0896713e-06|1.5772526e-05|1.8422866e-05|1.0938216e-05|1.9181206e-05|1.4278242e-05,0.0020139292|0.0013541264|0.0007150271|0.001443801|0.0010777164|0.0011582287|0.0014647|0.0019066327|0.0013554208|0.00028811035|0.0018296038|0.00030941768|0.0018959886|0.00094417535|0.0001634807|0.0013514953|0.0016241734|0.0020265245|0.001032054|0.00021182463|0.00061719192|2.113471e-05|0.0014752768|0.0001809424|0.00015488033|0.00156974|0.00053923911|0.00014018645|0.0012224643|0.00036431829|8.3282219e-05|0.0011106445|0.0012875439|0.0019639476|0.00084439531|0.0016255268|0.0010200269|0.00061338427|0.0011795466|0.00030657613|0.0018909496|0.0010267877|0.00070129932|0.00088088695|0.00028733788|0.00030339361|0.0018643549|0.0014356637|0.0007740932|0.0012290882|0.00054932973|5.5550954e-05|0.00092575377|0.0016467373|0.0013508365|0.0014705073|0.0006905983|0.001316797|0.00011305508|0.0016364235|0.0019114002|0.0011348565|0.0019900792|0.0014813893,0.99999361|-0.10902613|-0.2135082|-0.30564372|0.22760617|-0.81178592|-0.032607959|-0.411212|-0.22449282|-0.10168625,1.227599781634948,False,70.79858000204632,101.2079458998955,124.31810712036034,154.57487646892534,109.75324975600228,133.37265401735755,151.8222718035723,177.3914184300708,1617.7072229004202,3075.4981117500297,4619.927176700656,7034.08404849755,1.4427754823320028e-12,1.3262896869996214e-20,0.002320945026053869,NUMERICAL_OR_MASS_BALANCE|KNOWN_DEAD_FLOW_ANCHOR,False
PRI_CROSSSTREAM_OFFAXIS_F0p0,DECISION_GRADE_PHYSICAL_SCREEN,SINGLE_PULSE,12,3220247566.9440446,9600000000.0,97766.40885388973,12820149800.535172,0.0,1.9073486328125e-05,1.4877627150745839e-15,3.2462952348088054e-05,76.02301726559568,0.3528192023105043,0.18455833333333332,0.8043851042407422,0.09614897462385234,0.07692534873296861,0.03304402630224943,0.07845626811590824,0.03330822990464316,0.2237638901046585,0.028974843430132805,0.786675,0.008141666666666667,1.0,0.9924764980866946,0.9932465705747394,2.4853188|0.6851724|0.24234427|0.08939845|0.033189573|0.0123327|0.0045829881|0.0017030569|0.0006328466|0.00023515816|8.7380947e-05|3.2469107e-05,2.0203824|0.66988352|0.24348021|0.089923919|0.033326353|0.012365285|0.0045905986|0.0017048259|0.00063325733|0.0002352535|8.7403074e-05|3.2474243e-05,1.3717884|0.64023582|0.24270858|0.090084401|0.033382794|0.012379472|0.0045939529|0.0017056079|0.00063343902|0.00023529568|8.7412864e-05|3.2476515e-05,,nan,False,141.30597546641192,409.3694266004158,720.3764452560687,1208.0474549882044,437.66843826057215,612.0202959913431,777.5595259561866,1025.5030576718405,1980.851263992051,3438.6529997985185,4983.082077040531,7397.238981199106,3.2383423935279755e-14,3.164219707521164e-26,0.002956711605570286,,True
PRI_CROSSSTREAM_OFFAXIS_F0p0,DECISION_GRADE_PHYSICAL_SCREEN,STEP_ON_OFF,12,3220247566.9440446,38400000000.0,16650732.886882199,41603596834.05707,0.0,9.918212890625e-05,2.383025923781943e-15,0.005518556149620188,77.04361568855343,1.1393401800238212,0.481025,0.7664838999336159,0.09203556000489123,0.24669407007741048,0.08770055645754925,0.24861841680423252,0.0872883951487819,0.3457520949480045,0.025863092759149126,0.4503,0.03585833333333333,0.7399463569452024,0.7250060860361515,0.8520719574008042,0.41689477|0.14861714|2.123314|2.6253609|2.8000071|2.8642648|0.81968827|0.29199407|0.10783274|0.040039535|0.014878236|0.0055289195,0.4096097|0.14933588|1.6659642|2.1517795|2.327201|2.3918925|0.80508224|0.29342317|0.10843387|0.040194308|0.014915022|0.0055375063,0.39461703|0.14899824|1.0324593|1.4889004|1.6634297|1.7282432|0.77508126|0.29274421|0.10862574|0.040258591|0.014931061|0.0055412922,,nan,False,141.30597546641192,409.3694266004158,720.3764452560687,1208.0474549882044,437.66843826057215,612.0202959913431,777.5595259561866,1025.5030576718405,1980.851263992051,3438.6529997985185,4983.082077040531,7397.238981199106,3.2383423935279755e-14,3.164219707521164e-26,0.002956711605570286,,True
PRI_CROSSSTREAM_OFFAXIS_F0p0,DECISION_GRADE_PHYSICAL_SCREEN,ALTERNATING_BINARY,12,3220247566.9440446,57600000000.0,1744818139.0471318,59075429427.89703,0.0,-0.0001220703125,2.0070670111238663e-15,0.4020648007791813,76.02301726559568,1.6154338042123493,0.958225,0.7544117142396402,0.09071749337373006,0.3733959295410789,0.05772763309543584,0.3753650844827982,0.05598474610758082,0.39548966488721216,0.028877941822544297,0.0,0.0442,-0.989636762608301,-0.9916012645758597,0.5534408378686981,2.4853188|0.6851724|2.3107683|0.62595372|2.2890679|0.61790485|2.2860773|0.61679349|2.2856643|0.61664002|2.2856073|0.61661883,2.0203824|0.66988352|1.8542529|0.61047157|1.8323877|0.60237767|1.8293863|0.60126378|1.8289727|0.60111017|1.8289157|0.60108897,1.3717884|0.64023582|1.21988|0.58132198|1.1979749|0.57321003|1.1949688|0.57209502|1.1945549|0.57194135|1.1944978|0.57192015,,nan,False,141.30597546641192,409.3694266004158,720.3764452560687,1208.0474549882044,437.66843826057215,612.0202959913431,777.5595259561866,1025.5030576718405,1980.851263992051,3438.6529997985185,4983.082077040531,7397.238981199106,3.2383423935279755e-14,3.164219707521164e-26,0.002956711605570286,,True
PRI_CROSSSTREAM_OFFAXIS_F0p0,DECISION_GRADE_PHYSICAL_SCREEN,FIXED_RANDOM,64,3220247566.9440446,306282950400.0,4831359041.307407,304671838925.6349,0.0,0.001708984375,5.521701831276474e-15,0.17454910844804045,73.65192416197692,1.5607847286730974,0.87786640625,0.7485629564615076,0.09007753659934271,0.3760621742521383,0.061043445834223095,0.3771950287967023,0.06006689419368298,0.3760056477127819,0.03462790308285135,0.04759375,0.03795078125,0.3831117300619505,0.3808797676165244,0.9379460505490379,2.3959794|1.9926954|1.2820907|1.8081061|1.5672804|1.5933453|1.8971853|2.410233|2.0087247|0.86885536|2.0807649|0.87347831|2.1431764|1.5128842|0.60787255|1.5300392|2.014383|2.5532082|1.7299143|0.72520597|0.84615452|0.26560618|1.5425431|0.58805214|0.34239415|1.6512628|0.96949136|0.42962275|1.3419686|0.72092522|0.30258927|1.1922493|1.5852513|2.3707621|1.486587|2.0451793|1.5777406|1.0670971|1.4817535|0.71802886|2.0843631|1.5729778|1.1496469|1.2091319|0.63024219|0.49544025|1.9808457|1.9395306|1.3124759|1.6014816|0.99457005|0.35638186|1.0325436|1.8993693|1.8464359|1.9726469|1.2413822|1.6703993|0.58225282|1.8043156|2.3673358|1.7748522|2.4787241|2.1503968,1.9508099|1.6836729|1.1174254|1.4897885|1.3226776|1.3341498|1.5707102|1.9853237|1.7004288|0.79705632|1.6818123|0.79282199|1.7294764|1.2937286|0.56607677|1.235765|1.6513467|2.1008846|1.4910647|0.67253198|0.71130009|0.256761|1.2219971|0.53766373|0.30797462|1.3091765|0.84049305|0.39572711|1.0756682|0.63267749|0.28227741|0.95055547|1.2970407|1.9344491|1.2888162|1.6864407|1.3444365|0.92692819|1.2214512|0.64297018|1.6715679|1.3357713|0.99024995|1.0131145|0.56167888|0.42787222|1.5735365|1.6134436|1.1340829|1.3293466|0.86650594|0.34088485|0.83138473|1.5345064|1.5406326|1.6435093|1.0809849|1.3798149|0.54834485|1.4484272|1.9396879|1.5143282|2.038528|1.8141216,1.3295824|1.2476708|0.88259678|1.0448138|0.97799931|0.96998431|1.1133475|1.3906194|1.26537|0.69079291|1.126651|0.67422156|1.1537434|0.98311203|0.50300125|0.82640501|1.1436551|1.4677281|1.1516|0.59369408|0.52230646|0.24183819|0.77741021|0.46269607|0.25824327|0.83451529|0.65629423|0.3453942|0.70560867|0.50599984|0.25166091|0.6150013|0.89401521|1.3248937|1.0068301|1.1846603|1.0145593|0.72751808|0.85755296|0.5341137|1.0976692|1.0003232|0.76411766|0.73789061|0.46273822|0.33225808|1.008062|1.1552362|0.88033575|0.94811769|0.68384464|0.31609819|0.55181727|1.0259588|1.1107147|1.1814291|0.85218954|0.9733343|0.4958232|0.95379849|1.3415897|1.1454651|1.4229929|1.3401693,0.99995127|0.98344187|0.63655164|0.10997772|0.17751797|-0.082538842|0.18858924|0.040691568|-0.36090481|-0.37521968,3.1367212814357903,False,141.30597546641192,409.3694266004158,720.3764452560687,1208.0474549882044,437.66843826057215,612.0202959913431,777.5595259561866,1025.5030576718405,1980.851263992051,3438.6529997985185,4983.082077040531,7397.238981199106,3.2383423935279755e-14,3.164219707521164e-26,0.002956711605570286,,True
PRI_CROSSSTREAM_OFFAXIS_F0p25,DECISION_GRADE_PHYSICAL_SCREEN,SINGLE_PULSE,12,2999173786.7104964,9600000000.0,32808.795716035194,11920728548.920992,678412428.9937946,-4.887580871582031e-06,3.8792868122332044e-16,6.481564629011499e-06,75.39366639901387,0.3276657651166534,0.1625875,0.7854712134206351,0.094100920953671,0.07045699266312094,0.03171466120133723,0.07188093168677047,0.031957373771023305,0.2093435094482617,0.030197094237499555,0.8030541666666666,0.007954166666666667,0.9999951451363243,0.9935473893261184,0.9937512765911608,2.2959754|0.59506882|0.19321202|0.064924053|0.021920123|0.0074051717|0.002501736|0.00084515658|0.00028551181|9.6450728e-05|3.258245e-05|1.1006776e-05,2.2631846|0.6914852|0.2290316|0.07694846|0.025935407|0.008751025|0.0029542574|0.00099760674|0.00033692986|0.00011380447|3.844165e-05|1.2985477e-05,1.7000507|0.71074784|0.24356353|0.082094541|0.027660184|0.0093282706|0.0031480781|0.001062846|0.00035892224|0.00012122473|4.0946542e-05|1.3831315e-05,,nan,False,138.64701487819505,390.2241135683932,674.3805287165364,1118.763589661418,420.97324343410264,584.3745825949286,736.8162705977458,963.270545065406,1960.7278463655853,3418.5226539791415,4962.9517121811705,7377.108597773041,1.8346504272993365e-15,1.096279225517197e-28,0.0029172969047890035,,True
PRI_CROSSSTREAM_OFFAXIS_F0p25,DECISION_GRADE_PHYSICAL_SCREEN,STEP_ON_OFF,12,2999173786.7104964,38400000000.0,8865035.25509742,39418834328.25437,1971474423.201014,1.2874603271484375e-05,3.1098696166775283e-16,0.001748955523917437,76.36152660719364,1.0782211347112296,0.4469166666666667,0.7512014789878235,0.09036634877207324,0.22980944349377677,0.08759970712761742,0.23164109201355346,0.08723613880911679,0.32469041859595305,0.030795812055996425,0.48769583333333333,0.034979166666666665,0.7311702411337927,0.7134468434642208,0.8529563851296544,0.35560137|0.11613393|1.9794299|2.4324966|2.5779203|2.6267066|0.70280094|0.22942943|0.077152783|0.026051323|0.00880084|0.0029732314,0.41456903|0.13765286|1.8948897|2.4180477|2.5904695|2.6483313|0.81920998|0.271954|0.091416382|0.030817254|0.010399111|0.0035107947,0.42860607|0.1464643|1.3208097|1.8523638|2.0355376|2.0972793|0.84662952|0.28935706|0.097524291|0.032863968|0.011084465|0.0037410072,,nan,False,138.64701487819505,390.2241135683932,674.3805287165364,1118.763589661418,420.97324343410264,584.3745825949286,736.8162705977458,963.270545065406,1960.7278463655853,3418.5226539791415,4962.9517121811705,7377.108597773041,1.8346504272993365e-15,1.096279225517197e-28,0.0029172969047890035,,True
PRI_CROSSSTREAM_OFFAXIS_F0p25,DECISION_GRADE_PHYSICAL_SCREEN,ALTERNATING_BINARY,12,2999173786.7104964,57600000000.0,1526618811.935062,56371446250.332924,2701108724.442468,4.4345855712890625e-05,7.317897743783389e-16,0.2060052229566889,75.39366639901387,1.5397868424574077,0.8490458333333334,0.7409549459686698,0.08924373746833145,0.3488315740866892,0.06572543651118616,0.350798958069875,0.06395503813139979,0.37148599043269703,0.03569853147305286,0.047275,0.04315,-0.9916853707231912,-0.9936742268128885,0.49042306349373416,2.2959754|0.59506882|2.1335861|0.54385894|2.1164504|0.53807648|2.114497|0.53741654|2.114274|0.53734122|2.1142486|0.53733263,2.2631846|0.6914852|2.0776472|0.6307808|2.0573085|0.62393207|2.0549986|0.62315247|2.0547354|0.62306357|2.0547054|0.62305343,1.7000507|0.71074784|1.5150082|0.64637808|1.4933033|0.63907076|1.4908404|0.63823987|1.4905599|0.63814517|1.4905279|0.63813437,,nan,False,138.64701487819505,390.2241135683932,674.3805287165364,1118.763589661418,420.97324343410264,584.3745825949286,736.8162705977458,963.270545065406,1960.7278463655853,3418.5226539791415,4962.9517121811705,7377.108597773041,1.8346504272993365e-15,1.096279225517197e-28,0.0029172969047890035,,True
PRI_CROSSSTREAM_OFFAXIS_F0p25,DECISION_GRADE_PHYSICAL_SCREEN,FIXED_RANDOM,64,2999173786.7104964,306282950400.0,4495920489.827413,291151164595.6906,13635039101.193617,-0.0011119842529296875,3.595371882076165e-15,0.08643508521481631,73.03080833092437,1.489845533246947,0.80553046875,0.7353773041298769,0.08863148493223695,0.35386970847569144,0.06733383667064612,0.3550370365612135,0.06630811072684001,0.3542893779647207,0.0403844714782212,0.088821875,0.0369453125,0.35352511610446835,0.3481381255522802,0.9335250913773887,2.2121668|1.822701|1.1538279|1.6555472|1.4288461|1.4546547|1.7403583|2.2183303|1.8334636|0.76411886|1.9153743|0.77754217|1.9778611|1.3780971|0.53011392|1.4075279|1.8586295|2.3548808|1.570832|0.6317349|0.76052764|0.2236846|1.4315148|0.52646892|0.30009189|1.5345741|0.88323825|0.3766528|1.2402139|0.65167026|0.26189988|1.1038301|1.4663007|2.1937851|1.3499248|1.8763712|1.4344554|0.95843324|1.3557354|0.63927048|1.9290514|1.4383022|1.0393398|1.1003047|0.55997689|0.44143986|1.8411667|1.7879255|1.1903597|1.4647308|0.89506891|0.30290894|0.94888943|1.7606655|1.6985674|1.8099767|1.1195576|1.5286203|0.50740995|1.6655886|2.1868201|1.6186337|2.2789886|1.9641526,2.1833392|1.8568506|1.2054257|1.6480588|1.4530163|1.4687582|1.7411747|2.2109351|1.8700407|0.83503239|1.8761101|0.84321183|1.9357835|1.418538|0.58707691|1.3774992|1.8458691|2.3460257|1.6273091|0.69661274|0.76772762|0.25650637|1.3802843|0.57550355|0.32130597|1.4813465|0.92093258|0.41285145|1.2070062|0.68624789|0.29017452|1.0696899|1.4546119|2.1707231|1.4061179|1.8699985|1.4708633|0.99779375|1.3500045|0.68421293|1.8790299|1.472211|1.0748105|1.1107214|0.59632302|0.45628355|1.7805798|1.7991153|1.2355276|1.4675517|0.93505163|0.34350293|0.92584918|1.7277143|1.712828|1.8212046|1.1692859|1.5249961|0.56851887|1.6225935|2.1714234|1.6626548|2.2671478|1.9973944,1.6451345|1.5043452|1.0301187|1.2680317|1.1728594|1.167198|1.3549176|1.7050522|1.5191881|0.77711938|1.3882729|0.77335995|1.4293815|1.1749795|0.55927123|1.0172297|1.4114146|1.8071697|1.3663169|0.65888476|0.61051867|0.2587419|0.98089831|0.53509923|0.28838894|1.0557527|0.78309389|0.3863885|0.87874276|0.59534657|0.27679072|0.77025458|1.1091445|1.6453233|1.1937311|1.4424496|1.2087694|0.84680425|1.0394316|0.61276429|1.3707903|1.2047994|0.89951735|0.88247585|0.52914402|0.38182164|1.2749849|1.4177669|1.0415933|1.146168|0.79887371|0.34057849|0.67863064|1.283262|1.3564686|1.4357248|0.99847717|1.1792883|0.55200505|1.1843411|1.6595303|1.3712421|1.7411321|1.6121911,0.99997212|0.98974214|0.71473515|0.1075407|0.2111753|-0.076236417|0.193087|-0.0027068267|-0.38637823|-0.37302496,3.2162524077314716,False,138.64701487819505,390.2241135683932,674.3805287165364,1118.763589661418,420.97324343410264,584.3745825949286,736.8162705977458,963.270545065406,1960.7278463655853,3418.5226539791415,4962.9517121811705,7377.108597773041,1.8346504272993365e-15,1.096279225517197e-28,0.0029172969047890035,,True
PRI_CROSSSTREAM_OFFAXIS_F0p5,DECISION_GRADE_PHYSICAL_SCREEN,SINGLE_PULSE,12,2720123856.4721923,9600000000.0,6780.699536808921,10858097261.276073,1462019814.4965932,-1.1205673217773438e-05,9.095422536589765e-16,7.845325864665106e-07,74.60748779160502,0.2979406781704609,0.1360625,0.7794521396048355,0.09344720908623257,0.06327437414323837,0.030323774221807025,0.06457469407384159,0.030533463220676824,0.19326470157461,0.031044872000324818,0.8329291666666667,0.007770833333333334,0.9999821841189579,0.994735646259774,0.9944992334442023,2.0061178|0.46359304|0.13200851|0.038700614|0.011388311|0.0033526098|0.00098698892|0.0002905575|8.5535433e-05|2.5179992e-05|7.4126511e-06|2.1821121e-06,2.384884|0.64001496|0.18493795|0.054165288|0.015913384|0.0046800797|0.0013770303|0.00040526062|0.00011928273|3.5111502e-05|1.0335414e-05|3.0424619e-06,1.9871576|0.71373399|0.2120432|0.062227345|0.018273064|0.0053716313|0.0015800882|0.00046495331|0.00013684196|4.0278495e-05|1.1856305e-05|3.4901154e-06,,nan,False,136.0565529747284,370.0076075982729,623.8666025915702,1018.2598856279219,403.6184608073409,554.9297988918491,692.4589978314907,894.3294526418827,1937.424640855685,3395.216415452915,4939.645560997614,7353.802406230427,1.1501037292118554e-11,2.3856844725699678e-20,0.002872319797934729,,True
PRI_CROSSSTREAM_OFFAXIS_F0p5,DECISION_GRADE_PHYSICAL_SCREEN,STEP_ON_OFF,12,2720123856.4721923,38400000000.0,3571570.132093647,36738221149.9987,4378331136.341473,-8.0108642578125e-05,1.9481615098665644e-15,0.00041282247224020134,75.46140329343073,1.0032046348071344,0.39166666666666666,0.7471054428780446,0.0899179187909516,0.2102042174218884,0.0877857830761938,0.2119317549516514,0.08745435586932991,0.3005713035127002,0.03572195281560645,0.53965,0.033875,0.7190232255035841,0.6988255180853533,0.8548247124016654,0.27047082|0.077348656|1.7583358|2.1285683|2.2331767|2.2638134|0.53718077|0.15359012|0.045051646|0.013257999|0.0039030344|0.001149027,0.37417873|0.10834243|2.0424523|2.5517064|2.6983126|2.741213|0.7431076|0.21514017|0.06303922|0.018523272|0.0054480061|0.0016030334,0.4189951|0.12425619|1.6046317|2.1683513|2.3363633|2.385657|0.8319648|0.24673994|0.072416802|0.021268543|0.0062527873|0.0018393789,,nan,False,136.0565529747284,370.0076075982729,623.8666025915702,1018.2598856279219,403.6184608073409,554.9297988918491,692.4589978314907,894.3294526418827,1937.424640855685,3395.216415452915,4939.645560997614,7353.802406230427,1.1501037292118554e-11,2.3856844725699678e-20,0.002872319797934729,,True
PRI_CROSSSTREAM_OFFAXIS_F0p5,DECISION_GRADE_PHYSICAL_SCREEN,ALTERNATING_BINARY,12,2720123856.4721923,57600000000.0,1259214783.3543952,52976534469.55288,6084374603.564937,-1.811981201171875e-05,3.0039414466113605e-16,0.09734706849890168,74.60748779160502,1.444778475798692,0.7238625,0.7382075933783286,0.08894226597833645,0.32048195998254914,0.07454720067196574,0.32243572364168965,0.07270138385477706,0.34412004752695186,0.04189652328543923,0.16019166666666668,0.041779166666666666,-0.9939717049333707,-0.9957680982927413,0.4170017475394945,2.0061178|0.46359304|1.8676555|0.424945|1.856355|0.42162064|1.8553763|0.42133252|1.8552915|0.42130756|1.8552842|0.42130539,2.384884|0.64001496|2.1956433|0.58583782|2.1798098|0.58118936|2.1784431|0.58078731|2.1783248|0.58075249|2.1783145|0.58074947,1.9871576|0.71373399|1.7802057|0.65170514|1.7620096|0.64636575|1.7604407|0.64590436|1.7603049|0.64586441|1.7602932|0.64586095,,nan,False,136.0565529747284,370.0076075982729,623.8666025915702,1018.2598856279219,403.6184608073409,554.9297988918491,692.4589978314907,894.3294526418827,1937.424640855685,3395.216415452915,4939.645560997614,7353.802406230427,1.1501037292118554e-11,2.3856844725699678e-20,0.002872319797934729,,True
PRI_CROSSSTREAM_OFFAXIS_F0p5,DECISION_GRADE_PHYSICAL_SCREEN,FIXED_RANDOM,64,2720123856.4721923,306282950400.0,4067443846.6575565,274158825493.98477,30776804915.830486,-0.000621795654296875,2.012263650751854e-15,0.039237280593723244,72.23462004886946,1.4006565880319468,0.70938984375,0.7326278138767387,0.0883293729500053,0.328551444106067,0.07405666761884301,0.3297616940462849,0.07291778039063462,0.32967453448608736,0.04569407215716501,0.18432890625,0.03538125,0.3138297244836025,0.30551963156570305,0.9278605950767469,1.9311517|1.5635197|0.96538253|1.4294115|1.2223441|1.2479973|1.5042037|1.9257444|1.5684854|0.61492554|1.6696719|0.63756803|1.7289499|1.1744281|0.42062412|1.2264693|1.6198567|2.0488725|1.3306371|0.50089767|0.64153592|0.16919652|1.2637626|0.43374209|0.24160484|1.3558646|0.75046081|0.30129189|1.0871896|0.54770596|0.2057679|0.97062451|1.2814378|1.9180993|1.1418231|1.6223231|1.2204833|0.80120031|1.1699229|0.52596804|1.6934402|1.2324497|0.87630623|0.94051695|0.46008082|0.36670499|1.6266535|1.5515956|1.0061168|1.260695|0.74956211|0.23129947|0.82693535|1.5463257|1.4696147|1.5616769|0.93913786|1.3182117|0.40171923|1.4581546|1.9081065|1.3808543|1.9761758|1.6828902,2.2980377|1.9106161|1.2034157|1.7106241|1.4904441|1.5119517|1.8092416|2.3100639|1.9177988|0.79778668|1.9719864|0.82307942|2.041689|1.4479974|0.55235158|1.4472419|1.9384928|2.4578913|1.6487182|0.65474541|0.77436619|0.22999026|1.4753777|0.5648355|0.30671064|1.5849235|0.93648001|0.39166283|1.2780294|0.68895512|0.26998791|1.137339|1.5327906|2.288716|1.4220045|1.9439963|1.4985649|0.99520637|1.4003807|0.67023255|1.9929531|1.5127938|1.0828443|1.1383263|0.58311655|0.45176427|1.904707|1.8782787|1.2483267|1.5169463|0.93471921|0.31044824|0.9731174|1.8328867|1.7813807|1.887768|1.171|1.5803471|0.53424193|1.7150839|2.2836148|1.6990323|2.3655344|2.0524972,1.9194255|1.6971334|1.1164081|1.4488751|1.3176814|1.3175782|1.5503672|1.9668569|1.7059339|0.80087363|1.617493|0.81793499|1.6738579|1.3114847|0.56699717|1.1844938|1.6408731|2.0927762|1.5095254|0.66668258|0.66975074|0.2504705|1.1746919|0.57017917|0.29564647|1.2659918|0.86987826|0.3947725|1.035889|0.65068227|0.27688274|0.91427693|1.2958834|1.9239371|1.3159071|1.6515044|1.34548|0.91649056|1.1866812|0.64986283|1.6198045|1.3568597|0.98606859|0.98999225|0.55957061|0.40898725|1.5280086|1.6329096|1.1463907|1.3014307|0.86763022|0.33126125|0.79101513|1.5159318|1.5535662|1.6364725|1.0867338|1.3441901|0.56043024|1.3922137|1.93326|1.5322551|2.004372|1.8155081,0.99998994|0.99498089|0.80010322|0.11982411|0.25291677|-0.076801583|0.19447352|-0.075539733|-0.41593886|-0.36522223,3.362288450961369,False,136.0565529747284,370.0076075982729,623.8666025915702,1018.2598856279219,403.6184608073409,554.9297988918491,692.4589978314907,894.3294526418827,1937.424640855685,3395.216415452915,4939.645560997614,7353.802406230427,1.1501037292118554e-11,2.3856844725699678e-20,0.002872319797934729,,True
PRI_CROSSSTREAM_OFFAXIS_F0p666667,DECISION_GRADE_PHYSICAL_SCREEN,SINGLE_PULSE,12,2515871364.790734,9600000000.0,1794.3415586560895,10127540748.51841,1988328821.9307985,-3.337860107421875e-05,2.7549484530859633e-15,1.4458865396539022e-07,74.01792536998029,0.27749816804209465,0.12220416666666667,0.7792520272404192,0.09342545933351522,0.058489412985028126,0.02914662722433139,0.059703092090406876,0.029323214062933766,0.1822698436071657,0.03085111630886544,0.8523791666666667,0.007604166666666667,0.9999727016466089,0.9957295185334661,0.9950774577304318,1.7837108|0.37124299|0.094413163|0.024657978|0.0064611429|0.0016936137|0.00044393822|0.00011636499|3.0501171e-05|7.994801e-06|2.0955468e-06|5.4927084e-07,2.3964333|0.57449717|0.14786338|0.038566533|0.010090177|0.0026425456|0.00069235837|0.00018143793|4.7552097e-05|1.2463322e-05|3.2667008e-06|8.5623027e-07,2.1435593|0.67913689|0.17909438|0.046776563|0.012231659|0.0032020633|0.00083876401|0.00021977876|5.7597156e-05|1.5095649e-05|3.9565861e-06|1.0370475e-06,,nan,False,134.18661825079062,355.1464518010365,588.2913542583696,948.6746656143227,389.7036790578357,531.534252020836,658.3938995808073,843.3191223752972,1919.723689610131,3377.5148550312115,4921.943915194156,7336.100796402193,4.908997345888154e-13,2.3141076152796642e-20,0.002838622607385338,,True
PRI_CROSSSTREAM_OFFAXIS_F0p666667,DECISION_GRADE_PHYSICAL_SCREEN,STEP_ON_OFF,12,2515871364.790734,38400000000.0,1661805.552226466,34829712169.84464,6084497389.393769,9.822845458984375e-05,2.40074209135314e-15,0.0001337999427926937,74.77464326711154,0.9497729757052642,0.35617916666666666,0.7477856999406046,0.08999242327535721,0.1971474999805,0.08707038075178128,0.19880415200278712,0.08674043860441549,0.2841875266689557,0.03771642349015239,0.5843,0.03297083333333333,0.7093770670873247,0.6876832085104003,0.8556409612327858,0.21277176|0.054300537|1.5851269|1.8915993|1.9690813|1.9893023|0.42366142|0.10810773|0.028246499|0.0074017781|0.0019401772|0.00050856733,0.32976091|0.08502465|2.0888584|2.5619502|2.6833428|2.7149819|0.65658529|0.16927991|0.044170224|0.011557795|0.0030270744|0.00079312799,0.39106873|0.10300058|1.7793973|2.3356638|2.4826568|2.5210366|0.77857925|0.20506907|0.053569327|0.01400999|0.0036678999|0.00096082731,,nan,False,134.18661825079062,355.1464518010365,588.2913542583696,948.6746656143227,389.7036790578357,531.534252020836,658.3938995808073,843.3191223752972,1919.723689610131,3377.5148550312115,4921.943915194156,7336.100796402193,4.908997345888154e-13,2.3141076152796642e-20,0.002838622607385338,,True
PRI_CROSSSTREAM_OFFAXIS_F0p666667,DECISION_GRADE_PHYSICAL_SCREEN,ALTERNATING_BINARY,12,2515871364.790734,57600000000.0,1071115855.2865041,50507402859.20998,8537352650.294401,-0.0001506805419921875,2.506501836725261e-15,0.05680037507175549,74.01792536998029,1.375650655695898,0.6544916666666667,0.739676681924206,0.08910349628848485,0.3008233316020749,0.07910711824575262,0.30275887787970135,0.07719432350444348,0.32514505363945784,0.04419657020337968,0.23309166666666667,0.041195833333333334,-0.9954017732434298,-0.996926102277482,0.3650446820397023,1.7837108|0.37124299|1.6653522|0.34160043|1.6576254|0.3395762|1.6570948|0.33943712|1.6570583|0.33942756|1.6570558|0.33942691,2.3964333|0.57449717|2.2145358|0.52803905|2.2024401|0.52487628|2.201612|0.52465934|2.2015551|0.52464444|2.2015512|0.52464342,2.1435593|0.67913689|1.9315849|0.62291287|1.9169098|0.61907794|1.9159062|0.6188151|1.9158374|0.61879706|1.9158326|0.61879582,,nan,False,134.18661825079062,355.1464518010365,588.2913542583696,948.6746656143227,389.7036790578357,531.534252020836,658.3938995808073,843.3191223752972,1919.723689610131,3377.5148550312115,4921.943915194156,7336.100796402193,4.908997345888154e-13,2.3141076152796642e-20,0.002838622607385338,,True
PRI_CROSSSTREAM_OFFAXIS_F0p666667,DECISION_GRADE_PHYSICAL_SCREEN,FIXED_RANDOM,64,2515871364.790734,306282950400.0,3751383112.976362,261789242173.5211,43258196478.293625,-0.0003814697265625,1.2353341388493447e-15,0.022162315948494226,71.63054395336245,1.3357017003623248,0.6614578125,0.7340234655013402,0.08848275115884115,0.31107417729665626,0.07721205623577136,0.31231435604282526,0.07596809538987784,0.31267959404131523,0.047689457057382346,0.24505546875,0.0342046875,0.2832996484860911,0.2742572032309159,0.9234559369012592,1.7158588|1.3682|0.82850698|1.2606074|1.0687023|1.094024|1.3262333|1.7030321|1.3700751|0.51044076|1.4844148|0.53714677|1.5394266|1.0222766|0.34484959|1.0903499|1.4368434|1.8140981|1.1522195|0.41080059|0.55728887|0.13371072|1.1343163|0.36585044|0.20133863|1.2170582|0.65053174|0.2487166|0.97046179|0.47099356|0.16753737|0.86854235|1.1384464|1.7046751|0.98676458|1.4310958|1.0619468|0.68795783|1.0315902|0.44519324|1.5125583|1.0771495|0.75691698|0.82278144|0.38943812|0.31434642|1.4597532|1.3697107|0.869548|1.1083506|0.64402409|0.18382289|0.73581608|1.3800985|1.2944927|1.3736882|0.80734328|1.1612413|0.32843662|1.3005191|1.69352|1.2025609|1.7467133|1.4721958,2.3071696|1.8829268|1.1593928|1.7019009|1.4674137|1.4932401|1.7993244|2.3057927|1.8859766|0.7410825|1.9816605|0.77733432|2.0553633|1.4181981|0.50641408|1.4543267|1.9420824|2.4568129|1.6048759|0.60036041|0.75663303|0.20338923|1.500514|0.53427616|0.28577936|1.6119855|0.91281121|0.3615537|1.2907785|0.66547387|0.24562174|1.1522585|1.5385132|2.2982552|1.3810533|1.9345251|1.4670276|0.95936441|1.3929805|0.63600074|2.0142252|1.4887121|1.0509241|1.1215278|0.55325944|0.43461187|1.9364957|1.8705382|1.2123743|1.5034215|0.90183399|0.27568523|0.97905105|1.8503988|1.7693296|1.8719562|1.13042|1.5701194|0.48888052|1.7303738|2.2894255|1.6648782|2.3596958|2.0220613,2.0678657|1.7816979|1.1385036|1.5407939|1.3815513|1.3869936|1.6478077|2.1011909|1.785779|0.78410357|1.7454361|0.81667363|1.8108077|1.3659889|0.54755631|1.278231|1.7623127|2.2400522|1.5596808|0.64343772|0.69468799|0.23394317|1.2911196|0.57088938|0.28944382|1.3914197|0.90083014|0.38361809|1.126339|0.66640648|0.2648911|0.99888757|1.3954581|2.0729956|1.3560076|1.7566807|1.4002267|0.93513603|1.2616732|0.6516493|1.7628184|1.4219557|1.0146025|1.0387091|0.56066513|0.41593095|1.678202|1.7387905|1.1809398|1.3764916|0.88666821|0.309747|0.85525872|1.6465866|1.6481695|1.7321519|1.1112257|1.4266504|0.54139471|1.5113293|2.0783233|1.5965767|2.1393354|1.9050454,0.99999575|0.99719654|0.84986159|0.13178936|0.27795886|-0.070989353|0.19018563|-0.13524063|-0.43252255|-0.3581556,3.446987719271649,False,134.18661825079062,355.1464518010365,588.2913542583696,948.6746656143227,389.7036790578357,531.534252020836,658.3938995808073,843.3191223752972,1919.723689610131,3377.5148550312115,4921.943915194156,7336.100796402193,4.908997345888154e-13,2.3141076152796642e-20,0.002838622607385338,,True
PRI_CROSSSTREAM_OFFAXIS_F1p0,DECISION_GRADE_PHYSICAL_SCREEN,SINGLE_PULSE,12,2096652594.0706599,9600000000.0,63.95493167208776,8744283984.037638,2952368546.0781026,-1.1920928955078125e-05,1.0191744056005525e-15,2.4862448468983496e-09,72.73470870373092,0.23876795520464084,0.09935416666666666,0.7820571438960668,0.09373024582452856,0.04952654947677628,0.02633727275457861,0.05056548727017776,0.026426275958592666,0.1607107000061089,0.02887455473215094,0.8816125,0.0071875,0.9999628168292911,0.9979111744980981,0.996342170160363,1.3306505|0.21057907|0.040195607|0.0078506669|0.0015374602|0.00030117774|5.8998749e-05|1.1557443e-05|2.2638725e-06|4.4357348e-07|8.6784092e-08|1.7106548e-08,2.2710018|0.40834584|0.078560438|0.015316983|0.0029955987|0.00058641299|0.00011483732|2.2491957e-05|4.4057908e-06|8.6284007e-07|1.6919098e-07|3.2968651e-08,2.3513885|0.54637989|0.1071008|0.02089219|0.0040836825|0.000799143|0.00015646983|3.0643841e-05|6.0021883e-06|1.1756539e-06|2.3033571e-07|4.5074731e-08,,nan,False,130.02590119327468,323.332656629042,517.1907749622908,813.799517361201,357.71267630149663,479.5996839798361,585.6866789143579,738.5164970879855,1881.9627863075693,3339.753723900262,4884.182837585947,7298.339731207428,3.6880290190245234e-12,2.5865486932925945e-20,0.002768054879464486,,True
PRI_CROSSSTREAM_OFFAXIS_F1p0,DECISION_GRADE_PHYSICAL_SCREEN,STEP_ON_OFF,12,2096652594.0706599,38400000000.0,245500.5477813453,31054904754.81571,9441502338.707254,-8.20159912109375e-05,2.0252535939957147e-15,9.541794887195547e-06,73.28316053508273,0.8440147734096191,0.3019875,0.7523143644165654,0.09048811003326655,0.17269099297882345,0.08331202220187682,0.1742115960404884,0.08292806153437302,0.25244385720729756,0.03857907963566979,0.6548583333333333,0.031225,0.6878179207199779,0.6641011945290962,0.8557493029669238,0.11642628|0.022273527|1.2185757|1.403382|1.4385409|1.4454051|0.23252512|0.044482888|0.008690301|0.0017019386|0.00033339803|6.5310409e-05,0.22593521|0.043524533|2.0535552|2.4115482|2.4802847|2.49368|0.45123277|0.086924228|0.016952842|0.0033158412|0.00064912675|0.00012712057,0.30285959|0.05933927|2.0601067|2.5378328|2.6315355|2.6498082|0.60485027|0.11850842|0.02312218|0.0045200917|0.00088459225|0.00017320482,,nan,False,130.02590119327468,323.332656629042,517.1907749622908,813.799517361201,357.71267630149663,479.5996839798361,585.6866789143579,738.5164970879855,1881.9627863075693,3339.753723900262,4884.182837585947,7298.339731207428,3.6880290190245234e-12,2.5865486932925945e-20,0.002768054879464486,,True
PRI_CROSSSTREAM_OFFAXIS_F1p0,DECISION_GRADE_PHYSICAL_SCREEN,ALTERNATING_BINARY,12,2096652594.0706599,57600000000.0,714444527.9289765,45494672646.58767,13487535419.554018,-1.9073486328125e-06,3.195067981084665e-17,0.017626808877557083,72.73470870373092,1.2352121772275844,0.5335916666666667,0.745699094220286,0.08976385115173549,0.26212359752413694,0.08441855364059618,0.2639933195440529,0.08236675563040435,0.2874914805354826,0.044657458275677846,0.35315416666666666,0.0395375,-0.9976470674614002,-0.9985224314260036,0.2507882071918208,1.3306505|0.21057907|1.2544199|0.19615621|1.2516059|0.19560518|1.2514979|0.19558404|1.2514938|0.19558323|1.2514936|0.1955832,2.2710018|0.40834584|2.123627|0.38013829|2.1181339|0.37906439|2.1179237|0.37902323|2.1179157|0.37902165|2.1179154|0.37902159,2.3513885|0.54637989|2.1556297|0.50793281|2.1481356|0.50646864|2.1478492|0.50641256|2.1478382|0.50641041|2.1478378|0.50641033,,nan,False,130.02590119327468,323.332656629042,517.1907749622908,813.799517361201,357.71267630149663,479.5996839798361,585.6866789143579,738.5164970879855,1881.9627863075693,3339.753723900262,4884.182837585947,7298.339731207428,3.6880290190245234e-12,2.5865486932925945e-20,0.002768054879464486,,True
PRI_CROSSSTREAM_OFFAXIS_F1p0,DECISION_GRADE_PHYSICAL_SCREEN,FIXED_RANDOM,64,2096652594.0706599,306282950400.0,3100192574.8816824,236647693878.9837,68631716540.20496,0.00035858154296875,1.1627926733391786e-15,0.006627694279808826,70.30900205661986,1.20357822100485,0.58152421875,0.7398998031173822,0.08912797852017726,0.2764096790704768,0.0799761634860527,0.2777041646646977,0.07846418637652809,0.2789217221622142,0.04807346955968639,0.33696328125,0.0318609375,0.21813174470870228,0.2099212018363198,0.913329647814933,1.2782058|0.98360355|0.57227097|0.92746548|0.76902865|0.79270155|0.97241177|1.2553032|0.98218428|0.32573485|1.1117806|0.35305365|1.1547087|0.72605829|0.2133656|0.81709913|1.0650954|1.3387815|0.8090923|0.25537173|0.40054532|0.076009232|0.86512971|0.23910509|0.13119372|0.92748706|0.45572617|0.15666847|0.73231097|0.32476459|0.10247773|0.65861992|0.84557476|1.2677255|0.6885603|1.0517383|0.75574444|0.47706017|0.7589362|0.29744094|1.1412934|0.77121454|0.53052169|0.59504436|0.26122506|0.21898244|1.1110966|1.0018058|0.6080732|0.80918792|0.44607198|0.10587762|0.55318818|1.0364945|0.94307453|1.0004082|0.55905297|0.85213567|0.20078676|0.98001754|1.2560163|0.8549007|1.2878075|1.0594099,2.1826713|1.7082596|1.0049591|1.5865381|1.3328275|1.3671182|1.6704541|2.1540034|1.7054494|0.58965104|1.8872901|0.63898503|1.960831|1.2689668|0.39009404|1.386062|1.8264427|2.2982389|1.4173718|0.46451321|0.68630268|0.14430162|1.4608708|0.43685624|0.23200297|1.5678066|0.80424258|0.28353569|1.2404971|0.57607478|0.18675507|1.1139894|1.4502456|2.1696327|1.2111442|1.8009136|1.3155764|0.83522238|1.2985009|0.53173515|1.9353945|1.3443593|0.92600804|1.0245996|0.46440768|0.38025657|1.8805185|1.7313573|1.0656116|1.3887527|0.78431129|0.19742974|0.93678699|1.7676818|1.6301318|1.7239856|0.98274553|1.4591484|0.37277978|1.6601551|2.1543837|1.4910629|2.205033|1.8366102,2.2629084|1.8432422|1.1122048|1.652166|1.4313267|1.4515778|1.7570507|2.2595012|1.8394816|0.69600324|1.9287267|0.75345309|2.0055475|1.38897|0.46974494|1.4139922|1.9127335|2.4132277|1.5597692|0.55379103|0.7177622|0.18627921|1.4731799|0.52476345|0.26098301|1.5851292|0.89927255|0.33464363|1.2609909|0.65137225|0.22355379|1.1280869|1.5193129|2.2615354|1.3448575|1.8799374|1.4271885|0.91815179|1.3528246|0.61142244|1.9726578|1.4627489|1.0109955|1.083916|0.52785829|0.41040203|1.9072085|1.8468157|1.173737|1.4576713|0.87022993|0.24694569|0.95160165|1.8267828|1.7396821|1.8270414|1.0899382|1.523233|0.46203906|1.6877972|2.2575067|1.6246719|2.30137|1.9736315,0.99999941|0.99927314|0.92470074|0.17515776|0.29807327|-0.035875339|0.20991782|-0.25933438|-0.45709941|-0.34778058,3.607122135561421,False,130.02590119327468,323.332656629042,517.1907749622908,813.799517361201,357.71267630149663,479.5996839798361,585.6866789143579,738.5164970879855,1881.9627863075693,3339.753723900262,4884.182837585947,7298.339731207428,3.6880290190245234e-12,2.5865486932925945e-20,0.002768054879464486,,True
PRI_CROSSSTREAM_OFFAXIS_F2p0,DECISION_GRADE_PHYSICAL_SCREEN,SINGLE_PULSE,12,1013309360.2270513,9600000000.0,1.4421759567658336e-05,5798421534.579013,4814887825.648007,1.52587890625e-05,1.4377032219263953e-15,-8.674144379289457e-09,68.52999337709124,0.15606013484224251,0.057725,0.779540573024083,0.09345682037871832,0.03021373586933131,0.018235646181637782,0.030800219070151603,0.018023537522999036,0.10842151574470313,0.01894277534644659,0.9327291666666667,0.0064958333333333335,0.9999919406061587,0.9999883208859212,0.9992948360994489,0.37482118|0.016115369|0.00081437858|4.1877914e-05|2.1578912e-06|1.1123042e-07|5.7208287e-09|3.0724195e-10|3.3713522e-12|1.2670914e-11|-1.1861943e-11|1.1917299e-11,1.2603606|0.059713414|0.0030212303|0.0001550592|7.9828059e-06|4.112558e-07|2.1233261e-08|1.0541865e-09|9.4743204e-11|-3.5633851e-11|3.8738308e-11|-3.862259e-11,2.0695317|0.11966436|0.00610627|0.00031322796|1.611848e-05|8.3028981e-07|4.2804809e-08|2.1863567e-09|1.3249698e-10|-1.3036412e-11|1.9221868e-11|-1.8924779e-11,,nan,True,115.19966384796541,235.95835099706255,346.8199704135465,512.1519084997077,264.2056799069366,339.2915318920991,400.84523245987816,486.9274966454927,1781.8558550333853,3239.646764606295,4784.0758375773585,7198.232742388219,5.464649207511921e-13,3.1170214247812603e-20,0.0025893500067612285,NUMERICAL_OR_MASS_BALANCE,False
PRI_CROSSSTREAM_OFFAXIS_F2p0,DECISION_GRADE_PHYSICAL_SCREEN,STEP_ON_OFF,12,1013309360.2270513,38400000000.0,40.702589833749364,22137439866.788906,17275869452.73561,-5.7220458984375e-05,1.4518054919315552e-15,1.8221132198087877e-10,68.65593092558296,0.5935562392907162,0.20317083333333333,0.7589404348734606,0.09121239689442817,0.11603715452818054,0.06414952790763936,0.11720797430348666,0.06316419267614765,0.17477999687146864,0.029407287460237075,0.773175,0.026783333333333333,0.6311977432362041,0.6196232807853695,0.8504392299155226,0.0082666541|0.00041793562|0.36657602|0.38225307|0.38304491|0.38308562|0.016533191|0.0008358654|4.2985102e-05|2.2149563e-06|1.1417161e-07|5.8724436e-09,0.030631904|0.0015504043|1.2298083|1.2878958|1.2908336|1.2909844|0.061263396|0.0031007867|0.00015915501|8.1938329e-06|4.2213109e-07|2.1793687e-08,0.061398934|0.0031335101|2.0082936|2.1246719|2.1306096|2.1309142|0.12279702|0.0062669763|0.000321498|1.6544497e-05|8.522429e-07|4.3936177e-08,,nan,False,115.19966384796541,235.95835099706255,346.8199704135465,512.1519084997077,264.2056799069366,339.2915318920991,400.84523245987816,486.9274966454927,1781.8558550333853,3239.646764606295,4784.0758375773585,7198.232742388219,5.464649207511921e-13,3.1170214247812603e-20,0.0025893500067612285,NUMERICAL_OR_MASS_BALANCE,False
PRI_CROSSSTREAM_OFFAXIS_F2p0,DECISION_GRADE_PHYSICAL_SCREEN,ALTERNATING_BINARY,12,1013309360.2270513,57600000000.0,106823655.28169206,32994437403.51162,25512048301.43368,5.7220458984375e-05,9.762366194460744e-16,0.000264964783780307,68.52999337709124,0.8841801981854587,0.31727916666666667,0.755989852031244,0.09089001516788923,0.17125049386753957,0.0803747177232803,0.17278332638073926,0.07795482159831829,0.1957668068272146,0.032459715866624085,0.6296,0.037225,-0.9998690157942982,-0.9998756909837997,-0.13805453013250898,0.37482118|0.016115369|0.36736891|0.015739312|0.36734957|0.015738315|0.36734952|0.015738313|0.36734952|0.015738313|0.36734952|0.015738313,1.2603606|0.059713414|1.23275|0.058318069|1.2326784|0.058314383|1.2326782|0.058314373|1.2326782|0.058314373|1.2326782|0.058314373,2.0695317|0.11966436|2.0142391|0.11684408|2.0140944|0.11683664|2.0140941|0.11683662|2.0140941|0.11683662|2.0140941|0.11683662,,nan,False,115.19966384796541,235.95835099706255,346.8199704135465,512.1519084997077,264.2056799069366,339.2915318920991,400.84523245987816,486.9274966454927,1781.8558550333853,3239.646764606295,4784.0758375773585,7198.232742388219,5.464649207511921e-13,3.1170214247812603e-20,0.0025893500067612285,NUMERICAL_OR_MASS_BALANCE,False
PRI_CROSSSTREAM_OFFAXIS_F2p0,DECISION_GRADE_PHYSICAL_SCREEN,FIXED_RANDOM,64,1013309360.2270513,306282950400.0,1451239173.0173118,173610767495.4039,132234253091.80653,-0.0007171630859375,2.333783972825046e-15,0.00012062392175159126,66.05145258081909,0.8715530420761514,0.401778125,0.7512118849015798,0.09036748743845242,0.18900433139021072,0.0731079426325641,0.1902889198459482,0.07054693373039347,0.19375550074228015,0.03588619036806204,0.53047109375,0.0267640625,0.0664137953957336,0.060563406473687936,0.8770260158035063,0.35898896|0.25125619|0.13539968|0.25731824|0.19874771|0.21030015|0.26414757|0.34341889|0.25083883|0.061030218|0.3213201|0.067666157|0.33318697|0.17871868|0.036233419|0.23697263|0.29300797|0.3655418|0.19548206|0.045381981|0.10949241|0.0083853483|0.25731232|0.042533331|0.028878383|0.27461942|0.1056777|0.029029362|0.21416929|0.072627151|0.017684302|0.19419908|0.2325462|0.35204073|0.16220326|0.29014591|0.19011627|0.1150577|0.21040722|0.062439051|0.33204932|0.19305464|0.13050712|0.15905882|0.056894885|0.055324974|0.32706291|0.26404313|0.14622239|0.22039391|0.10515242|0.014250403|0.16186426|0.2937134|0.24787732|0.26679893|0.13177494|0.2350501|0.029798819|0.28633448|0.34514001|0.21250814|0.35578428|0.27328917,1.2072462|0.84833368|0.45805893|0.86532315|0.67064381|0.70853658|0.88935173|1.1561031|0.84670899|0.20855376|1.0789225|0.23183839|1.1188421|0.60457988|0.12428094|0.79556977|0.98655328|1.2307581|0.66133201|0.15522865|0.36803452|0.029780419|0.86337916|0.14655471|0.097552753|0.92174086|0.35865567|0.099009044|0.71895106|0.24686957|0.060444698|0.65177993|0.78306992|1.1845516|0.54947698|0.97586924|0.64218288|0.38888885|0.70763156|0.21264464|1.1149331|0.6526568|0.44076832|0.53559859|0.19327627|0.18647988|1.0980785|0.89073535|0.49455507|0.74161224|0.35609464|0.049413523|0.54325458|0.98778992|0.83601467|0.89882237|0.4461179|0.79056476|0.10351413|0.9610808|1.1621875|0.71814446|1.196829|0.92220529,1.9827965|1.4065413|0.76299308|1.4211759|1.110365|1.1688719|1.464786|1.9035604|1.4030163|0.35552066|1.7656083|0.39751936|1.8312269|1.006904|0.21365645|1.3013955|1.6249856|2.0271827|1.1016159|0.26520011|0.60378353|0.055097046|1.4104469|0.2544564|0.16195698|1.5069172|0.60184418|0.16805808|1.1758105|0.41574516|0.10310367|1.0654336|1.290173|1.9481475|0.91812774|1.6033317|1.0658354|0.64640315|1.1624344|0.359687|1.8244704|1.0853423|0.73131885|0.88241691|0.32504893|0.30796047|1.7964374|1.4738234|0.82332267|1.2198011|0.59454546|0.087006699|0.88803058|1.6225755|1.3825678|1.4825168|0.74434165|1.2988918|0.1829375|1.5713271|1.914693|1.1931851|1.9671103|1.5269979,1|0.99999002|0.993549|0.32533336|0.29923094|0.072245464|0.20588048|-0.60575666|-0.49520724|-0.36973115,3.896229263712046,False,115.19966384796541,235.95835099706255,346.8199704135465,512.1519084997077,264.2056799069366,339.2915318920991,400.84523245987816,486.9274966454927,1781.8558550333853,3239.646764606295,4784.0758375773585,7198.232742388219,5.464649207511921e-13,3.1170214247812603e-20,0.0025893500067612285,NUMERICAL_OR_MASS_BALANCE,False
PRI_CROSSSTREAM_OFFAXIS_F3p333333,DECISION_GRADE_PHYSICAL_SCREEN,SINGLE_PULSE,12,229923233.87804562,9600000000.0,1.4264026479176937e-18,3893312514.7133427,5936610719.164695,8.58306884765625e-06,8.731572610939003e-16,-1.1331682231268802e-08,62.78958497689288,0.10263019994201075,0.03047916666666667,0.7429011199489727,0.0894571736228734,0.017991287484203006,0.012198014784898388,0.01818249006656791,0.011710708352283886,0.07022993396402258,0.010339772525024205,0.9646,0.006054166666666667,0.9999999594526794,0.9999999999568452,0.9999895630289678,0.03191458|8.8521142e-05|2.8238385e-07|9.1540121e-10|4.4006382e-12|1.5428898e-12|1.5740022e-12|1.6493079e-12|1.6784421e-12|1.6900939e-12|1.6953343e-12|1.6983096e-12,0.24249941|0.00072101968|2.2956991e-06|7.4115578e-09|1.3512996e-11|-1.1183761e-11|-1.1560493e-11|-1.2114092e-11|-1.2328083e-11|-1.2413665e-11|-1.2452155e-11|-1.2474009e-11,0.73324197|0.0025176011|8.0383706e-06|2.595547e-08|7.3056925e-11|-1.1577098e-11|-1.2163727e-11|-1.274686e-11|-1.297203e-11|-1.3062082e-11|-1.3102583e-11|-1.3125578e-11,,nan,True,92.91144877521154,160.86786479114835,221.2004708599008,309.22143879925875,181.8223801235813,227.12275342215023,262.4117705668284,309.89713188723766,1696.587041709034,3154.3779138021778,4698.807013134578,7112.963841483753,1.3156629826951843e-12,3.9571143744349854e-20,0.0024462615948662603,NUMERICAL_OR_MASS_BALANCE,False
PRI_CROSSSTREAM_OFFAXIS_F3p333333,DECISION_GRADE_PHYSICAL_SCREEN,STEP_ON_OFF,12,229923233.87804562,38400000000.0,5.79550639107607e-07,15449930587.433609,23179992646.444344,9.1552734375e-05,2.3699952448962982e-15,-1.133114973563505e-08,62.796491546872915,0.40665575041581414,0.12235,0.7365120553549496,0.08875611220515803,0.07192295084941243,0.045061970623491425,0.0724962543727464,0.04308372467253092,0.11359446409246991,0.016949448293050548,0.8576916666666666,0.024345833333333334,0.608721116007708,0.6082773271790216,0.8509085522434755,4.4331281e-05|1.4141976e-07|0.031870249|0.031958628|0.03195891|0.031958911|8.8662563e-05|2.8284168e-07|9.1688461e-10|4.4036412e-12|1.5410167e-12|1.5720586e-12,0.0003610847|1.1497156e-06|0.24213833|0.2428582|0.24286049|0.2428605|0.00072216939|2.2994153e-06|7.4236174e-09|1.3565407e-11|-1.1169762e-11|-1.1546218e-11,0.0012608134|4.0256954e-06|0.73198117|0.73449473|0.73450275|0.73450278|0.0025216268|8.0513741e-06|2.5997626e-08|7.3207648e-11|-1.1562058e-11|-1.2148705e-11,,nan,True,92.91144877521154,160.86786479114835,221.2004708599008,309.22143879925875,181.8223801235813,227.12275342215023,262.4117705668284,309.89713188723766,1696.587041709034,3154.3779138021778,4698.807013134578,7112.963841483753,1.3156629826951843e-12,3.9571143744349854e-20,0.0024462615948662603,NUMERICAL_OR_MASS_BALANCE,False
PRI_CROSSSTREAM_OFFAXIS_F3p333333,DECISION_GRADE_PHYSICAL_SCREEN,ALTERNATING_BINARY,12,229923233.87804562,57600000000.0,1614691.6427216313,23154063708.590347,34674244833.645004,-3.0517578125e-05,5.277125823179743e-16,2.4702786505568304e-07,62.78958497689288,0.6093306545699844,0.18175,0.7357849423297268,0.08867625887737395,0.10710748822998983,0.06329762826663686,0.10792893768599997,0.06017565347892702,0.1280768013085893,0.018893301832263728,0.789475,0.036158333333333334,-0.9999995226741771,-0.9999987214965752,-0.32694261617557413,0.03191458|8.8521142e-05|0.031870531|8.8380636e-05|0.03187053|8.8380634e-05|0.03187053|8.8380634e-05|0.03187053|8.8380634e-05|0.03187053|8.8380634e-05,0.24249941|0.00072101968|0.24214063|0.00071987739|0.24214062|0.00071987737|0.24214062|0.00071987737|0.24214062|0.00071987737|0.24214062|0.00071987737,0.73324197|0.0025176011|0.73198919|0.0025136013|0.73198918|0.0025136013|0.73198918|0.0025136013|0.73198918|0.0025136013|0.73198918|0.0025136013,,nan,False,92.91144877521154,160.86786479114835,221.2004708599008,309.22143879925875,181.8223801235813,227.12275342215023,262.4117705668284,309.89713188723766,1696.587041709034,3154.3779138021778,4698.807013134578,7112.963841483753,1.3156629826951843e-12,3.9571143744349854e-20,0.0024462615948662603,NUMERICAL_OR_MASS_BALANCE,False
PRI_CROSSSTREAM_OFFAXIS_F3p333333,DECISION_GRADE_PHYSICAL_SCREEN,FIXED_RANDOM,64,229923233.87804562,306282950400.0,324029774.90569925,122885784593.94632,183303059265.02682,-0.00079345703125,2.5886580940080335e-15,5.637744027010835e-07,60.457315006385116,0.6061370940741924,0.234428125,0.7342466003170582,0.08850726826582501,0.121659665660071,0.060287974020798996,0.12235694194557002,0.05662814109297022,0.12767918250033666,0.021020324337057764,0.71462578125,0.02388125,0.013488788943052183,-0.001068830925571857,0.8441358300977898,0.03053804|0.020588078|0.010883643|0.021891379|0.016378861|0.017582655|0.022226391|0.028930747|0.020603228|0.0044195681|0.027715047|0.0047618841|0.02872116|0.014375785|0.0025152292|0.020470528|0.024649033|0.030752798|0.015712057|0.003250933|0.009354187|0.00034595312|0.022338732|0.0028016741|0.0023529037|0.023774595|0.0082307712|0.0021454746|0.018515785|0.0055676426|0.0012764712|0.016820265|0.019541868|0.029791129|0.012867961|0.024648474|0.015513009|0.0093305481|0.017885884|0.0046916076|0.028644657|0.015626449|0.010662024|0.013367443|0.004387785|0.0046059927|0.028241723|0.021816286|0.011781389|0.018642818|0.0083693371|0.00086435025|0.014019611|0.024972791|0.020522829|0.022322484|0.010518555|0.01996735|0.0017671986|0.024782671|0.029010004|0.017263799|0.030180495|0.022514027,0.23204098|0.15646696|0.082721161|0.16633912|0.12447376|0.13361138|0.16889458|0.21983885|0.15657963|0.033609539|0.21057537|0.036221116|0.21821997|0.1092655|0.019131622|0.1555313|0.1873053|0.2336858|0.11942109|0.024723257|0.071074588|0.0026426292|0.16972193|0.021320002|0.017880755|0.18063413|0.06257045|0.01631303|0.14067933|0.042329001|0.0097066184|0.12779608|0.14849741|0.22637163|0.097811239|0.18728952|0.11789952|0.070913613|0.13590449|0.035672259|0.21763861|0.11876746|0.081029846|0.10157708|0.033357066|0.035001294|0.21457714|0.16579494|0.089543767|0.14165912|0.063615435|0.0065797305|0.10651712|0.18975529|0.15596277|0.16962914|0.079949986|0.1517205|0.013456845|0.18829224|0.22044489|0.13120801|0.22932644|0.17109906,0.70162624|0.47332106|0.25028316|0.50295641|0.37651444|0.40407905|0.51075246|0.66480551|0.47364467|0.10181949|0.63661362|0.10978943|0.6597268|0.33061235|0.057986999|0.4701959|0.56643831|0.70669032|0.36133419|0.0749046|0.21489209|0.0080876864|0.51307099|0.064686605|0.054083074|0.54607964|0.18940141|0.049401349|0.42529462|0.12815608|0.029402026|0.3863395|0.4490839|0.6845256|0.29599766|0.56631027|0.35666981|0.21453533|0.41093645|0.1080262|0.65796857|0.35933584|0.2451178|0.30717919|0.10097957|0.105855|0.64871279|0.50149506|0.27092081|0.42835859|0.1925061|0.019979145|0.32200913|0.57377632|0.47173798|0.51300417|0.24192425|0.45876066|0.040891326|0.56922391|0.66666453|0.39694743|0.69343388|0.51754995,1|0.99998312|0.014462764|0.2176691|0.23654415|-0.062326203|-0.16095504|-0.4895885|0.0098010159|-0.15872968,2.4784601511272193,False,92.91144877521154,160.86786479114835,221.2004708599008,309.22143879925875,181.8223801235813,227.12275342215023,262.4117705668284,309.89713188723766,1696.587041709034,3154.3779138021778,4698.807013134578,7112.963841483753,1.3156629826951843e-12,3.9571143744349854e-20,0.0024462615948662603,NUMERICAL_OR_MASS_BALANCE,False
PRI_CROSSSTREAM_OFFAXIS_F8p0,DECISION_GRADE_PHYSICAL_SCREEN,SINGLE_PULSE,12,7845.734356120137,9600000000.0,1.337594519889567e-19,1832396021.0450308,7767611824.689317,8.58306884765625e-06,8.940689409405046e-16,-1.4887140247366855e-08,46.90309275264238,0.0476104784338285,0.011833333333333333,0.6273749639678491,0.07661173814861648,0.007841804547777659,0.005964960477932468,0.007877871400083569,0.00537538894806322,0.03238883871297928,0.0034000585667936277,0.9867875,0.0037291666666666667,1.0,0.9999999999999997,0.9999999999996907,3.4654907e-08|-4.1898841e-13|-4.394457e-13|-4.577236e-13|-4.7394532e-13|-4.881642e-13|-5.0044792e-13|-5.1087854e-13|-5.1954919e-13|-5.265602e-13|-5.3201554e-13|-5.3601936e-13,2.4979191e-06|2.9232178e-11|3.0651982e-11|3.1926679e-11|3.3058153e-11|3.4049933e-11|3.4906735e-11|3.5634282e-11|3.6239067e-11|3.6728093e-11|3.7108608e-11|3.7387878e-11,4.679459e-05|2.5149421e-10|2.6367854e-10|2.7464308e-10|2.8437634e-10|2.9290794e-10|3.0027841e-10|3.0653698e-10|3.1173954e-10|3.1594628e-10|3.1921959e-10|3.2162196e-10,,nan,True,43.45630627232765,65.93302931721848,84.52619850502242,110.11781910104739,77.51838205634135,97.69389761361435,114.69121173674779,139.40734599475624,1588.3175885425514,3046.108423066732,4590.537599485051,7004.694456007791,1.5119641348328243e-12,1.5292365348369925e-20,0.002275913134882216,NUMERICAL_OR_MASS_BALANCE|KNOWN_DEAD_FLOW_ANCHOR,False
PRI_CROSSSTREAM_OFFAXIS_F8p0,DECISION_GRADE_PHYSICAL_SCREEN,STEP_ON_OFF,12,7845.734356120137,38400000000.0,-1.1049026308572952e-18,7329583023.4336815,31070424822.30068,0.0,0.0,-1.501788036461429e-08,46.90309275191699,0.1904418609809617,0.04733333333333333,0.6273745613697814,0.07661169275192646,0.03136721883945662,0.023121915402638374,0.03151142496964281,0.02075683253802948,0.05165769006827485,0.005756944647984936,0.94715,0.014916666666666667,0.6071428572502358,0.6071428583812318,0.8639473295670603,2.543509e-14|7.6360542e-13|3.4654908e-08|3.4654908e-08|3.4654909e-08|3.4654907e-08|-4.3076689e-13|-4.5072595e-13|-4.6857498e-13|-4.8443546e-13|-4.9835658e-13|-5.104005e-13,-1.7740218e-12|-5.3262608e-11|2.4979191e-06|2.4979191e-06|2.497919e-06|2.4979191e-06|3.0053922e-11|3.1438797e-11|3.2683574e-11|3.3789851e-11|3.4760862e-11|3.5600937e-11,-1.5259277e-11|-4.5818269e-10|4.6794589e-05|4.6794589e-05|4.6794589e-05|4.679459e-05|2.5856379e-10|2.7044698e-10|2.8115412e-10|2.9067063e-10|2.9902356e-10|3.0625015e-10,,nan,True,43.45630627232765,65.93302931721848,84.52619850502242,110.11781910104739,77.51838205634135,97.69389761361435,114.69121173674779,139.40734599475624,1588.3175885425514,3046.108423066732,4590.537599485051,7004.694456007791,1.5119641348328243e-12,1.5292365348369925e-20,0.002275913134882216,NUMERICAL_OR_MASS_BALANCE|KNOWN_DEAD_FLOW_ANCHOR,False
PRI_CROSSSTREAM_OFFAXIS_F8p0,DECISION_GRADE_PHYSICAL_SCREEN,ALTERNATING_BINARY,12,7845.734356120137,57600000000.0,3.752793376063549e-06,10994374358.359459,46605633487.37478,0.0001220703125,2.119275970012564e-15,-1.4254262526466556e-08,46.903092753597825,0.28566278267905115,0.071,0.6273745166540611,0.07661168770981132,0.04705082566476556,0.03394494527735144,0.04726712458451398,0.030390511017315904,0.058600930143027204,0.006634037251830544,0.920725,0.022375,-1.0,-1.0,-0.09330168632951463,3.4654907e-08|-4.1898841e-13|3.4654908e-08|-3.9604873e-13|3.4654907e-08|-4.2474781e-13|3.4654906e-08|-4.8272066e-13|3.4654907e-08|-4.2399919e-13|3.4654908e-08|-3.3438231e-13,2.4979191e-06|2.9232178e-11|2.4979191e-06|2.7631751e-11|2.4979191e-06|2.963399e-11|2.4979192e-06|3.3678566e-11|2.4979191e-06|2.958176e-11|2.497919e-06|2.3329493e-11,4.679459e-05|2.5149421e-10|4.6794589e-05|2.3772545e-10|4.679459e-05|2.5495105e-10|4.679459e-05|2.8974722e-10|4.679459e-05|2.545017e-10|4.6794589e-05|2.0071242e-10,,nan,True,43.45630627232765,65.93302931721848,84.52619850502242,110.11781910104739,77.51838205634135,97.69389761361435,114.69121173674779,139.40734599475624,1588.3175885425514,3046.108423066732,4590.537599485051,7004.694456007791,1.5119641348328243e-12,1.5292365348369925e-20,0.002275913134882216,NUMERICAL_OR_MASS_BALANCE|KNOWN_DEAD_FLOW_ANCHOR,False
PRI_CROSSSTREAM_OFFAXIS_F8p0,DECISION_GRADE_PHYSICAL_SCREEN,FIXED_RANDOM,64,7845.734356120137,306282950400.0,11043.671372050405,58461619786.16153,247821327415.90155,-9.1552734375e-05,2.98915535161921e-16,1.2150439904750404e-14,45.157922486291284,0.28481000683476226,0.09822109375,0.627374420416039,0.07661167685807518,0.05664640209357799,0.035203331936857776,0.05691417635225108,0.031112054377246814,0.06000956082864143,0.007580785743402026,0.88557578125,0.01374921875,0.009916350499633849,0.004618285895128663,0.8445076818024315,3.3158093e-08|2.229486e-08|1.1772493e-08|2.3771295e-08|1.7743925e-08|1.9069532e-08|2.4115385e-08|3.1391519e-08|2.2316173e-08|4.7435756e-09|3.0123289e-08|5.094386e-09|3.1216269e-08|1.5545248e-08|2.6916312e-09|2.2251542e-08|2.6741014e-08|3.3365469e-08|1.6992121e-08|3.4875813e-09|1.01617e-08|3.480557e-10|2.4289526e-08|2.9791246e-09|2.5500306e-09|2.5844803e-08|8.8782541e-09|2.3081055e-09|2.0127128e-08|5.9982888e-09|1.3712317e-09|1.8286088e-08|2.1198622e-08|3.2335178e-08|1.3902436e-08|2.6763296e-08|1.6794103e-08|1.0099009e-08|1.9420516e-08|5.0476025e-09|3.1133305e-08|1.6905415e-08|1.1546474e-08|1.4503246e-08|4.7308572e-09|4.9952045e-09|3.0695441e-08|2.3637319e-08|1.274498e-08|2.0236187e-08|9.0443919e-09|9.1466469e-10|1.5241948e-08|2.7112515e-08|2.2240695e-08|2.4210998e-08|1.1370288e-08|2.1680257e-08|1.8614078e-09|2.6942705e-08|3.147002e-08|1.8684724e-08|3.276542e-08|2.4390163e-08,2.3900289e-06|1.6070083e-06|8.4855721e-07|1.7134298e-06|1.2789804e-06|1.3745267e-06|1.7382316e-06|2.2626954e-06|1.6085445e-06|3.4191434e-07|2.1712815e-06|3.6720085e-07|2.2500634e-06|1.1204996e-06|1.9400954e-07|1.6038859e-06|1.9274864e-06|2.4049764e-06|1.2247905e-06|2.51382e-07|7.3245132e-07|2.5075591e-08|1.7507836e-06|2.1473253e-07|1.8380308e-07|1.8628878e-06|6.3994096e-07|1.6636505e-07|1.4507583e-06|4.3235416e-07|9.8832294e-08|1.3180563e-06|1.5279916e-06|2.3307133e-06|1.0020855e-06|1.9290927e-06|1.2105174e-06|7.2793258e-07|1.3998257e-06|3.6382862e-07|2.2440834e-06|1.2185407e-06|8.3226575e-07|1.045392e-06|3.409976e-07|3.6005175e-07|2.2125222e-06|1.7037729e-06|9.1865375e-07|1.4586193e-06|6.5191583e-07|6.5921408e-08|1.0986378e-06|1.9542641e-06|1.603104e-06|1.7451234e-06|8.1956633e-07|1.5627076e-06|1.3416659e-07|1.9420243e-06|2.2683527e-06|1.3467898e-06|2.3617249e-06|1.7580376e-06,4.4773437e-05|3.010478e-05|1.5896395e-05|3.2098419e-05|2.3959679e-05|2.5749606e-05|3.2563041e-05|4.238804e-05|3.0133559e-05|6.4052363e-06|4.0675544e-05|6.8789386e-06|4.2151399e-05|2.0990794e-05|3.6344774e-06|3.0046287e-05|3.6108433e-05|4.5053456e-05|2.2944517e-05|4.7092578e-06|1.3721335e-05|4.6981269e-07|3.2798184e-05|4.0226876e-06|3.4432751e-06|3.4898279e-05|1.1988298e-05|3.1166016e-06|2.7177684e-05|8.0994826e-06|1.8514968e-06|2.469172e-05|2.8624527e-05|4.3662253e-05|1.8772494e-05|3.6138523e-05|2.2677133e-05|1.3636683e-05|2.6223542e-05|6.8157656e-06|4.2039373e-05|2.2827437e-05|1.5591201e-05|1.9583773e-05|6.3880626e-06|6.745012e-06|4.1448123e-05|3.1917511e-05|1.7209544e-05|2.7324947e-05|1.221263e-05|1.2349712e-06|2.0581248e-05|3.6610072e-05|3.003164e-05|3.2692148e-05|1.5353297e-05|2.9274878e-05|2.5134168e-06|3.6380778e-05|4.2494025e-05|2.5229999e-05|4.4243207e-05|3.2934076e-05,0.9969194|0.10511444|-0.3171204|-0.43542216|0.36497462|-0.25567059|-0.38841301|-1.3918953|-0.098928494|-0.34400346,1.4670084620807828,False,43.45630627232765,65.93302931721848,84.52619850502242,110.11781910104739,77.51838205634135,97.69389761361435,114.69121173674779,139.40734599475624,1588.3175885425514,3046.108423066732,4590.537599485051,7004.694456007791,1.5119641348328243e-12,1.5292365348369925e-20,0.002275913134882216,NUMERICAL_OR_MASS_BALANCE|KNOWN_DEAD_FLOW_ANCHOR,False
BND_CENTER_F0p0_ABSORBING,DECISION_GRADE_PHYSICAL_SCREEN,SINGLE_PULSE,12,440457522.1569248,9600000000.0,9.57047786168133e-08,3984865118.9739237,6055592403.182956,4.57763671875e-05,4.5591913602026935e-15,1.5455316171612333e-19,74.8259997055244,0.10596798303315848,0.0363625,0.04861885309925256,0.0063885906555293265,0.01852903643766445,0.010794886636195489,0.018754234250036046,0.010494009672352459,0.06654881325810613,0.011357389483703594,0.9539208333333333,0.004279166666666666,0.9999998939601135,0.9999999677648214,0.9999322194197872,0.73438239|0.025102027|0.00088819144|3.1439181e-05|1.1127383e-06|3.9382421e-08|1.3938265e-09|4.9330357e-11|1.7459011e-12|6.1790961e-14|2.1869067e-15|7.7399039e-17,0.53129574|0.019012114|0.00067030646|2.369766e-05|8.3848171e-07|2.9673601e-08|1.0501917e-09|3.7168255e-11|1.3154582e-12|4.6556708e-14|1.6477357e-15|5.8316688e-17,0.061419253|0.0023874526|8.4154119e-05|2.9736224e-06|1.0519986e-07|3.7228655e-09|1.3175652e-10|4.6631014e-12|1.6503632e-13|5.8409663e-15|2.0672356e-16|7.3163634e-18,,nan,False,64.59063478455168,148.35365666409243,240.333320799644,384.7797805352796,180.58900318253689,237.54866986553822,288.30564141672806,362.38132700282915,1716.217454704257,3174.0082752671083,4718.437480331997,7132.594347324561,1.7377342790897483e-45,1.844596457651897e-88,0.0024784861183376507,,True
BND_CENTER_F0p0_ABSORBING,DECISION_GRADE_PHYSICAL_SCREEN,STEP_ON_OFF,12,440457522.1569248,38400000000.0,1.754528766883457,15545163705.967382,23295293814.435005,0.0,0.0,2.8333576481309755e-12,75.01679811721868,0.4122747655021245,0.14694166666666666,0.0478982566304866,0.006294499202427478,0.07382214411516887,0.0396923686301381,0.07444919325247316,0.03856575477698793,0.11060342375244255,0.019232406507523565,0.8188958333333334,0.017266666666666666,0.6228801736410973,0.6182445034140696,0.8383446783148296,0.012777062|0.00045209712|0.72162133|0.74625583|0.74712747|0.74715832|0.025554084|0.00090419281|3.2005523e-05|1.1327824e-06|4.0091826e-08|1.4189338e-09,0.009676649|0.00034118434|0.52163116|0.54029045|0.54094828|0.54097154|0.019353268|0.00068236762|2.4124415e-05|8.5358445e-07|3.0208109e-08|1.0691089e-09,0.0012151432|4.2833852e-05|0.060205623|0.062548782|0.062631371|0.062634289|0.0024302827|8.566757e-05|3.0271651e-06|1.0709466e-07|3.7899246e-09|1.3412987e-10,,nan,False,64.59063478455168,148.35365666409243,240.333320799644,384.7797805352796,180.58900318253689,237.54866986553822,288.30564141672806,362.38132700282915,1716.217454704257,3174.0082752671083,4718.437480331997,7132.594347324561,1.7377342790897483e-45,1.844596457651897e-88,0.0024784861183376507,,True
BND_CENTER_F0p0_ABSORBING,DECISION_GRADE_PHYSICAL_SCREEN,ALTERNATING_BINARY,12,440457522.1569248,57600000000.0,30506340.580125455,23242989028.54244,34766962153.03436,0.0,0.0,3.2410412105968006e-05,74.8259997055244,0.6162131982883476,0.21374583333333333,0.047803928180171214,0.006282181002359651,0.10839839889916766,0.053602462169435344,0.10927414063763002,0.05148000590316448,0.12429407784282806,0.02177117291898932,0.7298166666666667,0.0248,-0.9999475141776132,-0.9998704970768381,-0.5496039870249578,0.73438239|0.025102027|0.72249352|0.024681369|0.72247863|0.024680842|0.72247861|0.024680841|0.72247861|0.024680841|0.72247861|0.024680841,0.53129574|0.019012114|0.5222894|0.018694627|0.52227818|0.01869423|0.52227816|0.018694229|0.52227816|0.018694229|0.52227816|0.018694229,0.061419253|0.0023874526|0.060288263|0.0023475924|0.060286855|0.0023475426|0.060286853|0.0023475425|0.060286853|0.0023475425|0.060286853|0.0023475425,,nan,False,64.59063478455168,148.35365666409243,240.333320799644,384.7797805352796,180.58900318253689,237.54866986553822,288.30564141672806,362.38132700282915,1716.217454704257,3174.0082752671083,4718.437480331997,7132.594347324561,1.7377342790897483e-45,1.844596457651897e-88,0.0024784861183376507,,True
BND_CENTER_F0p0_ABSORBING,DECISION_GRADE_PHYSICAL_SCREEN,FIXED_RANDOM,64,440457522.1569248,306282950400.0,627182581.6669692,122886044697.93533,183210180642.55566,-0.001068115234375,3.482340137033415e-15,1.8094529802321653e-05,72.15066304707287,0.610477594357974,0.2484421875,0.04763560274660624,0.006260198896947577,0.11694243307908568,0.05044104086454642,0.11768651637447543,0.04824710073409148,0.1216530494938326,0.0246088528351965,0.6726859375,0.0195015625,0.04632789659918813,0.032569673690296085,0.8499189505442333,0.70321481|0.4882742|0.26184244|0.50394507|0.38670058|0.41030775|0.51617719|0.6713029|0.48763384|0.11545892|0.63120981|0.12764504|0.65439076|0.34605193|0.067894797|0.46566862|0.5727274|0.71433958|0.37824611|0.085570912|0.21453167|0.01457761|0.50627795|0.079327805|0.055828866|0.54006639|0.20331899|0.055028274|0.42098728|0.13928296|0.033327237|0.38190801|0.45445763|0.68884268|0.31303474|0.5680034|0.3691132|0.22291994|0.41201584|0.11918772|0.65236518|0.37430466|0.25324081|0.31066179|0.10913128|0.10775382|0.64284447|0.51415438|0.28297365|0.43105775|0.20306417|0.02599928|0.31827382|0.57542627|0.48277876|0.52065157|0.2545643|0.46015685|0.054488426|0.56289768|0.67451844|0.41212931|0.69636774|0.53167164,0.50876597|0.35378359|0.18985075|0.36458976|0.28012494|0.29705065|0.37360745|0.48586655|0.35328273|0.084035362|0.45641132|0.093014868|0.47318204|0.25091967|0.04948598|0.33669241|0.4145513|0.51704273|0.27426153|0.062301226|0.15517656|0.01079083|0.36598452|0.057940915|0.040449184|0.39045778|0.14760894|0.040016887|0.30437917|0.10117921|0.024254662|0.27610484|0.32896002|0.49847249|0.22709299|0.41095503|0.26748731|0.16157474|0.29809211|0.086642268|0.47170824|0.27134005|0.18349844|0.2248632|0.079253078|0.078019183|0.46481316|0.3724205|0.20515634|0.3119274|0.14729552|0.019032902|0.2300975|0.41632816|0.34966031|0.37692707|0.18462833|0.33292839|0.039930592|0.4069593|0.48824679|0.29870731|0.50386147|0.38514565,0.058818917|0.041017835|0.022040667|0.042149082|0.032463915|0.034386691|0.043228879|0.056213405|0.040951677|0.0098275144|0.052708446|0.0109015|0.054647326|0.029132615|0.0058026858|0.03887822|0.047968994|0.059826568|0.031842553|0.0072902694|0.017932719|0.0013018611|0.042245002|0.0068204809|0.0046895367|0.045080457|0.017178656|0.0046722396|0.035145278|0.011788542|0.0028361369|0.031876198|0.038068217|0.057652126|0.026391734|0.047513965|0.031022158|0.018745758|0.03446381|0.010108406|0.054474944|0.031488955|0.02127753|0.026019865|0.0092289307|0.0090335636|0.053676045|0.04315293|0.023813991|0.036076471|0.017113888|0.0022502191|0.026564224|0.048135324|0.040508335|0.04363112|0.021446358|0.038492893|0.0047297096|0.046984773|0.056500313|0.034653562|0.058263061|0.044635785,1|0.99999992|0.99879145|0.36171368|0.34749111|0.069807492|0.079413708|-0.76278972|-0.49756377|-0.43010046,3.8572173642336534,False,64.59063478455168,148.35365666409243,240.333320799644,384.7797805352796,180.58900318253689,237.54866986553822,288.30564141672806,362.38132700282915,1716.217454704257,3174.0082752671083,4718.437480331997,7132.594347324561,1.7377342790897483e-45,1.844596457651897e-88,0.0024784861183376507,,True
BND_CENTER_F0p0_ROBIN_LEAKY,DECISION_GRADE_PHYSICAL_SCREEN,SINGLE_PULSE,12,2489099136.9865746,9600000000.0,4623.513697280304,10148417396.639088,1940677116.8338032,-1.33514404296875e-05,1.104419798232839e-15,1.2295095766177958e-06,75.48039026307009,0.2780905605365867,0.1415625,0.6496062560514505,0.07911173680005414,0.05930127293989952,0.026944782898564928,0.060480420226497994,0.027024647051761826,0.1829862615959979,0.02505769556468981,0.8255625,0.006275,0.9999963217604888,0.997742207727319,0.9953281974932968,1.9981972|0.47310491|0.13183143|0.037650134|0.010788014|0.0030922455|0.00088635111|0.0002540533|7.2817354e-05|2.0870824e-05|5.9819284e-06|1.7145141e-06,1.5925019|0.44500884|0.12656175|0.036141751|0.010338159|0.0029597447|0.00084776456|0.00024289316|6.960222e-05|1.9946628e-05|5.7166012e-06|1.6383958e-06,0.94933479|0.36629794|0.10794308|0.030930239|0.0088444794|0.002530835|0.00072467075|0.00020758501|5.9477828e-05|1.7044086e-05|4.8845691e-06|1.3999037e-06,,nan,False,121.28165710539386,338.3475153278261,584.5060100077928,970.8334928599287,355.01718128088004,493.0365460119827,623.7850710321514,819.9433738218466,1902.8939113491895,3360.6854481675914,4905.114535872499,7319.271436636538,1.169863449026067e-17,3.915625182662239e-33,0.002806952401440413,,True
BND_CENTER_F0p0_ROBIN_LEAKY,DECISION_GRADE_PHYSICAL_SCREEN,STEP_ON_OFF,12,2489099136.9865746,38400000000.0,2772297.3592066113,34635191205.49744,6251135634.1300745,-0.00014591217041015625,3.568485818709813e-15,0.0007363759372680449,76.28506622086621,0.944440356283989,0.4096916666666667,0.6121194967213568,0.0748883313393273,0.2045589080482483,0.08009739476780643,0.20622522625737616,0.07966662213716208,0.28989055712717454,0.0270271020395555,0.5331708333333334,0.028166666666666666,0.7157440748528892,0.6890659323235294,0.8479363110230286,0.27500363|0.076902347|1.7451669|2.1256926|2.2310591|2.2611254|0.54654597|0.15281257|0.043662159|0.012511286|0.0035861977|0.0010279316,0.25941666|0.073824487|1.3541725|1.7103023|1.8114714|1.8403479|0.51552058|0.14670007|0.041902583|0.011987504|0.0034321789|0.00098312331,0.2146461|0.062994268|0.75273415|1.043153|1.1293669|1.1540825|0.42645961|0.12517743|0.035858565|0.010254777|0.002934667|0.00084035214,,nan,False,121.28165710539386,338.3475153278261,584.5060100077928,970.8334928599287,355.01718128088004,493.0365460119827,623.7850710321514,819.9433738218466,1902.8939113491895,3360.6854481675914,4905.114535872499,7319.271436636538,1.169863449026067e-17,3.915625182662239e-33,0.002806952401440413,,True
BND_CENTER_F0p0_ROBIN_LEAKY,DECISION_GRADE_PHYSICAL_SCREEN,ALTERNATING_BINARY,12,2489099136.9865746,57600000000.0,1119210811.793679,50075661885.3114,8894226439.88147,2.288818359375e-05,3.8090408946839516e-16,0.21172490359120075,75.48039026307009,1.3637557311257418,0.7407583333333333,0.6020831351458329,0.07375101314658675,0.30437485299293937,0.06716777801976788,0.30634552889469113,0.06513121294408718,0.3280873747174596,0.030885745244915483,0.08045,0.033308333333333336,-0.9945401467132274,-0.9958075096650222,0.24389416034868056,1.9981972|0.47310491|1.855025|0.43385269|1.8438398|0.43064854|1.8429213|0.43038528|1.8428459|0.43036365|1.8428397|0.43036188,1.5925019|0.44500884|1.459647|0.40732611|1.4488979|0.40425315|1.4480184|0.40400128|1.4479463|0.4039806|1.4479404|0.4039789,0.94933479|0.36629794|0.84263177|0.33423391|0.83343079|0.33160407|0.83267859|0.33138874|0.83261692|0.33137107|0.83261185|0.33136962,,nan,False,121.28165710539386,338.3475153278261,584.5060100077928,970.8334928599287,355.01718128088004,493.0365460119827,623.7850710321514,819.9433738218466,1902.8939113491895,3360.6854481675914,4905.114535872499,7319.271436636538,1.169863449026067e-17,3.915625182662239e-33,0.002806952401440413,,True
BND_CENTER_F0p0_ROBIN_LEAKY,DECISION_GRADE_PHYSICAL_SCREEN,FIXED_RANDOM,64,2489099136.9865746,306282950400.0,3717502576.740796,259456944975.73575,45597601984.51096,-0.00092315673828125,2.98976782278562e-15,0.08453991757000466,73.05071129164611,1.3236716126690453,0.768175,0.5955642188827663,0.07301079179343425,0.3135615611087667,0.06460623212545251,0.3148450602515554,0.06324117498060493,0.31497852381642144,0.03526185833398415,0.11526015625,0.02669609375,0.30274090735072856,0.29946898096145125,0.9222596535166232,1.923769|1.5645898|0.9673582|1.4235769|1.2219691|1.2458506|1.5004591|1.9208918|1.5690734|0.61923707|1.6594676|0.64343184|1.7190304|1.1770209|0.42401454|1.2186053|1.6158745|2.0444423|1.333895|0.50416469|0.63800876|0.17107961|1.2547348|0.43921274|0.2416896|1.3467885|0.75433358|0.30317523|1.0801493|0.55082736|0.20698999|0.96400706|1.2786679|1.9126162|1.1459899|1.6165205|1.2213411|0.80196574|1.1651626|0.52905089|1.683376|1.2347149|0.87702813|0.9380609|0.46191624|0.36584493|1.6165256|1.5515895|1.0085155|1.2567178|0.75142105|0.23314015|0.82109565|1.5403904|1.4693431|1.5593639|0.94158739|1.3131851|0.40651035|1.4486136|1.9037882|1.3831422|1.9695348|1.6828013,1.5349233|1.2866024|0.81366052|1.1432112|1.0023418|1.0145793|1.2118942|1.5467361|1.2911779|0.54460254|1.3126525|0.56249798|1.3596032|0.97760736|0.37799087|0.96292648|1.2975065|1.6463528|1.1142353|0.44718584|0.5173864|0.15830849|0.97932725|0.38760154|0.20760106|1.0527179|0.63502951|0.26730997|0.84980141|0.46786863|0.1844129|0.75561181|1.0262071|1.5308199|0.96275482|1.3001473|1.0097593|0.67184021|0.93589387|0.45596089|1.3261579|1.0204062|0.73046099|0.76307398|0.39575015|0.30365808|1.2660534|1.2623266|0.84380486|1.0155396|0.6321835|0.21293877|0.64674417|1.2234537|1.1972648|1.2667258|0.79214506|1.056717|0.3672569|1.1404662|1.5288391|1.1463157|1.5821507|1.3807737,0.91760212|0.82585153|0.54876546|0.69464049|0.63986645|0.63717173|0.74641108|0.94558563|0.83017716|0.40089672|0.76811199|0.40914755|0.79525188|0.64145583|0.28516543|0.56199819|0.78774589|1.0065798|0.74030435|0.33443353|0.32205609|0.12715341|0.55317326|0.28672649|0.1462852|0.59692021|0.42866811|0.19775934|0.49031494|0.32173722|0.13904999|0.43170301|0.62218343|0.92212111|0.64736557|0.79289059|0.65608605|0.4493549|0.56896137|0.32289838|0.76773557|0.66217581|0.48246576|0.47809443|0.27710454|0.19921016|0.72160839|0.79049275|0.56263516|0.62639571|0.4265015|0.16755037|0.37436765|0.7229398|0.75255702|0.79080321|0.53439012|0.64527195|0.28337974|0.65923161|0.92836094|0.74870231|0.96191059|0.88203516,0.99999902|0.99700308|0.82347209|0.084112411|0.23993725|-0.015743254|0.19821089|-0.092639178|-0.40381206|-0.37369858,3.3427347421672087,False,121.28165710539386,338.3475153278261,584.5060100077928,970.8334928599287,355.01718128088004,493.0365460119827,623.7850710321514,819.9433738218466,1902.8939113491895,3360.6854481675914,4905.114535872499,7319.271436636538,1.169863449026067e-17,3.915625182662239e-33,0.002806952401440413,,True
BND_CENTER_F0p666667_ABSORBING,DECISION_GRADE_PHYSICAL_SCREEN,SINGLE_PULSE,12,392478079.32364565,9600000000.0,0.00015615399509940196,3871222783.805502,6121255295.517969,1.9073486328125e-05,1.9087844053009936e-15,-5.042363141809903e-09,73.11902668710552,0.10277332211652714,0.035175,0.050359262765372344,0.006615770134943579,0.018104672572813518,0.010690638483129813,0.01831369219821803,0.010369842851816672,0.06531493381323389,0.010784700515005163,0.9561,0.00415,0.9999999557276522,0.9999999858845481,0.9999522097975068,0.55643443|0.01532057|0.00043500692|1.2353972e-05|3.5075326e-07|9.8777634e-09|2.0871417e-10|-7.1838965e-11|-7.6734133e-11|-7.8889834e-11|-7.8185914e-11|-7.8975094e-11,0.68402673|0.019584227|0.00055410423|1.5719678e-05|4.4638003e-07|1.2803276e-08|4.7545152e-10|1.3472513e-10|1.2026132e-10|1.2299412e-10|1.2187895e-10|1.2310863e-10,0.13034905|0.0040118452|0.00011344836|3.2171747e-06|9.1445711e-08|2.7520548e-09|2.1366688e-10|1.5289042e-10|1.4536459e-10|1.4895811e-10|1.4761548e-10|1.4910504e-10,,nan,True,64.59507639242776,146.46227057150384,233.88268035347645,369.5700197513524,177.0058460298127,232.13782886046982,280.63834716362067,350.6647312009711,1710.2920664861272,3168.0828974518517,4712.512081171592,7126.668940362876,8.43569332734809e-12,2.41410786407976e-20,0.002468714749016083,NUMERICAL_OR_MASS_BALANCE,False
BND_CENTER_F0p666667_ABSORBING,DECISION_GRADE_PHYSICAL_SCREEN,STEP_ON_OFF,12,392478079.32364565,38400000000.0,0.41475579089240056,15155661441.533976,23636816637.374912,3.814697265625e-06,9.833600364030959e-17,-4.984085249936225e-09,73.26866393969651,0.40135223748445803,0.14209583333333334,0.049625933448234676,0.006520059721169634,0.07223901348488668,0.03936310286814258,0.07283801081091171,0.03814119029675968,0.10856248005549757,0.018313784254895243,0.8259666666666666,0.0168125,0.6197769625477164,0.6162140184512914,0.8384662460919527,0.0077706035|0.0002206365|0.54867009|0.56376394|0.56419251|0.56420468|0.015541197|0.00044127265|1.2531913e-05|3.5580159e-07|1.0024751e-08|2.1163093e-10,0.0099326328|0.00028103852|0.67410207|0.69339751|0.69394342|0.69395891|0.019865253|0.00056207678|1.5945999e-05|4.5281347e-07|1.2980293e-08|4.8243756e-10,0.0020346925|5.7539928e-05|0.12831599|0.13226871|0.13238048|0.13238365|0.0040693825|0.00011507991|3.2634655e-06|9.2768698e-08|2.7827584e-09|2.1691181e-10,,nan,True,64.59507639242776,146.46227057150384,233.88268035347645,369.5700197513524,177.0058460298127,232.13782886046982,280.63834716362067,350.6647312009711,1710.2920664861272,3168.0828974518517,4712.512081171592,7126.668940362876,8.43569332734809e-12,2.41410786407976e-20,0.002468714749016083,NUMERICAL_OR_MASS_BALANCE,False
BND_CENTER_F0p666667_ABSORBING,DECISION_GRADE_PHYSICAL_SCREEN,ALTERNATING_BINARY,12,392478079.32364565,57600000000.0,21873043.471282214,22672542975.360287,35298062060.4921,-2.288818359375e-05,3.9467503979469436e-16,8.099990039229128e-06,73.11902668710552,0.6002248989148342,0.20732083333333334,0.0495327175870603,0.006507892339747694,0.10630065262473593,0.0535572491021457,0.10713566056390929,0.051353910744797504,0.12215215557544716,0.020660079090441274,0.7410583333333334,0.024483333333333333,-0.9999669276727593,-0.9999144501150489,-0.5605340283395294,0.55643443|0.01532057|0.54909884|0.015112288|0.54909292|0.01511212|0.54909292|0.01511212|0.54909292|0.01511212|0.54909292|0.01511212,0.68402673|0.019584227|0.6746482|0.019318908|0.67464067|0.019318694|0.67464067|0.019318694|0.67464067|0.019318694|0.67464067|0.019318694,0.13034905|0.0040118452|0.1284278|0.0039575222|0.12842626|0.0039574785|0.12842626|0.0039574785|0.12842626|0.0039574785|0.12842626|0.0039574785,,nan,False,64.59507639242776,146.46227057150384,233.88268035347645,369.5700197513524,177.0058460298127,232.13782886046982,280.63834716362067,350.6647312009711,1710.2920664861272,3168.0828974518517,4712.512081171592,7126.668940362876,8.43569332734809e-12,2.41410786407976e-20,0.002468714749016083,NUMERICAL_OR_MASS_BALANCE,False
BND_CENTER_F0p666667_ABSORBING,DECISION_GRADE_PHYSICAL_SCREEN,FIXED_RANDOM,64,392478079.32364565,306282950400.0,557636436.5732325,119961854763.39505,186155937279.35538,0.0,0.0,5.062156355772249e-06,70.48406519719974,0.595119052347635,0.24296640625,0.04936011039506389,0.006485361293358772,0.11469371326769956,0.05006439342349568,0.1154104837013854,0.04775266090554985,0.1194698989299166,0.023315068427006026,0.682178125,0.0188953125,0.039004769472222256,0.024655005739954397,0.8474135420761131,0.53273654|0.36764521|0.19651526|0.3817693|0.29143727|0.30994259|0.39033682|0.50774727|0.3672975|0.085221803|0.4792726|0.093847482|0.49681697|0.25979109|0.049775885|0.35366715|0.43310389|0.54017721|0.28389982|0.063042149|0.16262378|0.0099862698|0.38483557|0.0577573|0.041971124|0.41033681|0.15185619|0.040731238|0.31978145|0.10376781|0.024572483|0.29018782|0.34360789|0.52140087|0.23446425|0.43018738|0.27773293|0.16754332|0.31208725|0.088507604|0.4953525|0.28128516|0.19055923|0.23486976|0.081368245|0.081329955|0.48821706|0.38766929|0.21246188|0.32624001|0.15217614|0.018676256|0.24183153|0.43590695|0.3641218|0.39334513|0.19085072|0.34850819|0.039065817|0.42764605|0.51001029|0.30986674|0.52728922|0.40066928,0.65491126|0.4524215|0.24194282|0.46931393|0.35858512|0.38119684|0.47999557|0.62435731|0.45195983|0.1052061|0.58895511|0.11595802|0.61052187|0.31986206|0.061509707|0.43458667|0.53260008|0.66425953|0.34954087|0.077841673|0.1998869|0.012491747|0.47282628|0.071488123|0.051644332|0.5042014|0.18713385|0.050249777|0.39294222|0.12792796|0.030331333|0.35656117|0.42255751|0.64106833|0.28877832|0.52885249|0.34181403|0.20622472|0.38366238|0.10916828|0.60871568|0.34626791|0.23450703|0.28882367|0.10029101|0.10003368|0.59993972|0.47696282|0.26156253|0.40111185|0.18741137|0.023153428|0.29714194|0.5358909|0.44796013|0.48376545|0.23501889|0.42844118|0.048473396|0.52546305|0.6271894|0.38140282|0.64825608|0.49298769,0.12480689|0.08639068|0.046241734|0.089434651|0.068451799|0.072709925|0.091525758|0.11904615|0.086290081|0.020213604|0.11215166|0.02231725|0.11626135|0.061139502|0.011841108|0.082749392|0.10156131|0.12666341|0.066811107|0.014962223|0.038080876|0.0024608017|0.090008005|0.013804167|0.0098601175|0.095996573|0.035830444|0.0096426791|0.074817692|0.024514354|0.0058266267|0.067884271|0.080582223|0.12220327|0.055235301|0.10078727|0.065284123|0.039396863|0.073116002|0.020939544|0.11591477|0.066165129|0.044782254|0.05507512|0.019210358|0.019083072|0.11424053|0.091039369|0.049986566|0.076460471|0.035840412|0.0044850061|0.056570779|0.10213065|0.08549204|0.092271043|0.044936822|0.081651606|0.0094048117|0.10004235|0.1196042|0.072860662|0.12355431|0.094109713,0.99999996|0.99861873|0.010924264|-0.016265468|0.1873249|-0.18629922|-0.21553658|-0.64533476|0.0033262508|-0.18574154,2.200194095764121,False,64.59507639242776,146.46227057150384,233.88268035347645,369.5700197513524,177.0058460298127,232.13782886046982,280.63834716362067,350.6647312009711,1710.2920664861272,3168.0828974518517,4712.512081171592,7126.668940362876,8.43569332734809e-12,2.41410786407976e-20,0.002468714749016083,NUMERICAL_OR_MASS_BALANCE,False
BND_CENTER_F0p666667_ROBIN_LEAKY,DECISION_GRADE_PHYSICAL_SCREEN,SINGLE_PULSE,12,2051287307.7946458,9600000000.0,127.63560169221557,8647846735.483662,3003440444.6753726,1.0013580322265625e-05,8.5943982477941265e-16,8.541412576559299e-09,73.58695957575162,0.2360895724345029,0.1052125,0.6327370296089684,0.07721596542993532,0.050135315081108425,0.02539849734896419,0.051140165798180835,0.025410225994753934,0.1614497220772695,0.024857441880360175,0.8729416666666666,0.005745833333333334,0.9999800852424692,0.9987591027941398,0.9966697734879847,1.4576066|0.26685985|0.055118607|0.011527789|0.0024136495|0.00050537887|0.00010581457|2.2154647e-05|4.6385241e-06|9.7116524e-07|2.0333249e-07|4.2571959e-08,1.9377169|0.40347604|0.084054985|0.017550448|0.003669606|0.0007678095|0.00016070625|3.3641946e-05|7.043072e-06|1.4745459e-06|3.0871709e-07|6.4634361e-08,1.5806239|0.42649564|0.090638011|0.018937975|0.0039575406|0.00082776528|0.00017322492|3.6259534e-05|7.5907726e-06|1.5891846e-06|3.3271638e-07|6.965928e-08,,nan,False,117.89177632341107,311.06503525964564,511.4398828903916,820.3157451007211,332.1677703967667,453.1563446583762,561.815294257251,720.3120529571154,1870.4712461378758,3328.2621261633526,4872.691258616003,7286.848099070049,5.161823759202849e-13,2.3036642173074793e-20,0.0027469296501253927,,True
BND_CENTER_F0p666667_ROBIN_LEAKY,DECISION_GRADE_PHYSICAL_SCREEN,STEP_ON_OFF,12,2051287307.7946458,38400000000.0,353738.39041194634,30622947704.087646,9827985865.316608,-1.9073486328125e-05,4.715174126102456e-16,2.365965888574177e-05,74.18729551147894,0.8320718876964777,0.3214166666666667,0.6000686691651494,0.07352239726817082,0.1777393590634881,0.08046773385219623,0.1792700735443282,0.07999428978958989,0.25674289199563644,0.031843424005801486,0.6283,0.025441666666666668,0.6916571947664324,0.6648107905194274,0.8504463433450273,0.14881904|0.030778234|1.3152254|1.5462172|1.5938322|1.6037889|0.29708598|0.061440869|0.012851529|0.0026908184|0.00056341149|0.00011796498,0.22520173|0.046927406|1.722315|2.071113|2.1437477|2.15891|0.44956468|0.093679255|0.019562889|0.00409069|0.00085594557|0.00017915661,0.23855081|0.050605974|1.352647|1.7201726|1.798489|1.8148516|0.47619736|0.10102271|0.02110826|0.0044114994|0.00092276631|0.00019311078,,nan,False,117.89177632341107,311.06503525964564,511.4398828903916,820.3157451007211,332.1677703967667,453.1563446583762,561.815294257251,720.3120529571154,1870.4712461378758,3328.2621261633526,4872.691258616003,7286.848099070049,5.161823759202849e-13,2.3036642173074793e-20,0.0027469296501253927,,True
BND_CENTER_F0p666667_ROBIN_LEAKY,DECISION_GRADE_PHYSICAL_SCREEN,ALTERNATING_BINARY,12,2051287307.7946458,57600000000.0,729670838.6229618,44811140067.58563,14110476401.586048,3.814697265625e-06,6.394995712232572e-17,0.03435282224815222,73.58695957575162,1.2163160673517017,0.56335,0.5926849343035094,0.07268347291684292,0.2661938809508899,0.0781099976633422,0.2681073959309189,0.07591516970553051,0.29091484922539096,0.035813714366593544,0.3094,0.031254166666666666,-0.9973394671192587,-0.9981123670668045,0.1020620396993009,1.4576066|0.26685985|1.3639062|0.2476094|1.359882|0.24676684|1.3597055|0.2467299|1.3596978|0.24672828|1.3596975|0.24672821,1.9377169|0.40347604|1.7965702|0.37409909|1.79044|0.3728177|1.7901719|0.3727616|1.7901602|0.37275914|1.7901596|0.37275903,1.5806239|0.42649564|1.4327111|0.39482764|1.4260947|0.39344551|1.4258056|0.39338504|1.425793|0.39338239|1.4257924|0.39338227,,nan,False,117.89177632341107,311.06503525964564,511.4398828903916,820.3157451007211,332.1677703967667,453.1563446583762,561.815294257251,720.3120529571154,1870.4712461378758,3328.2621261633526,4872.691258616003,7286.848099070049,5.161823759202849e-13,2.3036642173074793e-20,0.0027469296501253927,,True
BND_CENTER_F0p666667_ROBIN_LEAKY,DECISION_GRADE_PHYSICAL_SCREEN,FIXED_RANDOM,64,2051287307.7946458,306282950400.0,3037748971.266938,233069306104.54276,72227182631.9854,-0.0005035400390625,1.6330980393416447e-15,0.01296830009676933,71.14956822251038,1.1850529198764337,0.61942578125,0.5863822622247759,0.0719661737927098,0.27849727721275847,0.07194774566715866,0.2798332535432484,0.07029855415246132,0.28108729370289054,0.039248905945001814,0.28931640625,0.02441484375,0.22915394655587673,0.2239429429578907,0.9106993991958361,1.4010775|1.0986571|0.64949952|1.0203583|0.85746917|0.87977097|1.0736782|1.3835191|1.0975728|0.38382873|1.2123217|0.41313115|1.2591917|0.81642835|0.25489406|0.89043201|1.1719147|1.4756977|0.91358433|0.30365772|0.44314944|0.094717738|0.93655496|0.28199382|0.15155998|1.0049298|0.51735026|0.18520739|0.79617603|0.37114066|0.12248875|0.71460517|0.93015931|1.3923248|0.7806912|1.1582786|0.84714915|0.53980121|0.83503083|0.34397439|1.2418593|0.86426375|0.59783694|0.65988664|0.30069413|0.24611009|1.2052056|1.1113139|0.6874645|0.8937062|0.5062505|0.13019254|0.60168703|1.1332049|1.0471964|1.1086722|0.63454086|0.93865843|0.24283562|1.065859|1.382121|0.95999274|1.4172781|1.1815765,1.8637499|1.4898038|0.89198105|1.3604617|1.1601377|1.1839275|1.4382337|1.8507375|1.4881547|0.54430287|1.6019673|0.58532156|1.6644921|1.1147819|0.36514673|1.175663|1.5662486|1.9749176|1.2509145|0.43284643|0.59233434|0.14055875|1.2295821|0.40323362|0.20998598|1.3209042|0.71375857|0.262685|1.049336|0.51490835|0.17498491|0.94009126|1.2433007|1.8567574|1.0736226|1.5461237|1.1518646|0.73892232|1.1135844|0.48132177|1.6387365|1.1766227|0.81559151|0.88655519|0.41840307|0.33398821|1.5864173|1.498378|0.94180137|1.1961342|0.69602469|0.19015001|0.79282717|1.5048873|1.4123875|1.4905141|0.87225592|1.2530148|0.35290978|1.4049223|1.8476714|1.3080454|1.8915354|1.5991508,1.522657|1.2736681|0.78491463|1.1180014|0.98677108|0.99461033|1.1950445|1.5326649|1.2720164|0.5123431|1.2876787|0.54953761|1.3390887|0.96803473|0.35070167|0.9431062|1.2940692|1.6371739|1.0932237|0.4117638|0.48992002|0.14399|0.97214723|0.38542705|0.1885622|1.0474406|0.63399473|0.24745016|0.8379105|0.46292052|0.1672368|0.7471453|1.0275027|1.5261331|0.94728617|1.2741079|0.9909411|0.6455966|0.91554804|0.44072156|1.3125394|1.0149319|0.70716391|0.74197483|0.37870466|0.28624727|1.2625152|1.2639757|0.82414095|0.99203188|0.61384798|0.18948683|0.63278176|1.2242271|1.1924689|1.2492369|0.76903178|1.0326798|0.34808527|1.1222163|1.52752|1.1306478|1.5580002|1.3611746,0.99999878|0.99929514|0.92262954|0.15087907|0.2923872|-0.018105882|0.21307798|-0.25974041|-0.45957434|-0.35307361,3.5782676954579378,False,117.89177632341107,311.06503525964564,511.4398828903916,820.3157451007211,332.1677703967667,453.1563446583762,561.815294257251,720.3120529571154,1870.4712461378758,3328.2621261633526,4872.691258616003,7286.848099070049,5.161823759202849e-13,2.3036642173074793e-20,0.0027469296501253927,,True
HYP_CENTER_D80,DECISION_GRADE_PHYSICAL_SCREEN,SINGLE_PULSE,12,3220247566.9440446,9600000000.0,97766.40885388973,12820149800.535185,0.0,5.7220458984375e-06,4.463288145223752e-16,3.2354700985327146e-05,135.03459025939722,0.3528192023105044,0.1640875,0.6110812390326992,0.07477080575342042,0.06997314529577942,0.03202294543534238,0.07141395406131536,0.03242450975227928,0.2026212391326987,0.03770396370579874,0.7878125,0.008741666666666667,1.0,0.9874891546543149,0.9922618501331428,3.2757553|0.82774581|0.26594911|0.092926102|0.033686802|0.012397994|0.0045902788|0.0017034543|0.00063270648|0.00023507884|8.7351898e-05|3.245969e-05,1.9989673|0.68795526|0.24858547|0.091217738|0.033675509|0.012465407|0.0046202524|0.0017137159|0.0006359279|0.0002360541|8.7642294e-05|3.2545481e-05,0.64765096|0.48964193|0.2213327|0.087654662|0.033266382|0.012436977|0.004625113|0.0017170444|0.00063717847|0.00023646041|8.7767148e-05|3.2582916e-05,,nan,False,106.66395250350921,341.422986994996,637.880696876325,1122.687773964618,464.39550428385485,630.6631947564484,790.9813244310575,1035.9623618848411,1995.76183263762,3453.5617390734265,4997.990787398744,7412.147694960636,2.4419163984889667e-14,3.368582532620002e-26,0.0029862453474481508,,True
HYP_CENTER_D80,DECISION_GRADE_PHYSICAL_SCREEN,STEP_ON_OFF,12,3220247566.9440446,38400000000.0,16650732.886882195,41603596834.05708,0.0,8.392333984375e-05,2.0164065508924133e-15,0.005456210866750886,136.35136886193874,1.1393401800238212,0.4420541666666667,0.5497983067403829,0.06778058661966073,0.219661365335808,0.08652889216328274,0.22137453542798813,0.08637464808287172,0.3093322258987961,0.04421142103207762,0.4729041666666667,0.04022916666666667,0.7399463569452022,0.728264875737553,0.8553832157061659,0.49455687|0.16136794|2.8379852|3.4682237|3.6643467|3.7318354|0.97494361|0.31748813|0.11162591|0.040571442|0.014947342|0.0055363946,0.42010911|0.15226296|1.6347986|2.1352136|2.3148463|2.3805863|0.82596872|0.29924402|0.10992167|0.040599245|0.015031686|0.0055721217,0.31366752|0.1376931|0.38803695|0.70638462|0.86084978|0.92325342|0.61311256|0.27009815|0.10614395|0.040176211|0.015006247|0.0055788788,,nan,False,106.66395250350921,341.422986994996,637.880696876325,1122.687773964618,464.39550428385485,630.6631947564484,790.9813244310575,1035.9623618848411,1995.76183263762,3453.5617390734265,4997.990787398744,7412.147694960636,2.4419163984889667e-14,3.368582532620002e-26,0.0029862453474481508,,True
HYP_CENTER_D80,DECISION_GRADE_PHYSICAL_SCREEN,ALTERNATING_BINARY,12,3220247566.9440446,57600000000.0,1744818139.0471318,59075429427.89706,0.0,-0.00014495849609375,2.3833920757095913e-15,0.28341875059817634,135.03459025939722,1.6154338042123493,0.7828375,0.5297645567401041,0.06547247784953483,0.33653036534113234,0.0754075291730926,0.3381627848668547,0.07431982554805346,0.3556097653141088,0.05672747091046952,0.033258333333333334,0.0459625,-0.989636762608301,-0.9911849291860066,0.7443791146653614,3.2757553|0.82774581|3.0471475|0.75930397|3.0240475|0.75105453|3.0210298|0.74993985|3.0206165|0.7497864|3.0205595|0.74976521,1.9989673|0.68795526|1.8274436|0.62691005|1.8051787|0.61871231|1.8021482|0.61758986|1.801732|0.61743548|1.8016747|0.61741421,0.64765096|0.48964193|0.55531615|0.43960349|0.53452903|0.43158813|0.53151585|0.43046557|0.53109892|0.43031085|0.53104151|0.43028955,,nan,False,106.66395250350921,341.422986994996,637.880696876325,1122.687773964618,464.39550428385485,630.6631947564484,790.9813244310575,1035.9623618848411,1995.76183263762,3453.5617390734265,4997.990787398744,7412.147694960636,2.4419163984889667e-14,3.368582532620002e-26,0.0029862453474481508,,True
HYP_CENTER_D80,DECISION_GRADE_PHYSICAL_SCREEN,FIXED_RANDOM,64,3220247566.9440446,306282950400.0,4831359041.307407,304671838925.63727,0.0,-0.00067138671875,2.1692400051443293e-15,0.12787112302897266,130.61772178620024,1.5607847286730974,0.7419453125,0.5209740450593225,0.06445610231121869,0.3394079672161518,0.08007578805099086,0.3402707198812399,0.07956468824618476,0.33886012832843504,0.05902303142365464,0.1093921875,0.0432734375,0.38311173006195054,0.37257255855414645,0.9405304544580526,3.1556297|2.588217|1.6304116|2.3584827|2.0312347|2.0683934|2.4781785|3.1601854|2.6024987|1.0722444|2.7353975|1.0966427|2.8239848|1.9556926|0.74191709|2.0105854|2.651325|3.3540939|2.223312|0.88431532|1.0824044|0.31511188|2.0504136|0.7415764|0.42139604|2.1965614|1.2511203|0.52686666|1.7726234|0.92232775|0.36625206|1.5791936|2.0914606|3.126938|1.908695|2.6702197|2.0354855|1.3562707|1.9323092|0.90289452|2.7570058|2.042475|1.4707204|1.5643105|0.79112922|0.62635673|2.6354146|2.5444798|1.68295|2.0832132|1.2670287|0.42332186|1.3572517|2.5158343|2.4152384|2.5723808|1.5826324|2.1765572|0.71150432|2.3804594|3.1189419|2.2944139|3.2449465|2.7898263,1.9307732|1.6805587|1.1212441|1.477091|1.3192428|1.3279844|1.559994|1.97016|1.697448|0.8073684|1.660203|0.80293253|1.7071755|1.2947642|0.57476393|1.2195103|1.6375699|2.0849412|1.4941437|0.68199264|0.70693601|0.26221541|1.2014136|0.5459989|0.31010715|1.2876641|0.8442398|0.40089661|1.0601167|0.63674886|0.28637879|0.93576157|1.2860569|1.9163803|1.2934255|1.6727662|1.3436558|0.92910409|1.2111454|0.64889237|1.6480842|1.3352027|0.99128282|1.0080098|0.56593382|0.4277505|1.5486637|1.6060348|1.1367795|1.3202846|0.8696425|0.34721683|0.81970765|1.5168219|1.5340841|1.6348682|1.0848848|1.3688288|0.55855901|1.4277901|1.9235721|1.5145518|2.0214048|1.8095676,0.63322555|0.68930514|0.55398617|0.54102203|0.54464145|0.5300679|0.57717444|0.69869842|0.70964805|0.49310696|0.53330164|0.45420731|0.53602473|0.56412308|0.37196769|0.391438|0.55516686|0.72785154|0.68507813|0.43935652|0.30742713|0.19123735|0.31904346|0.30891024|0.18478292|0.34120541|0.38585288|0.25169307|0.31584396|0.31171847|0.19023979|0.26524892|0.42579155|0.62883528|0.60527339|0.61173552|0.58491357|0.4559618|0.4449085|0.35527249|0.48754527|0.55715393|0.46337252|0.41034498|0.30865007|0.21127728|0.41452621|0.58989792|0.53061204|0.50545557|0.42548697|0.25006576|0.25859427|0.46028796|0.58003715|0.62590323|0.52899827|0.5095484|0.36580146|0.43282141|0.64664474|0.65634713|0.71965794|0.74267126,0.99962187|0.9446252|0.41323706|0.15183717|0.16118019|-0.012941217|0.21401569|0.16561214|-0.22368593|-0.43112956,3.050129324555,False,106.66395250350921,341.422986994996,637.880696876325,1122.687773964618,464.39550428385485,630.6631947564484,790.9813244310575,1035.9623618848411,1995.76183263762,3453.5617390734265,4997.990787398744,7412.147694960636,2.4419163984889667e-14,3.368582532620002e-26,0.0029862453474481508,,True
HYP_CENTER_D240,DECISION_GRADE_PHYSICAL_SCREEN,SINGLE_PULSE,12,3220247566.9440446,9600000000.0,97766.40885388973,12820149800.535192,0.0,-1.9073486328125e-06,1.487762715074584e-16,3.246935876791505e-05,53.33750105981147,0.3528192023105044,0.18489583333333334,0.8263764442457772,0.0985186512042328,0.0822990004557637,0.03622654080112125,0.0838871428792646,0.0364055800868599,0.24251026030454242,0.025389463118895103,0.7864583333333334,0.0061625,1.0,0.9936667681935748,0.9942208371107385,1.9672157|0.65126916|0.24040972|0.089322634|0.033194867|0.012335423|0.0045837382|0.0017032437|0.00063289168|0.0002351689|8.7383402e-05|3.2469639e-05,1.8053987|0.65389282|0.24159134|0.089553684|0.033237396|0.012343197|0.0045851584|0.0017035031|0.00063293924|0.00023517765|8.7385164e-05|3.2470054e-05,1.5610297|0.6513397|0.24203344|0.089654159|0.033256172|0.012346635|0.0045857863|0.0017036178|0.0006329601|0.00023518143|8.7385793e-05|3.2470134e-05,,nan,False,178.73805798173595,469.9362744950185,781.9133933023763,1269.6179417785604,419.5238522248723,597.8390778186072,764.4892064809375,1012.8477991727708,1976.5268243782914,3434.3289576859393,4978.758072995785,7392.9149064630155,2.6417090324309063e-12,2.0020364130574447e-20,0.002948200585811057,,True
HYP_CENTER_D240,DECISION_GRADE_PHYSICAL_SCREEN,STEP_ON_OFF,12,3220247566.9440446,38400000000.0,16650732.886882199,41603596834.05719,0.0,-2.288818359375e-05,5.499290593342945e-16,0.005527902936932225,54.18653716938917,1.1393401800238212,0.488125,0.7884261908879315,0.09442150645268231,0.26579810237297735,0.09405417916001929,0.2678730761168449,0.09340959272717582,0.37542394866520057,0.01673585637911313,0.44269583333333334,0.0287875,0.7399463569452023,0.7226060747321633,0.8558583686869595,0.39945048|0.14763179|1.6226195|2.0917878|2.2645339|2.3287112|0.78479661|0.29002251|0.10776015|0.040046356|0.014881376|0.0055297731,0.40108949|0.14828617|1.45929|1.9303242|2.1041054|2.1684869|0.78806628|0.2913298|0.10801432|0.040093109|0.014889921|0.0055313341,0.39993732|0.14853494|1.2161288|1.6843159|1.8584754|1.9229455|0.78575819|0.29182663|0.10812501|0.040113755|0.014893701|0.0055320244,,nan,False,178.73805798173595,469.9362744950185,781.9133933023763,1269.6179417785604,419.5238522248723,597.8390778186072,764.4892064809375,1012.8477991727708,1976.5268243782914,3434.3289576859393,4978.758072995785,7392.9149064630155,2.6417090324309063e-12,2.0020364130574447e-20,0.002948200585811057,,True
HYP_CENTER_D240,DECISION_GRADE_PHYSICAL_SCREEN,ALTERNATING_BINARY,12,3220247566.9440446,57600000000.0,1744818139.0471318,59075429427.89677,0.0,0.00014495849609375,2.3833920757095913e-15,0.4812146615205352,53.33750105981147,1.6154338042123495,0.9886416666666666,0.7768026263909127,0.09315915499730981,0.4060971797509043,0.0532307277613247,0.4083106557245536,0.0508835019727448,0.43178934468647656,0.013812572777953657,0.0,0.030616666666666667,-0.9896367626083008,-0.9923472970126057,0.33756131125752087,1.9672157|0.65126916|1.8081755|0.59296004|1.7865165|0.58491046|1.7835251|0.58379886|1.783112|0.58364537|1.783055|0.58362418,1.8053987|0.65389282|1.6459002|0.5951603|1.6241566|0.5870951|1.6211623|0.58598298|1.6207492|0.58582947|1.6206921|0.58580828,1.5610297|0.6513397|1.4031258|0.59245891|1.3813455|0.58438681|1.37835|0.58327446|1.3779368|0.58312095|1.3778798|0.58309976,,nan,False,178.73805798173595,469.9362744950185,781.9133933023763,1269.6179417785604,419.5238522248723,597.8390778186072,764.4892064809375,1012.8477991727708,1976.5268243782914,3434.3289576859393,4978.758072995785,7392.9149064630155,2.6417090324309063e-12,2.0020364130574447e-20,0.002948200585811057,,True
HYP_CENTER_D240,DECISION_GRADE_PHYSICAL_SCREEN,FIXED_RANDOM,64,3220247566.9440446,306282950400.0,4831359041.307406,304671838925.6378,0.0,-0.001220703125,3.944072736626053e-15,0.20878950188236056,51.714415455329544,1.5607847286730974,0.9083796875,0.7704830697599876,0.09247135557462792,0.407628112228007,0.05294962100643836,0.40896112450991934,0.05145299126700434,0.4089303830882234,0.019994786183065598,0.03405859375,0.0229125,0.38311173006195054,0.3769388720953442,0.9345212983530857,1.8995008|1.6381207|1.0889841|1.4522068|1.2876637|1.2996698|1.5296544|1.9327325|1.6551448|0.77735666|1.6397791|0.77096106|1.6857011|1.2583055|0.55250328|1.2050952|1.6067414|2.0445563|1.4512226|0.65679483|0.69503354|0.25070263|1.1907427|0.52190098|0.30139489|1.2752438|0.81653463|0.38642511|1.0484559|0.61500632|0.27597701|0.92639516|1.2615397|1.8824777|1.2538223|1.6435075|1.3088627|0.90375226|1.1906161|0.62607223|1.6287037|1.2988546|0.96506363|0.98764095|0.54745243|0.41796431|1.5323554|1.5686044|1.1042061|1.29566|0.84393589|0.33344442|0.81093665|1.4931305|1.4985374|1.6002265|1.0528404|1.3450118|0.53409411|1.4120983|1.8869488|1.4735455|1.9858312|1.7658177,1.7447438|1.5355015|1.0358599|1.3416545|1.2058545|1.211559|1.4176945|1.7867551|1.5525432|0.757376|1.4988641|0.74896277|1.5397294|1.1871038|0.54170679|1.1009662|1.4820886|1.8894185|1.3739262|0.64251205|0.64805339|0.2498898|1.0765528|0.50930984|0.29029048|1.1537255|0.77625012|0.37685293|0.95408271|0.58801078|0.27049177|0.84053156|1.1626925|1.731743|1.1908443|1.5191952|1.2318149|0.85801102|1.1002837|0.60380952|1.48282|1.2211717|0.912565|0.92060068|0.52645146|0.3952081|1.3881063|1.4590583|1.0464078|1.2018468|0.80299089|0.33036911|0.73951326|1.3662233|1.3956597|1.4882146|1.0014428|1.244302|0.52706822|1.2858834|1.7402506|1.3880621|1.8334748|1.653427,1.5108798|1.3765986|0.95186062|1.1742152|1.0796087|1.0765998|1.2471732|1.5647639|1.3937145|0.72270457|1.2874127|0.71090245|1.3205969|1.0756196|0.52193666|0.94484201|1.2927012|1.6533551|1.2523331|0.61711488|0.57674572|0.24672822|0.90618912|0.48647207|0.27243059|0.97223185|0.71189911|0.3602351|0.81280731|0.54434786|0.26062073|0.7122062|1.012478|1.5033051|1.0909449|1.3306649|1.112037|0.78612872|0.96343629|0.56698535|1.2641647|1.1001219|0.83053353|0.81815377|0.4922654|0.35997114|1.1723725|1.2907606|0.95540879|1.0591405|0.73809834|0.32349217|0.63262999|1.1747539|1.2375559|1.3168415|0.92001229|1.091568|0.51245503|1.0969283|1.5172932|1.2547013|1.6024326|1.4799057,0.99983797|0.98391977|0.7157706|0.19411836|0.19052957|-0.15367403|0.1737688|-0.07958418|-0.42566393|-0.46631572,3.25794506267034,False,178.73805798173595,469.9362744950185,781.9133933023763,1269.6179417785604,419.5238522248723,597.8390778186072,764.4892064809375,1012.8477991727708,1976.5268243782914,3434.3289576859393,4978.758072995785,7392.9149064630155,2.6417090324309063e-12,2.0020364130574447e-20,0.002948200585811057,,True
HYP_CENTER_K0p00165,DECISION_GRADE_PHYSICAL_SCREEN,SINGLE_PULSE,12,7977601715.724738,9600000000.0,47894731.446479246,17529706984.278286,0.0,-2.6702880859375e-05,1.5191424456663437e-15,0.01590383871047157,78.33030537039181,0.974320625870592,0.40625,0.893449905355109,0.10567001771082027,0.22292552545346955,0.09085405979989984,0.2260545443708231,0.09176847944268808,0.4833644517919358,0.052734151108283535,0.53125,0.0228125,1.0,0.9820396585872833,0.9923388473097211,4.5204262|2.3190936|1.3745289|0.83450124|0.50847557|0.30997077|0.18896561|0.11519506|0.070222346|0.042806569|0.026094047|0.015906328,3.8740106|2.2839761|1.380591|0.83861874|0.51021151|0.31064736|0.18922467|0.11529383|0.070259965|0.042820894|0.026099502|0.015908404,2.9627327|2.2107307|1.3779261|0.83994372|0.51093342|0.31094244|0.18933889|0.11533749|0.070276607|0.042827232|0.026101915|0.015909323,,nan,False,372.93075729883105,960.6057946341069,1584.6046400421233,2560.019474753609,978.5122783355423,1349.9065640218955,1687.4005029574678,2185.7857776562096,2498.2214540863934,3959.9567857851325,5504.470344435847,7918.628675187077,1.6748228829443006e-07,8.228852576985632e-13,0.004185686908093214,,True
HYP_CENTER_K0p00165,DECISION_GRADE_PHYSICAL_SCREEN,STEP_ON_OFF,12,7977601715.724738,38400000000.0,726534806.8612314,45651066908.86343,0.0,8.392333984375e-05,1.80956618581023e-15,0.24087708910910552,80.12400378620747,2.5275004804209376,0.8666666666666667,0.8433637209469419,0.10034062614118275,0.5400143958332287,0.0940368324864555,0.5432906544903489,0.09285444397996026,0.6831003265507104,0.01162726121184457,0.06770833333333333,0.11742083333333334,0.7964646842896349,0.8155742484090255,0.9024357350178183,1.6532051|0.98731662|3.4673254|4.5647054|5.1963619|5.5781242|2.9433815|1.7533224|1.0652958|0.64917267|0.39574484|0.24125493,1.6378112|0.99164633|2.838901|3.8953137|4.5297761|4.9143205|2.9118182|1.761685|1.0703773|0.65128382|0.39656504|0.24156875,1.6007444|0.99075822|1.9655786|2.9491976|3.5798369|3.9651417|2.8373459|1.7597778|1.0721046|0.6521695|0.39692346|0.24170718,,nan,False,372.93075729883105,960.6057946341069,1584.6046400421233,2560.019474753609,978.5122783355423,1349.9065640218955,1687.4005029574678,2185.7857776562096,2498.2214540863934,3959.9567857851325,5504.470344435847,7918.628675187077,1.6748228829443006e-07,8.228852576985632e-13,0.004185686908093214,,True
HYP_CENTER_K0p00165,DECISION_GRADE_PHYSICAL_SCREEN,ALTERNATING_BINARY,12,7977601715.724738,57600000000.0,6047590533.80299,59530011181.921776,0.0,-2.288818359375e-05,3.490244076471263e-16,1.6838958872183047,78.33030537039181,3.290392590857607,1.0,0.8211411611361153,0.09795565095063527,0.7532076114663742,0.010966908669661265,0.7542461530612334,0.010566475773686265,0.7624208480937468,0.005485526325394927,0.0,0.11131666666666666,-0.9581937321818279,-0.9507882522257147,0.863225118633835,4.5204262|2.3190936|4.24175|2.1662782|4.1501212|2.1105416|4.1161476|2.0898289|4.1035201|2.0821309|4.0988274|2.0792703,3.8740106|2.2839761|3.6167904|2.1309485|3.5243003|2.0748114|3.4901674|2.0540375|3.4775166|2.0463306|3.4728204|2.0434686,2.9627327|2.2107307|2.7399144|2.0599162|2.6472575|2.0036217|2.613056|1.9828209|2.6003949|1.97511|2.5956972|1.9722475,,nan,False,372.93075729883105,960.6057946341069,1584.6046400421233,2560.019474753609,978.5122783355423,1349.9065640218955,1687.4005029574678,2185.7857776562096,2498.2214540863934,3959.9567857851325,5504.470344435847,7918.628675187077,1.6748228829443006e-07,8.228852576985632e-13,0.004185686908093214,,True
HYP_CENTER_K0p00165,DECISION_GRADE_PHYSICAL_SCREEN,FIXED_RANDOM,64,7977601715.724738,306282950400.0,11651486350.772861,302609065764.95264,0.0,-0.00079345703125,2.524838150726006e-15,0.8650857926890417,76.09336419527389,3.1342804422919968,1.0,0.8145723045970289,0.09724824323555122,0.7225452299281958,0.023980020892055476,0.7230673418270707,0.023657569556911843,0.7223548168218297,0.011549083453217812,0.0,0.104315625,0.6162283937797204,0.5761875290434186,0.9661409367431644,4.3965851|4.1061666|3.1718762|3.7316335|3.4424046|3.4362492|3.8395018|4.6258009|4.26137|2.6859365|4.0454363|2.518457|4.0236742|3.3558024|2.0473481|3.0369674|3.792032|4.7267037|3.855658|2.3962162|2.2378927|1.265394|2.7654151|1.6392894|1.1481905|2.8020968|2.129204|1.3541544|2.4509658|1.7452155|1.0832954|2.1484342|2.8418438|4.1332441|3.2569948|3.9957811|3.4857453|2.7283806|3.1279766|2.0785817|3.760311|3.3098177|2.73577|2.7077897|1.8536598|1.4695977|3.3689595|3.6349007|2.9528531|3.2928274|2.4964188|1.4656683|2.1317796|3.3577402|3.5448614|3.866314|2.9802522|3.4455403|1.9793698|3.3887587|4.3418722|3.7854497|4.7576068|4.5014411,3.7774247|3.6667921|2.9380489|3.2916034|3.0970637|3.0737313|3.383575|4.0315166|3.8245539|2.5805977|3.4978918|2.395567|3.454416|3.0411327|1.985652|2.6337802|3.2828947|4.0923506|3.5134541|2.3201113|2.0549474|1.2511558|2.3254163|1.5589794|1.101465|2.3312833|1.9396636|1.3053422|2.0852992|1.6151899|1.0544809|1.8166571|2.4366057|3.5228647|2.9710443|3.4985255|3.1548278|2.5309352|2.768063|1.9685217|3.1917068|2.969615|2.5109045|2.43559|1.7550639|1.376916|2.8069971|3.1713707|2.6979143|2.9152955|2.3133653|1.4432752|1.8569161|2.8487611|3.1114278|3.4045379|2.7509684|3.0435081|1.925415|2.9006604|3.7412579|3.4134691|4.1457729|4.0258921,2.9039057|3.0342578|2.5920125|2.6663653|2.5998717|2.5541228|2.734637|3.1883125|3.1945631|2.4122262|2.7271698|2.2049573|2.6539831|2.5843755|1.8828216|2.0663553|2.5625901|3.1931127|3.0132004|2.1943466|1.7910188|1.2219931|1.711578|1.4336172|1.0287051|1.6744134|1.6619725|1.2262154|1.5726165|1.4222908|1.0056859|1.3525637|1.8640538|2.6613181|2.5512319|2.7919118|2.675151|2.2394099|2.2565227|1.8006446|2.3945674|2.4784852|2.1817153|2.0449303|1.6052697|1.2403363|2.0225011|2.5109867|2.3242589|2.3767197|2.0427909|1.400157|1.4705306|2.1336157|2.4925702|2.7451029|2.4122858|2.4714777|1.8332044|2.2157824|2.8919123|2.8742075|3.2778996|3.3415962,0.99985054|0.92424861|0.27183441|0.29541238|-0.3762062|-0.28968893|-0.022899181|-0.082612276|-0.40220252|-0.51023259,2.4913459361269696,False,372.93075729883105,960.6057946341069,1584.6046400421233,2560.019474753609,978.5122783355423,1349.9065640218955,1687.4005029574678,2185.7857776562096,2498.2214540863934,3959.9567857851325,5504.470344435847,7918.628675187077,1.6748228829443006e-07,8.228852576985632e-13,0.004185686908093214,,True
HYP_CENTER_K0p0066,DECISION_GRADE_PHYSICAL_SCREEN,SINGLE_PULSE,12,994897920.6515288,9600000000.0,0.6438848915620806,10594897920.007654,0.0,-9.5367431640625e-06,9.001260073939477e-16,2.1379524962763173e-10,73.03972629622467,0.14301447488601685,0.05887083333333333,0.5604831030705508,0.06900693713624204,0.027124840134254858,0.013127718308221048,0.027543272115744255,0.012865654441069836,0.08978146329912243,0.011590682939785853,0.9130458333333333,0.0035083333333333334,1.0,0.9999953479655196,0.9993343234715055,0.8406608|0.089455662|0.011809862|0.0016198647|0.00022348692|3.0858251e-05|4.2610474e-06|5.8836737e-07|8.1239704e-08|1.1217075e-08|1.5487652e-09|2.1383959e-10,0.6628825|0.086973156|0.011863464|0.0016301333|0.00022449137|3.0947378e-05|4.2687864e-06|5.8903589e-07|8.129738e-08|1.122205e-08|1.5491942e-09|2.1387659e-10,0.41633695|0.082364145|0.011813514|0.0016331264|0.00022490317|3.0986127e-05|4.2721962e-06|5.8933138e-07|8.1322894e-08|1.1224251e-08|1.549384e-09|2.1389296e-10,,nan,False,70.47623610754289,193.87350309034505,343.6937846251772,586.4156510715318,209.98259774848495,290.0565273882673,368.5338835402938,489.98524371786544,1758.9863673280925,3216.7772952845366,4761.206417942788,7175.363309098385,1.732323098280427e-27,8.374720891835342e-53,0.002550171421408409,,True
HYP_CENTER_K0p0066,DECISION_GRADE_PHYSICAL_SCREEN,STEP_ON_OFF,12,994897920.6515288,38400000000.0,13779.50847909195,39394884141.143005,0.0,4.57763671875e-05,1.1619872014823318e-15,4.5656454125942605e-06,73.31460528429494,0.5294939303533143,0.2403875,0.5319112989438056,0.06572035281164568,0.10661286755083971,0.04622341590840527,0.10757080022207546,0.04524635646719735,0.1515157872649362,0.0178489473753722,0.6818166666666666,0.0146875,0.6639276720268888,0.6423569756820708,0.83113365647795,0.047897783|0.0063399049|0.79363296|0.8759988|0.88683526|0.88832081|0.095762736|0.012675276|0.0017392689|0.00023997387|3.3134841e-05|4.5753994e-06,0.04667128|0.0063694044|0.61708657|0.69693553|0.70781971|0.70931496|0.093309637|0.012734267|0.0017500623|0.00024102486|3.3228007e-05|4.5834873e-06,0.044354688|0.0063452316|0.37285921|0.44812194|0.45895438|0.46045238|0.088676413|0.012685918|0.0017532711|0.00024145689|3.3268535e-05|4.5870513e-06,,nan,False,70.47623610754289,193.87350309034505,343.6937846251772,586.4156510715318,209.98259774848495,290.0565273882673,368.5338835402938,489.98524371786544,1758.9863673280925,3216.7772952845366,4761.206417942788,7175.363309098385,1.732323098280427e-27,8.374720891835342e-53,0.002550171421408409,,True
HYP_CENTER_K0p0066,DECISION_GRADE_PHYSICAL_SCREEN,ALTERNATING_BINARY,12,994897920.6515288,57600000000.0,241399719.14485922,58353498201.506645,0.0,2.288818359375e-05,3.9061734734558103e-16,0.0512939433084649,73.03972629622467,0.7837047032049184,0.3294666666666667,0.5265520554348184,0.06510129855007507,0.15095905399534243,0.055401517142735675,0.15221656816777215,0.053240148736321234,0.16722198288217763,0.019726910569961363,0.5317875,0.02005,-0.9990636434511864,-0.99854836232367,-0.5074270789667513,0.8406608|0.089455662|0.80457288|0.084735622|0.80392642|0.08464645|0.80391411|0.08464475|0.80391387|0.084644717|0.80391387|0.084644716,0.6628825|0.086973156|0.62807469|0.082233885|0.62742383|0.082144276|0.62741148|0.082142573|0.62741125|0.08214254|0.62741124|0.08214254,0.41633695|0.082364145|0.38379577|0.07765204|0.38314373|0.077562254|0.38313136|0.077560549|0.38313112|0.077560517|0.38313112|0.077560516,,nan,False,70.47623610754289,193.87350309034505,343.6937846251772,586.4156510715318,209.98259774848495,290.0565273882673,368.5338835402938,489.98524371786544,1758.9863673280925,3216.7772952845366,4761.206417942788,7175.363309098385,1.732323098280427e-27,8.374720891835342e-53,0.002550171421408409,,True
HYP_CENTER_K0p0066,DECISION_GRADE_PHYSICAL_SCREEN,FIXED_RANDOM,64,994897920.6515288,306282950400.0,1453176607.0866988,305824671713.565,0.0,-0.0001220703125,3.9726362693290146e-16,0.019098450503518664,70.46973254573165,0.7694264941158243,0.37524296875,0.5207561519843086,0.06443088102335987,0.1581594441935025,0.04969599785607547,0.15914859722441704,0.047583380510857406,0.16185880099043315,0.022348240826471008,0.4673,0.01627890625,0.15014856036181262,0.14019379474446014,0.8768390818960734,0.80641978|0.59588109|0.33411531|0.58061832|0.46781741|0.48696608|0.6041206|0.78289061|0.59435723|0.17312098|0.70904057|0.19145885|0.73619625|0.43344331|0.10911834|0.52179451|0.66680961|0.8346616|0.47817118|0.13236249|0.24780922|0.034391995|0.55997095|0.12699419|0.073227812|0.59934242|0.26616419|0.082400142|0.46990384|0.18675873|0.052281787|0.42438829|0.52961088|0.79642424|0.40308221|0.6568148|0.45429965|0.28056558|0.47505553|0.16613634|0.73100154|0.46390828|0.31485497|0.36619991|0.14757594|0.13082168|0.71637473|0.61622505|0.35819224|0.50231454|0.26066712|0.049721379|0.35469753|0.65759443|0.57872623|0.61642458|0.32646031|0.53200626|0.099372574|0.62830584|0.78614139|0.5116351|0.80548359|0.64395696,0.63626711|0.47992443|0.27257505|0.45870137|0.37572023|0.38856598|0.47991263|0.62124852|0.47843|0.14738798|0.55527214|0.16333548|0.57683747|0.35199994|0.094324622|0.40826806|0.52897178|0.6627728|0.38922863|0.1134177|0.19582083|0.031893277|0.43621677|0.11005975|0.060054835|0.46750049|0.21906505|0.070034698|0.36721725|0.15474758|0.044890324|0.33114331|0.42029176|0.6301799|0.32994611|0.51951109|0.36682997|0.2279403|0.37541575|0.13903288|0.57205527|0.3755385|0.25485061|0.2915076|0.12244473|0.10505437|0.55964363|0.49358685|0.29159303|0.39833777|0.21314832|0.044438692|0.27699873|0.51836747|0.46347601|0.49150993|0.26681769|0.42077128|0.088341411|0.49094357|0.62387132|0.41420204|0.637255|0.51736018,0.40027029|0.31839143|0.18661168|0.28958643|0.24751033|0.2517927|0.3074133|0.39680098|0.31697057|0.11096096|0.34232157|0.1234429|0.35612399|0.23831043|0.073253285|0.25107469|0.3375694|0.4240606|0.26502511|0.086543941|0.1237231|0.028093166|0.26497678|0.085851464|0.041653613|0.28502056|0.15307349|0.052555786|0.22505578|0.10980972|0.034403716|0.20208429|0.26847486|0.39946756|0.22766128|0.32901246|0.24491556|0.15450791|0.23719183|0.10087751|0.35194895|0.25227349|0.17119517|0.18774638|0.087170057|0.069204646|0.34265222|0.32293601|0.19860103|0.25400537|0.14671451|0.036767649|0.16944904|0.32527633|0.30312626|0.31790247|0.18345232|0.26644246|0.072340398|0.30078875|0.39852234|0.27831918|0.40382553|0.34111177,0.99999998|0.99980608|0.9572962|0.16851212|0.34766029|0.073844763|0.16439253|-0.42775802|-0.42490857|-0.40565008,3.7115119690014593,False,70.47623610754289,193.87350309034505,343.6937846251772,586.4156510715318,209.98259774848495,290.0565273882673,368.5338835402938,489.98524371786544,1758.9863673280925,3216.7772952845366,4761.206417942788,7175.363309098385,1.732323098280427e-27,8.374720891835342e-53,0.002550171421408409,,True
